POA_CODE,STATE,Weighted average income,Weighted average IRSAD quartile,Mortgage percentage unaffordability,Rent percentage unaffordability,House,Semi-detached,Apartment,House percentage,Semi-detached percentrage,Apartment percentage,Owned outright percentage,Mortage percentage,Renting percentage
2000,NSW,137407.8528,2.288814691,38.91797557,42.4873905,43,365,15946,0.262932616,2.231869879,97.50519751,14.54081633,11.4268121,74.03237157
2007,NSW,111756.0947,2.258330471,27.92792793,41.53005464,3,427,3257,0.081366965,11.58123135,88.33740168,13.29206118,13.14639476,73.56154406
2008,NSW,111511.3333,2.246089447,27.14776632,50.937298,46,1147,4640,0.788616492,19.6639808,79.54740271,10.76342654,14.35863293,74.87794052
2009,NSW,153650.392,2.562781481,24.80874317,32.52336449,0,387,6530,0,5.594911089,94.40508891,18.41627316,18.2164911,63.36723574
2010,NSW,150102.0508,2.460428909,18.73071838,31.45796292,153,3982,12222,0.935379348,24.34431742,74.72030323,15.29438822,19.09690279,65.60870898
2011,NSW,135287.8899,2.304468996,23.03448276,35.46862266,43,1195,12030,0.324088031,9.006632499,90.66927947,18.36367273,15.90318064,65.73314663
2015,NSW,163400.5123,2.824035155,17.38865162,27.52895753,336,1732,4001,5.53633218,28.53847421,65.92519361,12.43295019,33.63984674,53.92720307
2016,NSW,136262.3744,2.394570599,15.3705398,31.17664761,97,1938,5084,1.36255092,27.22292457,71.41452451,15.06682868,20.88179136,64.05137997
2017,NSW,124328.7102,2.417920023,27.17927632,35.60153584,70,1290,16152,0.399725902,7.366377341,92.23389676,6.934912952,19.09268222,73.97240483
2018,NSW,121708.397,2.493709916,25.02691066,35.94195387,2175,380,6895,23.01587302,4.021164021,72.96296296,22.12010575,25.5948634,52.28503084
2019,NSW,139997.1821,2.714111922,22.70179372,35.05976096,1425,1115,3094,25.29286475,19.79055733,54.91657792,20.24175374,40.60643311,39.15181315
2020,NSW,131586.8962,2.57683714,28.40336134,36.65329242,1850,364,7300,19.44502838,3.825940719,76.7290309,16.49303376,24.91527551,58.59169072
2021,NSW,177736.358,2.821586238,23.45343304,34.2300885,540,3945,3381,6.864988558,50.1525553,42.98245614,26.92070349,25.28540574,47.79389077
2022,NSW,162688.8215,2.666546177,24.19659735,34.83459546,704,1636,4031,11.05007063,25.67885732,63.27107205,27.87456446,21.95121951,50.17421603
2023,NSW,193057.4836,3.056776105,27.00296736,41.24897288,1508,191,2957,32.38831615,4.102233677,63.50945017,36.37739657,29.33905146,34.28355197
2024,NSW,183928.1693,2.954740353,23.06182532,30.7642903,1173,985,2590,24.70513901,20.74557709,54.54928391,29.5970696,28.74236874,41.66056166
2025,NSW,180386.5346,2.892173329,24.024961,35.23908524,618,1100,1893,17.11437275,30.46247577,52.42315148,37.52187609,25.48127406,36.99684984
2026,NSW,172200.1247,2.775662313,22.68573699,32.6441014,1453,2331,12622,8.856515909,14.20821651,76.93526759,20.30886873,21.66579204,58.02533923
2027,NSW,180871.1836,2.738910724,23.83512545,39.7047397,404,491,3774,8.652816449,10.51617049,80.83101306,40.34837236,18.53226728,41.11936037
2028,NSW,176895.8876,2.830348728,25,34.88095238,337,226,2027,13.01158301,8.725868726,78.26254826,35.36526367,19.8838897,44.75084664
2029,NSW,167055.0288,2.798647633,23.90776699,43.68253968,924,399,3309,19.94818653,8.613989637,71.43782383,31.35330579,24.48347107,44.16322314
2030,NSW,199357.0588,3.144823336,29.83630952,47.30656219,2892,515,2073,52.77372263,9.397810219,37.82846715,42.12982605,33.55960967,24.31056428
2031,NSW,160293.0898,2.805672192,18.71186441,30.90142672,2283,2592,10635,14.71953578,16.71179884,68.56866538,25.13677584,24.72457468,50.13864948
2032,NSW,118110.7961,2.40201005,21.83173589,41.37803979,2054,1148,3185,32.15907312,17.97400971,49.86691718,25.75091575,19.04761905,55.2014652
2033,NSW,136119.2808,2.584101382,22.75862069,40.27149321,994,367,4128,18.10894516,6.686099472,75.20495537,24.9301676,18.83147114,56.23836127
2034,NSW,167204.5313,2.774209246,20.50128535,27.26124305,1568,1034,7144,16.08865175,10.60948081,73.30186743,24.19533851,21.81526699,53.9893945
2035,NSW,138338.9459,2.586621315,20.77131258,36.66666667,4856,2878,7104,32.72678259,19.39614503,47.87707238,31.6722382,25.83378683,42.49397497
2036,NSW,128110.9198,2.528240315,23.85752688,42.13286713,4640,2285,6817,33.76509969,16.62785621,49.6070441,28.0061402,28.7054409,43.2884189
2037,NSW,135386.1215,2.441525537,22.69991402,35.68425969,392,3852,4754,4.356523672,42.80951323,52.8339631,19.23286181,17.35582155,63.41131665
2038,NSW,169605.3255,2.881589404,15.90271282,33.46855984,968,1991,1416,22.12571429,45.50857143,32.36571429,26.11244338,31.06847855,42.81907807
2039,NSW,184609.9588,2.9432703,15.44865865,26.2962963,972,1593,1483,24.01185771,39.3527668,36.63537549,26.54494382,32.89325843,40.56179775
2040,NSW,165380.3352,2.851696833,14.82944345,32.23704623,3972,2966,3132,39.44389275,29.45382324,31.10228401,25.71298198,34.45128907,39.83572895
2041,NSW,183852.9802,2.907282742,17.68665851,30.31197302,1636,3234,2790,21.35770235,42.21932115,36.4229765,32.24760729,28.20314912,39.54924359
2042,NSW,148029.3202,2.642839627,14.75498115,34.64808692,701,4667,3841,7.61211858,50.6786839,41.70919752,17.88406872,25.0525275,57.06340378
2043,NSW,171238.3094,2.910517013,15.46242775,21.71806167,167,1751,3239,3.238316851,33.95384914,62.80783401,12.92471686,33.02242949,54.05285365
2044,NSW,153761.6932,2.813784382,16.00361664,27.9047619,1446,1256,834,40.89366516,35.52036199,23.58597285,24.65709729,37.9585327,37.38437002
2045,NSW,170177.8234,2.856433409,18.82911392,35.07246377,1874,289,196,79.44044086,12.25095379,8.308605341,50.59578368,31.71402383,17.69019248
2046,NSW,151335.7805,2.724427265,22.38178634,33.47368421,5224,1445,5016,44.70688917,12.36628156,42.92682927,35.14239141,30.38642248,34.47118612
2047,NSW,167381.3556,2.843520782,19.22773838,30.11536126,1614,601,3394,28.77518274,10.71492245,60.50989481,34.28335399,28.9756299,36.74101611
2048,NSW,157407.0625,2.789102564,14.65116279,32.62357414,636,1376,1476,18.23394495,39.44954128,42.31651376,23.94411956,29.85705003,46.19883041
2049,NSW,145445.9545,2.700610597,14.41827266,33.75796178,1365,1240,3181,23.59142758,21.43104044,54.97753197,19.67863519,29.95437413,50.36699068
2050,NSW,144851.7937,2.660246914,19.65116279,34.90077653,139,1024,3712,2.851282051,21.00512821,76.14358974,14.75491416,23.28937547,61.95571038
2060,NSW,160629.9544,2.715858417,21.98391421,27.14955706,772,1418,6705,8.679033165,15.94154019,75.37942664,24.58970006,17.2467459,58.16355405
2061,NSW,161764.5906,2.575844487,25.60240964,34.43746431,126,162,3982,2.950819672,3.793911007,93.25526932,25.91757888,12.23438506,61.84803606
2062,NSW,175391.9005,2.936268068,18.82951654,29.27439533,826,519,2138,23.71518806,14.90094746,61.38386448,29.47019868,28.31125828,42.21854305
2063,NSW,208991.1938,3.158165653,25.95155709,40.10282776,1707,150,468,73.41935484,6.451612903,20.12903226,49.19354839,30.55028463,20.25616698
2064,NSW,151925.4437,2.850705004,19.73333333,31.87978786,870,363,2848,21.31830434,8.894878706,69.78681696,25.44229149,23.53271553,51.02499298
2065,NSW,168436.0565,2.877322635,19.36720997,26.12893642,2838,1936,11502,17.43671664,11.89481445,70.66846891,24.69399374,24.32393965,50.98206661
2066,NSW,170797.0542,3.028840222,18.3570224,29.90323342,5522,886,8025,38.2595441,6.138709901,55.601746,28.75519649,35.8302612,35.41454232
2067,NSW,139981.3423,2.740168539,30.99730458,41.16603857,3414,511,7728,29.29717669,4.385136875,66.31768643,28.03988077,21.53355946,50.42655977
2068,NSW,189780.7344,3.085651661,20.05494505,35.78251286,4391,612,1434,68.21500699,9.507534566,22.27745844,39.75102319,34.9420191,25.30695771
2069,NSW,192703.7964,3.215718718,24.52574526,34.25531915,3935,177,1181,74.34347251,3.344039297,22.31248819,42.54914394,35.15113084,22.29972522
2070,NSW,178494.7316,3.139627926,25.84657913,38.18342152,3235,184,2155,58.03731611,3.301040545,38.66164334,40.76986755,33.67135762,25.55877483
2071,NSW,174802.8286,3.170747704,30.64275037,38.90608875,3160,157,1797,61.79116152,3.070003911,35.13883457,41.98882682,34.41340782,23.59776536
2072,NSW,159070.7717,3.061442006,29.87312572,40.43355325,1573,132,1781,45.12335055,3.786574871,51.09007458,32.79416429,30.95464637,36.25118934
2073,NSW,193290.5186,3.340204338,24.2248062,35.5801105,4735,170,1167,77.98089592,2.799736495,19.21936759,39.66175668,42.33496999,18.00327332
2074,NSW,177142.636,3.13513176,21.6146789,37.93706294,6122,388,2217,70.15010886,4.44597227,25.40391887,44.52402657,39.27594739,16.20002605
2075,NSW,175401.4337,3.178409559,27.16049383,41.45873321,5381,543,1882,68.93415322,6.956187548,24.10965924,42.77561247,41.53674833,15.6876392
2076,NSW,174011.5521,3.151341463,21.8948778,37.42236025,6700,711,1473,75.41647906,8.003151733,16.5803692,39.78033077,42.33051382,17.88915541
2077,NSW,126643.1219,2.789769885,20.81474297,36.29692833,6665,834,10110,37.84996309,4.736214436,57.41382248,24.54672245,35.62824902,39.82502853
2079,NSW,148836.5582,3.055576418,17.54684838,33.17865429,2330,107,380,82.71210508,3.798367057,13.48952787,33.63567649,48.60166289,17.76266062
2080,NSW,146299.5134,3.003442341,16.60377358,39.0625,588,27,0,95.6097561,4.390243902,0,38.00350263,49.38704028,12.60945709
2081,NSW,154603.3002,3.10570944,14.70967742,37.25490196,1752,87,11,94.7027027,4.702702703,0.594594595,38.85096701,49.26052332,11.88850967
2082,NSW,148155.3954,3.008156607,14.68005019,38.88888889,1865,88,25,94.28715875,4.448938322,1.263902932,41.53424658,47.67123288,10.79452055
2083,NSW,128429.1896,2.622613803,16.59192825,38.58267717,875,4,34,95.83789704,0.438116101,3.723986857,41.07946027,38.23088456,20.68965517
2084,NSW,168338.6364,2.993282955,20.10309278,32.53012048,1126,43,74,90.58728882,3.459372486,5.953338697,46.6553768,37.34123624,16.00338696
2085,NSW,164299.2729,3.012983572,17.14890614,50.43227666,3275,304,423,81.83408296,7.596201899,10.56971514,45.85164835,43.24175824,10.90659341
2086,NSW,176604.6486,3.157247037,17.44122471,40,4231,195,164,92.17864924,4.248366013,3.572984749,37.32443012,46.78793461,15.88763528
2087,NSW,169749.5437,3.001859168,15.98079561,46.48729447,3845,481,262,83.80557977,10.48387097,5.710549259,43.48139256,38.58343337,17.93517407
2088,NSW,180593.9608,2.91459816,24.57142857,38.10455689,4440,1549,7251,33.5347432,11.69939577,54.76586103,39.52768442,26.36653105,34.10578454
2089,NSW,159057.3774,2.759373251,16.81243926,29.57534761,537,612,5255,8.385384135,9.556527171,82.05808869,25.4147813,21.21040724,53.37481146
2090,NSW,164872.0113,2.814308943,19.02478018,31.95876289,1141,737,5309,15.87588702,10.25462641,73.86948657,31.15858669,22.71158587,46.12982744
2092,NSW,211352.6441,3.283318623,20,43.125,2118,204,137,86.13257422,8.296055307,5.571370476,39.39937248,44.06095921,16.53966831
2093,NSW,178442.723,3.008960573,18.39942837,40.12316438,4740,1003,3259,52.65496556,11.14196845,36.20306599,34.60980913,37.61778207,27.77240879
2094,NSW,186445.046,2.993734336,16.38065523,32.12435233,683,589,1421,25.36204976,21.87151875,52.76643149,34.27487352,30.18549747,35.53962901
2095,NSW,181698.846,2.805467626,18.79496403,30.53802224,870,919,6809,10.11863224,10.68853222,79.19283554,28.67550634,18.38845986,52.9360338
2096,NSW,173847.0485,2.958426772,16.67648792,33.82862803,2485,293,3704,38.33693305,4.520209812,57.14285714,29.18342368,32.94282217,37.87375415
2097,NSW,163058.4046,2.931111111,18.66666667,41.37323944,3710,200,1945,63.3646456,3.41588386,33.21947054,37.49289907,39.36754403,23.1395569
2099,NSW,136335.4959,2.629481335,19.88962004,42.98417215,6928,1213,9764,38.69310249,6.774643954,54.53225356,27.47540565,33.52497764,38.99961671
2100,NSW,163301.8837,2.932684284,16.86791072,42.35751295,5606,552,1524,72.97578756,7.185628743,19.8385837,32.92613636,43.15340909,23.92045455
2101,NSW,141306.6365,2.707614352,21.76671547,43.14582196,4149,883,2982,51.77189918,11.01821812,37.20988271,36.72159837,33.84862185,29.42977979
2102,NSW,153375.7611,2.976701183,21.29547471,45.63758389,1503,746,671,51.47260274,25.54794521,22.97945205,33.307633,47.87972244,18.81264456
2103,NSW,145143.3825,2.734863774,20.9280303,44.93116395,2254,725,1377,51.74471993,16.64370983,31.61157025,46.43041904,30.83290222,22.73667874
2104,NSW,140288.369,2.617340287,23.02839117,47.52475248,952,416,399,53.87662705,23.54272779,22.58064516,60.62091503,30.22875817,9.150326797
2105,NSW,163742.3716,3.021768707,22.98387097,51.47058824,893,13,19,96.54054054,1.405405405,2.054054054,51.55615697,39.24221922,9.201623816
2106,NSW,157479.1932,2.900643717,20.89686099,44.48818898,2481,305,1125,63.43646126,7.798517003,28.76502173,40.55040719,36.22577928,23.22381354
2107,NSW,163262.2499,3.026802567,23.66962306,51.66666667,5147,210,640,85.82624646,3.501750875,10.67200267,46.76626324,39.16414523,14.06959153
2108,NSW,175054.7775,2.893371758,34.96503497,58.82352941,1202,8,116,90.64856712,0.60331825,8.74811463,58.56573705,25.49800797,15.93625498
2110,NSW,191711.3535,3.061384278,25.96259626,46.26623377,2462,428,754,67.56311745,11.7453348,20.69154775,44.75298676,33.54859541,21.69841782
2111,NSW,151244.0523,2.798471047,19.06354515,37.1825587,2997,898,2992,43.51677073,13.0390591,43.44417018,30.15455442,32.83459388,37.01085169
2112,NSW,131025.8966,2.732433755,26.34503663,39.00670654,6540,1613,8040,40.3878219,9.9610943,49.6510838,26.29703535,31.49942987,42.20353478
2113,NSW,132781.8036,2.751702611,24.74074074,36.64233577,3929,1221,7310,31.5329053,9.799357945,58.66773676,22.15183799,28.36164699,49.48651502
2114,NSW,128056.5885,2.733217533,24.66517857,35.50204918,4160,913,5887,37.95620438,8.330291971,53.71350365,26.30213737,30.52500519,43.17285744
2115,NSW,122071.7096,2.593691149,28.26603325,34.59232614,2821,1031,914,59.19009652,21.63239614,19.17750734,22.33611442,33.6352801,44.02860548
2116,NSW,115084.3873,2.563948841,25.25906736,38.46153846,1465,921,441,51.82171914,32.57870534,15.59957552,22.38866397,34.65587045,42.95546559
2117,NSW,116952.154,2.663390011,30.14925373,41.64025357,4389,2798,1369,51.2973352,32.70219729,16.00046751,27.31217792,35.31326282,37.37455926
2118,NSW,126836.0008,2.931068931,31.56732892,38.30093593,5588,1234,3256,55.44750943,12.24449295,32.30799762,31.35872655,34.69016487,33.95110858
2119,NSW,179204.1911,3.1994077,19.97008227,36.1952862,3600,227,510,83.00668665,5.234032742,11.75928061,45.57246196,38.26390621,16.16363183
2120,NSW,156969.0496,3.078326029,15.18700416,35.55045872,5915,879,775,78.14770776,11.61315894,10.23913331,37.58273381,42.02877698,20.38848921
2121,NSW,142846.7258,3.005352137,28.79499218,33.34910123,6120,1176,5776,46.81762546,8.996328029,44.18604651,30.17583175,30.69298397,39.13118428
2122,NSW,120865.6365,2.721760129,29.09482759,42.06128134,5309,3731,3450,42.5060048,29.87189752,27.62209768,31.20678529,28.94809625,39.84511847
2125,NSW,179604.1805,3.274390244,21.70582227,33.9100346,4970,372,176,90.06886553,6.741573034,3.189561435,45.07370054,42.31962762,12.60667184
2126,NSW,167917.4553,3.267814927,19.42130644,27.37361282,4986,1117,102,80.35455278,18.0016116,1.643835616,40.72468793,43.9667129,15.30859917
2127,NSW,123770.4939,2.746978324,30.05483208,39.23264999,787,357,10924,6.521378853,2.958236659,90.52038449,11.10887907,31.90036159,56.99075934
2128,NSW,109326.2243,2.600253807,28.0155642,40.11299435,279,185,460,30.19480519,20.02164502,49.78354978,13.43669251,36.43410853,50.12919897
2130,NSW,143682.4438,2.778207608,15.57788945,32.82653766,661,572,2329,18.55699045,16.05839416,65.38461538,21.44484217,28.1483892,50.40676863
2131,NSW,116063.4838,2.501789394,21.26556017,34.53302961,2211,764,7641,20.8270535,7.19668425,71.97626225,23.35881295,23.65107914,52.99010791
2132,NSW,138006.6834,2.74904943,22.01745878,35.90504451,2164,683,1132,54.385524,17.16511686,28.44935914,36.35077793,32.5884017,31.06082037
2133,NSW,119759.5654,2.548582996,24.30243024,44.60492778,2029,1192,1137,46.55805415,27.35199633,26.08994952,34.99614297,32.1933659,32.81049113
2134,NSW,106592.814,2.321814904,35.71428571,46.10745614,1563,686,5449,20.30397506,8.91140556,70.78461938,20.66841214,17.49576467,61.83582319
2135,NSW,144301.1479,2.669210897,31.21420389,33.35278669,4235,447,5172,42.97747108,4.536228943,52.48629998,29.76548406,24.38965725,45.84485869
2136,NSW,121618.6702,2.638165138,28.53535354,42.78787879,1426,606,979,47.35968117,20.12620392,32.51411491,31.89493433,33.92120075,34.18386492
2137,NSW,149029.9782,2.762099922,25.49019608,34.61290323,4778,1093,5418,42.32438657,9.681991319,47.99362211,37.72425414,28.84329468,33.43245118
2138,NSW,136032.4703,2.793263647,32.11856171,36.82857143,1989,494,6417,22.34831461,5.550561798,72.1011236,20.52885242,30.02474925,49.44639833
2140,NSW,118161.0119,2.648309562,26.10641472,31.26066813,784,299,7913,8.714984438,3.323699422,87.96131614,10.18791946,29.54362416,60.26845638
2141,NSW,110395.3535,2.474964098,32.31966054,41.20267261,5178,1812,5029,43.08178717,15.07612946,41.84208337,24.57751294,30.99540881,44.42707825
2142,NSW,95782.78162,2.251068136,28.70662461,36.93294977,3923,1184,5934,35.53120188,10.72366633,53.74513178,17.47382952,24.81306799,57.7131025
2143,NSW,102350.052,2.353121801,25.87776333,45.38676608,2207,227,870,66.79782082,6.870460048,26.33171913,28.60610264,29.99306519,41.40083218
2144,NSW,97631.97721,2.199962936,35.7400722,38.90141422,5279,1276,6250,41.22608356,9.964857478,48.80905896,22.89915966,24.48433919,52.61650115
2145,NSW,122387.2257,2.686754219,21.23337364,29.50240189,15864,6182,10620,48.56425641,18.92487602,32.51086757,23.56162409,33.2168462,43.2215297
2146,NSW,121899.7979,2.693194379,17.75200714,32.36060448,4343,1408,1265,61.9013683,20.06841505,18.03021665,26.41843972,39.73243069,33.84912959
2147,NSW,114363.9592,2.534819382,17.7688868,34.27707532,12226,1012,762,87.32857143,7.228571429,5.442857143,29.82131359,37.79781069,32.38087572
2148,NSW,106318.1365,2.464367291,21.99909407,33.49294045,17314,3927,3553,69.83141083,15.83850932,14.33007986,23.95978777,34.56669459,41.47351764
2150,NSW,119410.3506,2.590915816,24.22561258,25.85669782,1240,846,14191,7.618111446,5.19751797,87.18437058,9.78017048,17.95274413,72.26708539
2151,NSW,120825.364,2.66932323,23.19587629,36.57484235,3732,1173,3798,42.88176491,13.478111,43.6401241,25.0334314,31.47900508,43.48756352
2152,NSW,119611.6972,2.635671435,19.54022989,36.66158537,2313,919,1664,47.24264706,18.77042484,33.9869281,28.00492611,37.31527094,34.67980296
2153,NSW,149910.6658,3.019297305,20.12241775,31.97703445,16247,2549,3380,73.26388889,11.49440837,15.24170274,35.0094782,43.49995011,21.49057169
2154,NSW,155145.9524,3.072735555,21.72918573,34.94318182,10268,1624,2443,71.62888036,11.32891524,17.04220439,36.81458003,39.01743265,24.16798732
2155,NSW,170547.6586,3.304922557,20.05157963,30.07736944,19321,1679,3059,80.30674592,6.978677418,12.71457667,20.02618392,54.58444314,25.38937294
2156,NSW,168890.3839,3.090735889,20.42704626,43.89438944,3766,595,88,84.64823556,13.37379186,1.977972578,49.39979123,41.80584551,8.794363257
2157,NSW,156264.1097,3.019039735,25.10822511,40.58823529,1294,3,15,98.62804878,0.228658537,1.143292683,40.5982906,43.93162393,15.47008547
2158,NSW,159241.9151,3.021177315,23.23232323,37.74647887,2468,245,248,83.35021952,8.274231678,8.375548801,47.56415024,37.59761993,14.83822983
2159,NSW,150613.1047,2.938256659,23.10606061,34.25414365,1582,78,128,88.4787472,4.362416107,7.158836689,47.84288474,38.57050869,13.58660657
2160,NSW,95174.21719,2.233127297,30.64916637,46.8879668,6727,2019,5547,47.06499685,14.12579584,38.8092073,24.01821775,27.73051474,48.25126751
2161,NSW,88862.38885,2.150470868,34.79308959,50.03868971,6798,1880,2801,59.22118651,16.37773325,24.40108023,23.19209939,30.48741637,46.32048423
2162,NSW,92262.42756,2.203250612,32.3867478,50.62468766,4775,907,959,71.90182201,13.65758169,14.4405963,29.16291629,30.78307831,40.0540054
2163,NSW,72588.0228,1.844051447,35.8044164,45.11873351,2161,223,1304,58.59544469,6.046637744,35.35791757,19.2563081,23.73837981,57.00531208
2164,NSW,93853.76263,2.131386861,28.59801489,54.08921933,5740,736,528,81.95316962,10.50828098,7.5385494,33.10553083,29.40241577,37.4920534
2165,NSW,82728.48766,1.926201503,32.9787234,58.20920502,8730,2240,3970,58.43373494,14.99330656,26.5729585,26.46899014,23.12349608,50.40751378
2166,NSW,87990.11648,2.027001026,28.10763381,48.67433717,10141,3117,4347,57.60295371,17.70519739,24.69184891,30.59647269,25.42440055,43.97912676
2167,NSW,119026.5474,2.746342982,18.95695364,29.84031936,2374,1018,73,68.51370851,29.37950938,2.106782107,22.89156627,42.42232086,34.68611287
2168,NSW,91180.64609,2.123483841,31.27392017,47.02549575,11525,1407,1600,79.30773465,9.682080925,11.01018442,25.66237093,33.17858,41.15904907
2170,NSW,99714.77313,2.33807501,25.46449118,46.84323763,23277,5539,12480,56.36623402,13.41292135,30.22084463,23.65148787,34.19089272,42.15761942
2171,NSW,137076.8325,2.967452738,25.49707602,43.45434543,10146,663,61,93.33946642,6.099356026,0.561177553,23.15007429,56.93907875,19.91084695
2172,NSW,180848.1414,3.260820046,15.73333333,18.57142857,870,37,8,95.08196721,4.043715847,0.87431694,33.64485981,49.64953271,16.70560748
2173,NSW,142557.7417,2.957811776,17.88154897,29.62655602,4149,397,20,90.86727989,8.694699956,0.438020149,23.71375117,45.06548176,31.22076707
2174,NSW,145915.1054,3.203903904,25.72732459,36.58536585,3037,268,476,80.32266596,7.088071939,12.5892621,8.346024977,58.93999391,32.71398111
2175,NSW,138005.2394,2.547206166,31.93277311,38.27160494,589,0,12,98.00332779,0,1.996672213,54.83870968,27.21774194,17.94354839
2176,NSW,107426.6571,2.359565522,27.0123839,54.09930716,13751,1070,482,89.85819774,6.992093054,3.149709207,41.58033864,31.42101879,26.99864257
2177,NSW,101519.4882,2.277616279,25.27312454,53.73831776,4246,683,328,80.76849914,12.99220088,6.239299981,32.00593095,32.91675492,35.07731413
2178,NSW,142187.6552,2.668463612,29.6,46.02272727,1199,24,26,95.99679744,1.92153723,2.081665332,50.33112583,28.38221381,21.28666036
2179,NSW,126160.9783,2.898077321,27.98206278,43.30434783,4960,157,81,95.42131589,3.020392459,1.558291651,21.05375427,52.11177474,26.83447099
2190,NSW,98391.91885,2.374374916,36.84461392,53.07621671,5406,2425,677,63.54019746,28.5025858,7.957216737,31.67667179,34.41295547,33.91037275
2191,NSW,111471.6975,2.417242969,27.60736196,49.00990099,1568,565,264,65.41510221,23.57113058,11.01376721,33.08128544,35.39697543,31.52173913
2192,NSW,94660.52782,2.230801777,30.60156931,46.72395274,2343,499,2751,41.89165028,8.921866619,49.1864831,27.64333987,27.35993024,44.99672989
2193,NSW,125302.873,2.595991561,19.27054981,37.40883741,3292,612,3528,44.2949408,8.234660926,47.47039828,30.5314451,31.11009593,38.35845896
2194,NSW,93199.28866,2.200044653,33.6165693,41.60583942,2161,1067,7362,20.40604344,10.07554297,69.5184136,21.08928979,23.85247773,55.05823247
2195,NSW,80360.86915,2.163072266,32.45924876,49.79728118,2390,406,6661,25.27228508,4.29311621,70.43459871,20.67678847,20.41945445,58.90375708
2196,NSW,96248.07486,2.313559322,34.01264933,50.6122449,6482,1962,2886,57.2109444,17.3168579,25.47219771,29.94939585,33.22317464,36.82742952
2197,NSW,96537.10207,2.271255061,34.98727735,54.52322738,2218,628,306,70.3680203,19.92385787,9.708121827,31.12958066,34.15187004,34.7185493
2198,NSW,108220.7446,2.538177794,31.56146179,56.18448637,2580,340,84,85.88548602,11.31824234,2.796271638,40.85411943,39.26681784,19.87906274
2199,NSW,93957.99,2.260777009,32.14977405,53.75328084,4147,941,1337,64.54474708,14.6459144,20.80933852,28.58449159,32.0226774,39.39283102
2200,NSW,90278.12958,2.258541347,32.2290032,52.72177419,6271,2465,8039,37.38301043,14.69448584,47.92250373,25.30129074,27.78292805,46.91578122
2203,NSW,131531.2503,2.634702431,14.92439185,34.69230769,1854,703,4087,27.90487658,10.58097532,61.5141481,25.36305302,27.65957447,46.97737251
2204,NSW,134141.898,2.604131135,16.25139457,32.94683877,3664,2146,5951,31.15381345,18.24674773,50.59943882,24.31421446,27.89180894,47.7939766
2205,NSW,123360.8293,2.586287165,25.38130622,35.99208965,2251,582,8288,20.24098552,5.233342325,74.52567215,16.19201726,30.46386192,53.34412082
2206,NSW,134419.1114,2.643040265,22.2107438,39.32496075,5748,671,874,78.81530234,9.200603318,11.98409434,45.04753143,33.36399877,21.58846979
2207,NSW,121363.5669,2.584291394,24.20512821,43.55514193,6080,2242,1888,59.54946131,21.95886386,18.49167483,38.42105263,35.51535088,26.06359649
2208,NSW,120311.565,2.507134503,27.05984389,43.78698225,3797,377,460,81.93785067,8.135520069,9.926629262,42.15428708,31.19178409,26.65392883
2209,NSW,109607.5962,2.433872153,25.81560284,40.47619048,3600,1053,1343,60.04002668,17.56170781,22.39826551,34.14634146,29.83114447,36.02251407
2210,NSW,111007.5441,2.436470284,25.030012,41.22562674,7193,2000,3672,55.91138749,15.54605519,28.54255733,31.61415244,33.00475268,35.38109488
2211,NSW,117044.2592,2.544303797,23.7398374,40.96774194,4456,1548,550,67.98901434,23.61916387,8.391821788,34.91052994,35.220234,29.86923606
2212,NSW,116850.1003,2.518625157,21.71012735,38.28306265,3914,1722,432,64.50230719,28.37837838,7.119314436,30.52400147,34.29827776,35.17772078
2213,NSW,127535.1729,2.645710627,22.59845418,38.3583691,5947,2007,457,70.70502913,23.8616098,5.433361075,34.1015625,39.0625,26.8359375
2214,NSW,124447.8319,2.709145427,20.73394495,45.58823529,1320,74,3,94.48818898,5.29706514,0.214745884,42.76970161,46.36572303,10.86457536
2216,NSW,110433.2254,2.38704112,26.77939442,38.53836784,3874,789,7372,32.18944744,6.555878687,61.25467387,28.52404643,27.72412448,43.75182909
2217,NSW,116141.5199,2.517650381,26.19222304,36.73469388,3983,1294,6898,32.71457906,10.62833676,56.65708419,29.71648246,29.23594426,41.04757328
2218,NSW,111334.3823,2.489339752,24.35197817,38,2314,356,3789,35.82597925,5.511689116,58.66233163,29.98245614,28.35087719,41.66666667
2219,NSW,120151.2945,2.476842303,28.04532578,42.86728176,2648,1536,1798,44.26613173,25.67703109,30.05683718,40.38831219,30.37293349,29.23875433
2220,NSW,111085.0184,2.482666667,36.44292757,37.27369542,4191,1036,7571,32.74730427,8.095014846,59.15768089,26.25454545,26.85454545,46.89090909
2221,NSW,144741.3846,2.83360821,31.23929183,44.85049834,4441,784,755,74.26421405,13.11036789,12.62541806,43.18607263,37.77611382,19.03781355
2222,NSW,114336.46,2.521957614,24.38443209,34.83502538,2002,654,2435,39.32429778,12.84619918,47.82950304,31.06515455,31.19857683,37.73626862
2223,NSW,140900.1996,2.76008354,19.21005386,32.91626564,4615,1167,2544,55.42877732,14.01633437,30.5548883,38.20135296,32.33850643,29.4601406
2224,NSW,133108.5983,2.688675549,28.17337461,42.17687075,3614,1352,710,63.67159972,23.81959126,12.50880902,43.75126595,36.2163257,20.03240835
2225,NSW,177269.4689,3.145308924,15.0431566,34.55882353,1498,290,41,81.90267906,15.85565883,2.24166211,39.97682503,51.50637312,8.516801854
2226,NSW,151564.9316,2.876469284,13.23448655,35.53421369,3323,848,683,68.45900288,17.47012773,14.07086939,35.3046595,44.26523297,20.43010753
2227,NSW,144014.153,2.777249451,17.08203531,37.68248175,3624,1014,1199,62.08668837,17.37193764,20.54137399,37.96672828,39.53789279,22.49537893
2228,NSW,124728.4968,2.565239231,23.42454395,36.43138974,3926,1424,3414,44.79689639,16.24828845,38.95481515,32.18615565,35.15838874,32.65545561
2229,NSW,141600.6419,2.696449026,20.3972088,37.95205201,6484,2874,3130,51.92184497,23.01409353,25.0640615,38.27495701,37.55996018,24.16508281
2230,NSW,140532.3659,2.644486843,21.18138425,36.85019206,5388,1065,7967,37.36477115,7.385575589,55.24965326,35.99357688,30.37334404,33.63307908
2231,NSW,124990.9511,2.723964868,27.00296736,47.27272727,796,47,6,93.7573616,5.535924617,0.706713781,34.78818999,48.13863928,17.07317073
2232,NSW,129848.5138,2.687537048,16.40971489,36.26216371,7293,1815,5685,49.30034476,12.26931657,38.43033867,32.22020294,39.11858246,28.6612146
2233,NSW,137378.1456,2.813985737,14.83796296,39.43014706,8512,817,1191,80.91254753,7.766159696,11.32129278,40.16791422,47.92636051,11.90572527
2234,NSW,157093.9482,3.043856953,17.05388038,36.28938156,8703,1219,252,85.54157657,11.98152153,2.476901907,43.9448876,46.24469077,9.810421631
2250,NSW,104183.5364,2.444831419,16.45937464,41.90197123,20405,4318,5297,67.97135243,14.38374417,17.6449034,31.42525174,36.91711851,31.65762974
2251,NSW,113786.8661,2.574437644,14.6839702,43.26465927,12101,1628,1068,81.78009056,11.00223018,7.217679259,42.51426653,39.73648875,17.74924471
2256,NSW,90749.4182,2.115071735,19.14498141,48.43674844,5777,1806,478,71.6660464,22.40416822,5.929785386,37.95225942,27.54841615,34.49932443
2257,NSW,97541.26973,2.231572134,17.96697961,51.96759259,10869,2547,1165,74.54221247,17.46793773,7.989849805,40.48877147,28.51717305,30.99405548
2258,NSW,118705.9578,2.683233206,15.58823529,35.54216867,1608,356,17,81.17112569,17.97072186,0.858152448,36.73012318,42.55319149,20.71668533
2259,NSW,98006.04549,2.322318989,16.1652151,43.13156941,23580,1791,672,90.54256422,6.877087893,2.580347886,35.66995892,37.47050083,26.85954025
2260,NSW,135883.5576,2.806476232,15.69191435,38.34319527,8179,853,1897,74.83758807,7.804922683,17.35748925,39.52914798,39.36098655,21.10986547
2261,NSW,95497.4169,2.263457975,15.92644538,48.83181737,17414,4158,3546,69.32876821,16.55386575,14.11736603,34.97464899,35.00390016,30.02145086
2262,NSW,84621.99411,2.089526185,19.09980431,46.47467726,8539,193,221,95.37585167,2.155701999,2.468446331,35.79825559,36.29124005,27.91050436
2263,NSW,78337.72711,1.954011447,17.3013245,51.6959799,8936,1240,1279,78.00960279,10.82496726,11.16542994,35.54939982,28.14199241,36.30860778
2264,NSW,89359.24448,2.222115538,17.05128205,41.79714091,6525,556,137,90.39900249,7.70296481,1.898032696,43.58632193,29.22435363,27.18932444
2265,NSW,103378.4081,2.562071592,14.53974895,43.35378323,2444,315,129,84.62603878,10.90720222,4.466759003,32.9197684,44.16873449,22.91149711
2267,NSW,93496.79412,2.291666667,20.38216561,55.94713656,1229,89,82,87.78571429,6.357142857,5.857142857,46.99828473,31.30360206,21.69811321
2278,NSW,111283.2283,2.449026346,14.10891089,42.26804124,921,4,6,98.92588614,0.429645542,0.644468314,35.92677346,52.74599542,11.32723112
2280,NSW,106295.7523,2.390980317,13.51918465,45.3125,9005,1331,928,79.94495739,11.81640625,8.238636364,41.55300078,35.84372564,22.60327358
2281,NSW,96877.00244,2.25074331,15.78947368,46.48972603,5756,702,691,80.51475731,9.819555183,9.665687509,46.48812532,31.37948459,22.1323901
2282,NSW,117593.7699,2.591328264,11.17021277,40.79348932,5091,1107,415,76.98472705,16.73975503,6.275517919,47.01492537,34.97512438,18.00995025
2283,NSW,97578.98511,2.292576419,15.13299784,41.59067882,9113,954,366,87.34783859,9.144062111,3.5080993,41.79331307,34.29222753,23.9144594
2284,NSW,100726.3737,2.331504537,13.58255452,39.46188341,4472,552,139,86.61630835,10.69145845,2.692233198,33.94176445,38.72229465,27.3359409
2285,NSW,106507.0545,2.474663403,12.53046304,38.32011536,11652,913,508,89.13026849,6.983859864,3.885871644,29.34456304,45.17178119,25.48365577
2286,NSW,100286.2861,2.352071006,14.60992908,38.78326996,1755,41,9,97.2299169,2.271468144,0.498614958,32.66832918,49.3765586,17.95511222
2287,NSW,105863.9289,2.472956486,12.78403478,38.72329856,13305,2108,501,83.60563026,13.24619832,3.148171421,29.68141347,38.99554814,31.3230384
2289,NSW,125961.7148,2.707851573,9.316770186,32.87342531,6714,788,503,83.87257964,9.843847595,6.283572767,35.86085066,38.87756489,25.26158445
2290,NSW,110295.2608,2.468268359,12.52516216,38.29934324,11552,2016,771,80.56349815,14.05955785,5.376943999,37.31617647,37.85232843,24.8314951
2291,NSW,147606.2868,2.799414348,13.25219743,33.20337882,3744,1184,1160,61.49802891,19.44809461,19.05387648,37.13758079,30.98799631,31.8744229
2292,NSW,104995.83,2.464186047,14.1955836,37.59590793,904,176,147,73.67563162,14.34392828,11.9804401,26.1682243,32.61682243,41.21495327
2293,NSW,117570.8448,2.533869886,12.99019608,32.8525641,651,526,540,37.91496797,30.63482819,31.45020384,25.72196105,29.21423774,45.06380121
2294,NSW,105781.54,2.430913349,11.31221719,35.1744186,595,301,93,60.16177958,30.43478261,9.403437816,23.88758782,29.85948478,46.2529274
2295,NSW,100884.9552,2.307668426,14.44308446,33.16129032,3235,172,221,89.16758545,4.740904079,6.091510474,43.59379943,28.47200253,27.93419804
2296,NSW,106494.7196,2.529801325,13.49206349,35.54987212,566,304,145,55.7635468,29.95073892,14.28571429,20.64372919,31.63152053,47.72475028
2297,NSW,119023.3033,2.684671533,7.234042553,38.04878049,640,55,58,84.99335989,7.304116866,7.70252324,25.85949178,39.16292975,34.97757848
2298,NSW,99341.81957,2.356362713,12.62309758,37.0741483,3173,589,608,72.60869565,13.47826087,13.91304348,24.32432432,32.01663202,43.65904366
2299,NSW,100611.3486,2.296419835,12.26765799,41.0326087,3502,838,699,69.49791625,16.63028379,13.87179996,27.35466426,26.79134745,45.85398828
2300,NSW,124885.3229,2.484624846,18.32829809,34.75304223,797,1722,4719,11.0113291,23.79110251,65.19756839,25.71829012,19.5865452,54.69516468
2302,NSW,104086.9939,2.318120805,16.15384615,40.32697548,3,13,937,0.314795383,1.364113326,98.32109129,25.86445367,18.53388658,55.60165975
2303,NSW,114966.5271,2.389804717,11.28266033,36.79945982,2667,859,1131,57.26862787,18.44535108,24.28602104,32.41219008,24.48347107,43.10433884
2304,NSW,97707.04152,2.334689407,12.87995878,37.48917749,5235,1304,482,74.5620282,18.57285287,6.865118929,25.40489044,33.9314068,40.66370276
2305,NSW,126153.2206,2.631810897,10.23672425,36.82946357,4345,661,412,80.19564415,12.20007383,7.604282023,36.76975945,35.395189,27.83505155
2306,NSW,56985.52058,1.334872979,19.56521739,36.30363036,1149,269,147,73.41853035,17.1884984,9.392971246,7.734375,11.40625,80.859375
2307,NSW,83849.88175,2.110810811,14.25855513,40,1394,603,54,67.96684544,29.40029254,2.632862019,27.18786464,33.19719953,39.61493582
2308,NSW,#DIV/0!,#DIV/0!,,,0,0,0,#DIV/0!,#DIV/0!,#DIV/0!,#DIV/0!,#DIV/0!,#DIV/0!
2311,NSW,94555.9955,2.190340909,23.52941176,27.27272727,416,0,3,99.28400955,0,0.715990453,56.26822157,29.15451895,14.57725948
2312,NSW,80078.46255,2.142322097,18.18181818,44.7761194,619,6,0,99.04,0.96,0,48.9010989,37.17948718,13.91941392
2315,NSW,90511.37259,2.196781389,17.24137931,48.0706344,5170,2413,1958,54.18719212,25.29085002,20.52195787,47.94342383,24.12615835,27.93041782
2316,NSW,88319.69894,2.227680312,15.27559055,41.09947644,2668,384,14,87.01891716,12.52446184,0.456621005,54.0166205,28.84843688,17.13494262
2317,NSW,84151.22514,2.104663581,21.4028777,50.52631579,2013,1008,472,57.6295448,28.85771543,13.51273977,52.10643016,24.05764967,23.83592018
2318,NSW,109645.1841,2.576699029,15.16919487,32.9531052,4879,201,17,95.7229743,3.943496174,0.333529527,37.2600349,43.06282723,19.67713787
2319,NSW,75797.80008,2.00867679,17.87296898,50.07518797,2902,250,23,91.4015748,7.874015748,0.724409449,44.2455243,28.82718305,26.92729266
2320,NSW,111131.4301,2.462311921,13.35984095,39.47841727,13580,1328,271,89.4657092,8.748929442,1.785361355,30.26237771,42.26208123,27.47554106
2321,NSW,114035.5582,2.577586207,10.52631579,32.8320802,6774,618,54,90.97502015,8.299758259,0.725221595,29.46802152,43.85833831,26.67364017
2322,NSW,106889.8828,2.406677487,12.38853503,35.36055604,8644,497,78,93.76288101,5.391040243,0.84607875,28.48257247,41.34491257,30.17251496
2323,NSW,99844.68818,2.302151076,12.36910995,44.2209342,8874,1496,533,81.390443,13.72099422,4.888562781,31.91424196,34.84430832,33.24144972
2324,NSW,84539.68183,2.076617017,17.05952857,48.97631473,10135,1427,239,85.88255233,12.09219558,2.025252097,39.9682035,30.11128776,29.92050874
2325,NSW,90897.52566,2.115502082,14.57013575,46.82060391,11139,1223,191,88.73576038,9.74269099,1.521548634,35.08261359,35.73976718,29.17761923
2326,NSW,88802.06236,2.070916905,14.91053678,48.88059701,2928,93,23,96.1892247,3.055190539,0.755584757,36.5603227,41.91419142,21.52548588
2327,NSW,79644.37465,1.94654498,12.61930011,50.27808676,2854,392,139,84.31314623,11.58050222,4.106351551,32.18656963,35.09758518,32.71584519
2328,NSW,103189.1674,2.206860707,12.86764706,33.33333333,970,107,41,86.76207513,9.570661896,3.66726297,38.95089286,35.49107143,25.55803571
2329,NSW,83119.75384,2.108949416,10.38961039,28.27586207,1004,37,4,96.07655502,3.540669856,0.38277512,48.34254144,26.38121547,25.27624309
2330,NSW,117384.0303,2.4041485,12.00764818,34.83516484,7573,775,320,87.3673281,8.940932164,3.691739732,31.86065136,40.29631607,27.84303257
2331,NSW,#DIV/0!,#DIV/0!,,,0,0,0,#DIV/0!,#DIV/0!,#DIV/0!,#DIV/0!,#DIV/0!,#DIV/0!
2333,NSW,102926.5725,2.176120587,10.26878015,34.71720818,5229,809,45,85.96087457,13.29935887,0.739766563,28.02066773,33.84340223,38.13593005
2334,NSW,110113.1222,2.456125109,14.20560748,34.43396226,1217,54,0,95.75137687,4.248623131,0,25.45931759,54.15573053,20.38495188
2335,NSW,126437.6795,2.685923218,13.81355932,28.98305085,2864,204,13,92.9568322,6.621226874,0.421940928,26.58088235,49.33823529,24.08088235
2336,NSW,97814.54233,2.125367287,8.833922261,34.67336683,1087,62,3,94.35763889,5.381944444,0.260416667,40.51282051,35.07692308,24.41025641
2337,NSW,101716.9074,2.297886179,11.44444444,32.62711864,3214,406,40,87.81420765,11.09289617,1.092896175,35.98901099,35.33653846,28.67445055
2338,NSW,68629.48897,2.070325901,17.21854305,28.125,775,13,0,98.35025381,1.649746193,0,48.69109948,31.06457243,20.2443281
2339,NSW,76963.04054,2.199203187,21.15384615,16.12903226,342,25,0,93.1880109,6.811989101,0,54.1322314,27.27272727,18.59504132
2340,NSW,95345.24316,2.255398285,11.62704994,36.19840326,19094,2656,502,85.80801726,11.93600575,2.255976991,32.74921912,32.129811,35.12096988
2341,NSW,68864.07836,1.644844517,14.61538462,35.97122302,695,9,14,96.79665738,1.253481894,1.949860724,50.16949153,24.40677966,25.42372881
2342,NSW,100968.9935,2.537974684,29.41176471,21.73913043,214,6,0,97.27272727,2.727272727,0,42.66666667,39.33333333,18
2343,NSW,84739.97345,2.056519306,12.67217631,32.51833741,2200,73,34,95.36194192,3.164282618,1.473775466,46.02609727,26.03795967,27.93594306
2344,NSW,107524.0991,2.63671875,10.25641026,28.125,297,0,0,100,0,0,42.56198347,42.56198347,14.87603306
2345,NSW,94213.132,2.358490566,9.183673469,25,303,0,0,100,0,0,41.31274131,47.87644788,10.81081081
2346,NSW,77773.68934,1.923593619,12.31884058,44.53441296,1401,52,0,96.42119752,3.578802478,0,46.34361233,28.72246696,24.9339207
2347,NSW,60308.38271,1.806733167,17.14285714,25.58139535,1038,12,12,97.74011299,1.129943503,1.129943503,57.39014647,21.30492676,21.30492676
2350,NSW,95676.32443,2.405931512,11.40422078,39.1180203,9546,1421,614,82.42811502,12.27009757,5.30178741,34.63297983,28.71698898,36.65003119
2352,NSW,93473.54603,2.270718232,11.91135734,38.46153846,1176,37,10,96.15699101,3.025347506,0.817661488,39.26897844,37.58200562,23.14901593
2353,NSW,91387.2824,2.242206235,15.48387097,38.18181818,432,0,35,92.50535332,0,7.494646681,40.29126214,42.96116505,16.74757282
2354,NSW,83731.34287,2.197924388,20.72727273,31.03448276,1769,3,49,97.14442614,0.164744646,2.690829215,52.8698464,26.03071948,21.09943411
2355,NSW,70812.631,1.996031746,23.72881356,45.45454545,356,0,0,100,0,0,60.58091286,27.80082988,11.61825726
2356,NSW,57370.55263,1.543478261,0,0,69,0,0,100,0,0,59.09090909,27.27272727,13.63636364
2357,NSW,76088.77739,2.008953168,13.53135314,26.44067797,1853,6,70,96.06013478,0.311041991,3.628823224,49.96539792,24.84429066,25.19031142
2358,NSW,82469.98066,2.175271739,11.75059952,35.47297297,1642,76,19,94.53080023,4.375359816,1.093839954,44.24028269,32.43816254,23.32155477
2359,NSW,67780.07639,1.948275862,16.98113208,25,311,0,0,100,0,0,56.30630631,28.37837838,15.31531532
2360,NSW,79967.77556,2.038057267,12.16122307,36.21399177,5887,598,76,89.72717574,9.114464258,1.158360006,38.75954554,29.91246042,31.32799404
2361,NSW,64339.8209,1.866847826,11.47540984,45.45454545,471,9,0,98.125,1.875,0,56.6572238,24.92917847,18.41359773
2365,NSW,78609.08398,2.126647145,16.60649819,34.95934959,1722,33,26,96.68725435,1.852891634,1.459854015,49.84227129,26.34069401,23.8170347
2369,NSW,64582.69048,1.672839506,18.05555556,34.54545455,373,0,0,100,0,0,53.50318471,27.07006369,19.42675159
2370,NSW,70818.99503,1.920553233,14.41578149,42.58760108,3515,222,84,91.99162523,5.809997383,2.198377388,46.48774023,25.67925779,27.83300199
2371,NSW,55031.05324,1.765182186,20.45454545,39.58333333,707,0,9,98.74301676,0,1.25698324,64.27104723,21.97125257,13.75770021
2372,NSW,68150.87736,1.925256473,17.97468354,44.31818182,2493,45,103,94.3960621,1.703900038,3.900037864,56.54345654,22.17782218,21.27872128
2379,NSW,79214.02632,2.446808511,18.75,30.76923077,140,4,3,95.23809524,2.721088435,2.040816327,54.65116279,29.06976744,16.27906977
2380,NSW,102432.6867,2.232563912,11.29848229,34.26443203,4211,552,116,86.30866981,11.31379381,2.37753638,33.74841169,34.58703939,31.66454892
2381,NSW,88313.06193,2.123620309,13,31.08108108,623,0,0,100,0,0,50,27.72511848,22.27488152
2382,NSW,101864.1717,2.033596838,5.102040816,23.01587302,657,50,0,92.92786421,7.072135785,0,39.5010395,25.36382536,35.13513514
2386,NSW,87848.92941,2.212765957,21.42857143,0,152,0,0,100,0,0,46.91358025,24.69135802,28.39506173
2387,NSW,97565.62712,2.440677966,0,0,101,0,0,100,0,0,49.09090909,14.54545455,36.36363636
2388,NSW,84715.92411,2.061997704,11.04972376,28.05429864,1065,97,11,90.79283887,8.269394714,0.937766411,39.95157385,26.99757869,33.05084746
2390,NSW,101285.1776,2.22606727,9.422850412,34.21052632,3297,472,40,86.55815175,12.39170386,1.050144395,36.00525624,32.49014455,31.50459921
2395,NSW,60024.80866,1.798013245,18.18181818,27.27272727,428,3,0,99.30394432,0.696055684,0,56.78571429,26.07142857,17.14285714
2396,NSW,66228.59636,1.901273885,8.620689655,13.7254902,354,7,10,95.41778976,1.886792453,2.69541779,53.17725753,23.41137124,23.41137124
2397,NSW,86619.7381,2.257425743,0,16.66666667,155,0,0,100,0,0,48.80952381,25,26.19047619
2398,NSW,141396.2083,2.677419355,0,0,89,0,0,100,0,0,48.97959184,32.65306122,18.36734694
2399,NSW,113091.8912,2.196808511,6.52173913,23.80952381,232,25,0,90.27237354,9.727626459,0,48.02259887,32.20338983,19.7740113
2400,NSW,101872.7149,2.186746988,9.957325747,26.24481328,3654,702,147,81.14590273,15.58960693,3.26449034,34.07051282,26.37820513,39.55128205
2401,NSW,88098.44737,2.242718447,37.93103448,0,113,0,0,100,0,0,47.6635514,28.97196262,23.36448598
2402,NSW,70066.66981,1.863033873,14.70588235,31.14754098,788,19,10,96.4504284,2.325581395,1.223990208,54.07066052,24.7311828,21.19815668
2403,NSW,69709.76977,2.153191489,19.23076923,29.62962963,315,3,0,99.05660377,0.943396226,0,56.39810427,28.43601896,15.16587678
2404,NSW,63131.99547,1.829846583,20.90909091,33.33333333,863,26,0,97.07536558,2.924634421,0,61.49425287,19.39655172,19.1091954
2405,NSW,85890.75877,2.1640625,0,0,270,0,3,98.9010989,0,1.098901099,52.94117647,26.05042017,21.00840336
2408,NSW,119673.3807,2.709677419,0,0,160,0,0,100,0,0,54.16666667,13.88888889,31.94444444
2409,NSW,85111.60208,1.797709924,20.68965517,26.92307692,404,0,11,97.34939759,0,2.65060241,34.18803419,12.82051282,52.99145299
2410,NSW,64879.95977,2.202380952,16.66666667,27.27272727,134,0,0,100,0,0,54.54545455,30.3030303,15.15151515
2411,NSW,134260.6111,2.970588235,0,,46,0,0,100,0,0,32,36,32
2415,NSW,91356.15044,2.171428571,20,45.45454545,194,0,0,100,0,0,46.37681159,33.33333333,20.28985507
2420,NSW,87452.43443,2.181195517,18.20224719,43.72759857,1829,58,4,96.72131148,3.067160233,0.211528292,47.2611465,31.71974522,21.01910828
2421,NSW,117845.6731,2.650141643,19.57295374,23.52941176,811,5,0,99.3872549,0.612745098,0,40.71942446,48.48920863,10.79136691
2422,NSW,73282.74007,1.952936097,18.64801865,44.94117647,2718,102,65,94.21143847,3.535528596,2.253032929,56.39130435,21.82608696,21.7826087
2423,NSW,76453.01297,2.00466563,18.44660194,44.31818182,1725,15,11,98.51513421,0.856653341,0.62821245,53.60744763,29.32505818,17.06749418
2424,NSW,69864.03226,2.005847953,31.81818182,50,230,0,0,100,0,0,60.2484472,28.57142857,11.18012422
2425,NSW,92887.52,2.3,19.44444444,34.21052632,909,9,5,98.48320693,0.975081257,0.541711809,44.68704512,41.92139738,13.3915575
2426,NSW,75304.205,2.03257329,17.24137931,54.76190476,352,0,5,98.59943978,0,1.400560224,48.45360825,36.08247423,15.46391753
2427,NSW,65149.01684,1.767055931,19.7044335,58.55513308,1663,169,103,85.94315245,8.733850129,5.322997416,66.50396583,15.07016473,18.42586943
2428,NSW,73050.86589,1.903752039,20.34676186,53.65755627,9481,2176,3096,64.26489528,14.74954247,20.98556226,53.01305193,20.58687402,26.40007405
2429,NSW,75806.34156,2.064765458,18.48484848,47.71929825,4185,109,69,95.92023837,2.498280999,1.581480633,51.45736856,31.0814492,17.46118224
2430,NSW,76844.97148,2.027854767,16.40359022,50.32088681,14015,1515,1006,84.75447508,9.161828737,6.083696178,45.60687433,26.45900465,27.93412102
2431,NSW,74616.14599,1.920661157,16.11479029,54.01174168,2466,168,614,75.92364532,5.172413793,18.90394089,55.66929134,19.92125984,24.40944882
2439,NSW,81076.35542,2.153895275,19.19191919,45.29411765,1737,16,8,98.63713799,0.908574673,0.454287337,57.32966277,29.59394357,13.07639367
2440,NSW,75735.92982,1.989008275,16.9599218,49.09399773,8835,215,515,92.36800836,2.247778359,5.384213278,44.74737369,29.50225113,25.75037519
2441,NSW,78831.86304,2.160556258,20.861678,56.30630631,1934,5,21,98.67346939,0.255102041,1.071428571,48.81486227,33.82447149,17.36066624
2443,NSW,65749.93799,1.849465104,17.72151899,58.58585859,3463,671,288,78.31298055,15.17412935,6.512890095,58.37852495,19.95661605,21.664859
2444,NSW,89922.03327,2.206941307,15.00103885,49.65070711,15411,4230,4038,65.08298492,17.86393006,17.05308501,40.88970442,26.40349137,32.70680421
2445,NSW,90413.36884,2.306328234,12.5170068,50.78299776,3012,130,88,93.25077399,4.024767802,2.724458204,53.2308767,29.06042613,17.70869717
2446,NSW,87927.64674,2.228349371,17.5879397,49.47965941,5505,404,61,92.21105528,6.767169179,1.021775544,43.72753075,34.21002838,22.06244087
2447,NSW,75264.54735,2.068815039,18.78453039,51.48305085,3249,132,77,93.95604396,3.817235396,2.226720648,52.82447882,28.58103564,18.59448554
2448,NSW,68162.43085,1.882710053,16.82368775,55.38752363,3769,510,492,78.9981136,10.6895829,10.3123035,49.42780618,20.62332603,29.94886779
2449,NSW,68801.34115,1.932919255,21.07843137,41.40625,928,31,16,95.17948718,3.179487179,1.641025641,49.80793854,28.93725992,21.25480154
2450,NSW,92521.87515,2.272055059,15.2026287,51.23444195,14265,2575,3006,71.87846417,12.97490678,15.14662904,38.19072313,30.00288101,31.80639585
2452,NSW,82944.82789,2.153960642,16.71845867,50.2676978,4894,1126,779,71.9811737,16.56125901,11.45756729,37.24020443,30.3407155,32.41908007
2453,NSW,69693.00938,2.068201194,21.56862745,46.80851064,1462,27,12,97.40173218,1.798800799,0.799467022,58.47089487,21.63336229,19.89574283
2454,NSW,86006.57964,2.433482296,18.00766284,51.91570881,3297,118,27,95.78733295,3.428239396,0.784427658,47.80504666,31.07500864,21.11994469
2455,NSW,75630.47414,2.003753754,22.35294118,57.46031746,1240,92,195,81.20497708,6.024885396,12.77013752,50.89094797,20.95509622,28.15395581
2456,NSW,91453.05258,2.324868232,17.34273956,45.67548249,6512,481,161,91.02599944,6.723511322,2.250489237,43.91208096,30.72422517,25.36369386
2460,NSW,77836.31081,2.040197951,15.40707103,46.48318043,11502,719,819,88.20552147,5.513803681,6.280674847,42.46284501,31.27211607,26.26503892
2462,NSW,70405.61738,1.919843597,16.49484536,51.41242938,1344,24,45,95.11677282,1.6985138,3.184713376,56.20853081,22.8436019,20.9478673
2463,NSW,76842.16868,2.105904405,17.07317073,47.8976234,3453,130,67,94.60273973,3.561643836,1.835616438,51.5743073,28.6209068,19.80478589
2464,NSW,81248.041,2.034425687,17.26190476,52.23463687,2921,740,543,69.48144624,17.60228354,12.91627022,52.88791758,19.16952857,27.94255386
2465,NSW,70912.41532,2.0625,20,52.5,156,0,0,100,0,0,44.09448819,26.77165354,29.13385827
2466,NSW,60343.90022,1.637971698,15.90909091,55.89519651,842,208,90,73.85964912,18.24561404,7.894736842,58.28933474,11.40443506,30.3062302
2469,NSW,63133.71547,1.859430605,22.49240122,42.99065421,2090,8,3,99.47643979,0.380771061,0.142789148,58.53808354,24.38574939,17.07616708
2470,NSW,75540.13215,1.956325039,14.67254408,44.52717796,5815,433,317,88.57578065,6.595582635,4.82863671,40.80357143,32.08928571,27.10714286
2471,NSW,87926.78926,2.215707965,18.36065574,35.24590164,1046,34,0,96.85185185,3.148148148,0,45.12471655,38.43537415,16.4399093
2472,NSW,80595.80484,2.137042062,20.51282051,45.65217391,751,41,7,93.99249061,5.131414268,0.876095119,40.58988764,37.92134831,21.48876404
2473,NSW,74842.3776,1.91672649,17.78846154,52.57009346,1034,576,148,58.81683732,32.76450512,8.418657565,49.29292929,16.63299663,34.07407407
2474,NSW,70693.56762,1.996143463,17.59581882,50.32397408,3021,14,101,96.33290816,0.446428571,3.220663265,52.16872264,26.66136092,21.16991643
2475,NSW,59245.82099,1.757575758,9.090909091,35.29411765,212,0,0,100,0,0,54.03726708,21.11801242,24.8447205
2476,NSW,62012.21829,1.909859155,18.03278689,32.14285714,448,4,3,98.46153846,0.879120879,0.659340659,54.48916409,24.76780186,20.74303406
2477,NSW,95840.58766,2.389772498,17.27343145,42.74509804,4510,748,162,83.2103321,13.80073801,2.988929889,45.5321808,30.76442408,23.70339513
2478,NSW,95679.45265,2.324784314,18.25585341,47.49082007,9429,3677,1009,66.80127524,26.0503011,7.148423663,43.00048552,26.98656741,30.01294708
2479,NSW,131266.8599,2.830721003,23.29020333,49.03381643,2256,37,30,97.11579854,1.592767972,1.291433491,41.08858058,33.77801494,25.13340448
2480,NSW,87249.11487,2.293937677,15.57768924,45.38124856,16890,2027,1055,84.56839575,10.14920889,5.282395353,39.23206311,32.73592019,28.0320167
2481,NSW,118789.6231,2.594278555,27.75024777,55.61569689,4343,1353,778,67.08371949,20.89898054,12.01729997,37.19399301,25.4268669,37.37914009
2482,NSW,88368.68797,2.424329897,27.14535902,61.34453782,2785,82,109,93.58198925,2.755376344,3.662634409,42.94068505,28.69674185,28.3625731
2483,NSW,91859.02816,2.445060018,22.5974026,57.79816514,4361,347,496,83.80092237,6.667947733,9.5311299,39.43400603,31.26884714,29.29714683
2484,NSW,82967.0692,2.267304758,21.64741336,53.96825397,7469,271,675,88.75816993,3.220439691,8.021390374,43.09653394,33.2139788,23.68948725
2485,NSW,76570.7985,1.961498593,21.74871418,55.28414756,2821,2146,3247,34.34380326,26.12612613,39.53007061,42.19852831,23.47199279,34.3294789
2486,NSW,86260.61558,2.179280056,19.2008879,51.46871009,9245,3832,968,65.8241367,27.28373087,6.892132431,45.81864787,32.54565844,21.63569369
2487,NSW,106632.0016,2.414685684,20.21428571,47.34411085,4217,1012,1303,64.55909369,15.49295775,19.94794856,45.4278813,28.12284334,26.44927536
2488,NSW,99897.60673,2.407466243,20.81218274,49.86072423,949,410,189,61.30490956,26.48578811,12.20930233,31.09177215,35.68037975,33.2278481
2489,NSW,93010.60587,2.42842031,17.39631336,54.92957746,2367,571,280,73.55500311,17.74394034,8.701056557,42.09049456,34.72465801,23.18484742
2490,NSW,111273.4605,2.658227848,21.42857143,51.51515152,263,0,0,100,0,0,35.84070796,49.11504425,15.04424779
2500,NSW,104354.9657,2.37385334,16.28619154,39.41672067,6862,2153,11409,33.59772816,10.54151978,55.86075206,28.06148886,22.64379066,49.29472048
2502,NSW,77074.60071,1.897291441,22.85418821,46.62658651,4013,499,804,75.48908954,9.38675696,15.1241535,38.46325167,24.20935412,37.32739421
2505,NSW,88482.72849,2.075037519,14.10526316,48.30371567,1681,149,436,74.18358341,6.575463372,19.24095322,38.97096281,26.33723892,34.69179827
2506,NSW,81617.92368,1.964949176,19.29307806,40.36885246,2767,85,300,87.78553299,2.696700508,9.517766497,32.67646005,28.34109638,38.98244357
2508,NSW,146025.9947,2.928851175,14.26470588,34.28571429,2812,106,370,85.52311436,3.223844282,11.25304136,34.07728181,50.43304464,15.48967355
2515,NSW,150430.5302,2.943008935,13.81818182,32.67605634,3726,473,474,79.73464584,10.12197732,10.14337685,42.88503783,37.90578472,19.20917745
2516,NSW,142201.4859,2.794029851,13.84790011,38.63134658,2000,247,270,79.45967422,9.813269766,10.72705602,35.41576907,43.08487721,21.49935373
2517,NSW,115390.6785,2.518568405,13.57519017,40.36300778,3573,970,1069,63.66714184,17.28439059,19.04846757,37.97220591,37.01311411,25.01467998
2518,NSW,98313.49465,2.230692327,13.42315369,41.10452187,4951,2577,1215,56.62815967,29.47500858,13.89683175,32.60422028,28.74420998,38.65156974
2519,NSW,109960.9897,2.433571755,16.40435835,39.82589771,4845,1402,905,67.74328859,19.60290828,12.65380313,40.25312548,28.16792715,31.57894737
2525,NSW,124669.5472,2.709171736,13.71911573,40.54834055,3683,466,208,84.53064035,10.69543264,4.773927014,41.80347371,40.28075184,17.91577445
2526,NSW,117936.0607,2.587829685,13.25940212,38.96523848,5451,428,315,88.0045205,6.909912819,5.085566677,35.75211864,40.11299435,24.13488701
2527,NSW,108577.1852,2.497829716,16.46420264,42.00477327,8077,1409,76,84.4697762,14.735411,0.794812801,30.54176072,48.4537246,21.00451467
2528,NSW,80946.91013,1.92251945,18.27801828,46.07944732,8150,1079,963,79.96467818,10.58673469,9.448587127,39.23622477,25.39007092,35.37370431
2529,NSW,114642.9779,2.5158583,16.95835848,41.05173876,8462,1997,623,76.35805811,18.02021296,5.62172893,37.19585162,37.13601915,25.66812924
2530,NSW,101496.0898,2.366082803,16.48374842,43.37589785,11683,1431,273,87.27123329,10.68947486,2.03929185,35.6442066,42.13897673,22.21681667
2533,NSW,115894.4856,2.619652821,16,43.83020731,5508,1206,956,71.81225554,15.72359844,12.46414602,49.86436892,31.80149992,18.33413116
2534,NSW,122810.0902,2.694218825,12.71028037,34.80662983,2388,374,137,82.37323215,12.90100034,4.725767506,49.24793789,30.61620573,20.13585638
2535,NSW,103734.5466,2.373749621,19.57446809,41.5274463,3287,446,45,87.00370566,11.80518793,1.191106406,58.7922403,26.00125156,15.20650814
2536,NSW,80666.89555,2.055220239,19.57446809,46.33493847,9219,1183,1265,79.01774235,10.13971029,10.84254736,47.98269059,24.19498536,27.82232404
2537,NSW,84381.90595,2.202228097,16.54197839,41.12359551,6838,648,105,90.08035832,8.536424713,1.383216967,53.51413293,26.47058824,20.01527884
2538,NSW,93325.21829,2.419739696,19.4214876,46.95652174,1045,41,24,94.14414414,3.693693694,2.162162162,55.97765363,30.39106145,13.63128492
2539,NSW,80076.54679,2.103880597,20.14549524,51.15979381,11252,756,320,91.27190136,6.13238157,2.595717067,54.65663217,24.62370649,20.71966134
2541,NSW,81304.84993,2.08599646,17.72575251,47.83567687,10139,1612,465,82.99770792,13.19580878,3.806483301,33.18793855,28.62696757,38.18509387
2545,NSW,83176.24936,2.143851508,21.27659574,43.10344828,610,0,5,99.18699187,0,0.81300813,57.31132075,27.83018868,14.85849057
2546,NSW,73005.96559,2.012898687,19.75967957,49.54248366,4946,447,454,84.59038823,7.644946126,7.76466564,58.73423634,20.2241943,21.04156936
2548,NSW,84578.54869,2.164511692,17.3455979,44.3021767,3150,815,766,66.58211795,17.22680194,16.19108011,50.15164047,24.51061483,25.33774469
2549,NSW,85846.3449,2.256541161,14.78873239,38.5,1726,182,30,89.06088751,9.391124871,1.547987616,53.92535393,31.85328185,14.22136422
2550,NSW,82537.20731,2.22237217,16.60859466,38.83661249,7375,434,126,92.94265911,5.469439193,1.587901701,49.71690895,29.96174445,20.3213466
2551,NSW,71559.70548,1.850736278,19.69111969,47.63231198,1562,212,74,84.52380952,11.47186147,4.004329004,49.01960784,20.89249493,30.08789723
2555,NSW,80408.32353,2.020408163,100,53.84615385,68,0,0,100,0,0,45.09803922,15.68627451,39.21568627
2556,NSW,122643.8871,2.536549708,23.61111111,48.7394958,777,5,7,98.47908745,0.633713561,0.887198986,50.83713851,26.94063927,22.22222222
2557,NSW,138528.9528,3.021308725,23.31329325,34.79707252,6219,157,33,97.03541894,2.449680137,0.514900921,15.80826109,56.00883903,28.18289988
2558,NSW,110259.9668,2.532559456,19.77186312,35.95988539,3477,274,26,92.05718824,7.254434737,0.688377019,26.81740126,51.03033772,22.15226102
2559,NSW,76255.86508,1.903030303,43.28358209,34.23799582,472,534,26,45.73643411,51.74418605,2.519379845,4.337050805,27.13754647,68.52540273
2560,NSW,99541.28742,2.325327747,21.87120292,38.74310915,23623,3709,3447,76.75038175,12.05042399,11.19919426,24.96829541,37.82170832,37.20999627
2563,NSW,126099.5,2.295454545,0,37.5,96,0,4,96,0,4,26.66666667,24.44444444,48.88888889
2564,NSW,86384.45331,2.167210973,26.33504023,38.76852908,3588,1502,68,69.56184568,29.11981388,1.318340442,22.10409745,34.13067553,43.76522702
2565,NSW,119574.9467,2.77845965,26.48609779,38.11919505,8051,2072,544,75.47576638,19.42439299,5.09984063,21.25065686,48.87020494,29.8791382
2566,NSW,105810.9607,2.504495038,25.70011669,36.25602806,8025,1022,237,86.4390349,11.00818613,2.552778975,24.9704142,45.14792899,29.8816568
2567,NSW,139560.8488,2.889057145,16.41693811,35.46487169,12622,474,55,95.97749221,3.604288647,0.418219147,24.01127668,54.87716472,21.1115586
2568,NSW,111329.2979,2.54040404,21.95121951,33.33333333,399,46,0,89.66292135,10.33707865,0,45.30201342,43.95973154,10.73825503
2569,NSW,141207.8896,2.835680751,21.11111111,36.11111111,440,13,3,96.49122807,2.850877193,0.657894737,42.00477327,48.92601432,9.069212411
2570,NSW,130709.8578,2.868482413,21.19377163,35.2769023,19382,1876,338,89.7481015,8.686793851,1.565104649,23.20314896,51.95276557,24.84408547
2571,NSW,136165.9379,2.881931166,17.00646445,39.96478873,4393,113,86,95.66637631,2.460801394,1.8728223,29.2961165,55.29126214,15.41262136
2572,NSW,107292.5146,2.514814815,19.82248521,47.10526316,1887,192,20,89.89995236,9.147212959,0.952834683,33.06772908,43.19863404,23.73363688
2573,NSW,103027.7551,2.380574827,19.09959072,44.71403813,2007,179,17,91.10304131,8.125283704,0.771674989,26.00101368,41.61175874,32.38722757
2574,NSW,113171.9692,2.542278481,20.32218092,43.20557491,1963,101,34,93.56530029,4.814108675,1.620591039,35.22906793,47.7093207,17.06161137
2575,NSW,110408.834,2.570018507,18.79164816,46.10441767,6750,235,236,93.47735771,3.254396898,3.268245395,37.82554126,40.24160653,21.93285221
2576,NSW,119737.101,2.571353894,20.06344171,47.35658043,5559,908,183,83.59398496,13.65413534,2.751879699,55.99856964,26.12193814,17.87949222
2577,NSW,113175.9063,2.525474684,19.15125136,45.74557709,7203,365,138,93.47261874,4.736568907,1.790812354,44.5954488,33.69152971,21.71302149
2578,NSW,94359.67617,2.449709061,18.11320755,47.18309859,1399,20,21,97.15277778,1.388888889,1.458333333,60.94137077,25.84640793,13.2122213
2579,NSW,110827.9367,2.519093079,20.43010753,37.18592965,2232,3,0,99.86577181,0.134228188,0,46.67465548,39.60455362,13.72079089
2580,NSW,96025.12386,2.255433414,14.00755594,36.90668389,12807,1274,510,87.7732849,8.731409773,3.495305325,37.6066189,32.75332651,29.64005459
2581,NSW,125370.1689,2.842840512,13.64985163,15.2173913,1019,17,0,98.35907336,1.640926641,0,36.92307692,49.34911243,13.72781065
2582,NSW,135488.9787,2.795759866,12.24696356,31.34110787,5106,243,106,93.60219982,4.454628781,1.943171402,34.87475915,47.57011347,17.55512738
2583,NSW,85523.44677,2.189935065,16.95760599,34.07079646,2378,68,13,96.70597804,2.765351769,0.528670191,59.46862634,25.83380441,14.69756925
2584,NSW,102363.8404,2.402843602,14.70588235,28,279,3,0,98.93617021,1.063829787,0,46.5,41,12.5
2585,NSW,89015.28947,2.12987013,0,38.88888889,113,3,0,97.4137931,2.586206897,0,59.70149254,20.89552239,19.40298507
2586,NSW,88049.07235,2.181303116,18.96551724,35.48387097,1377,42,6,96.63157895,2.947368421,0.421052632,53.58565737,27.98804781,18.42629482
2587,NSW,81399.15513,2.048101266,11.6838488,32.8125,1418,42,20,95.81081081,2.837837838,1.351351351,50,29.19642857,20.80357143
2588,NSW,110413.6651,2.233333333,11.11111111,0,155,0,0,100,0,0,59.45945946,25.22522523,15.31531532
2590,NSW,77633.72004,1.945725916,8.199356913,35.39967374,3173,267,28,91.49365629,7.698961938,0.807381776,50,25.68807339,24.31192661
2594,NSW,82193.21537,2.084245077,12.33595801,37.26541555,4815,463,130,89.03476331,8.561390533,2.403846154,41.0459588,29.74869821,29.20534299
2619,NSW,191361.6329,3.298493107,7.605633803,15.60150376,2824,472,0,85.67961165,14.32038835,0,30.60038735,50.06455778,19.33505487
2621,NSW,167345.4232,3.166666667,8.556149733,23.73540856,2372,72,32,95.7996769,2.907915994,1.292407108,29.93197279,57.00680272,13.06122449
2622,NSW,100519.8186,2.445592705,16.11479029,30.94170404,2315,89,8,95.97844113,3.689883914,0.331674959,51.9804997,32.41925655,15.60024375
2623,NSW,94767.80176,2.327731092,7.865168539,35.13513514,293,3,0,98.98648649,1.013513514,0,35.9832636,47.28033473,16.73640167
2624,NSW,58799.5,1.8125,,0,17,0,0,100,0,0,42.85714286,0,57.14285714
2625,NSW,182806.0959,2.292134831,26.66666667,39.28571429,110,9,406,20.95238095,1.714285714,77.33333333,39.90147783,14.77832512,45.32019704
2626,NSW,122273.5665,2.679775281,11.11111111,33.33333333,224,0,0,100,0,0,44.63276836,49.15254237,6.214689266
2627,NSW,132865.4548,2.633445946,15.03006012,33.90804598,1739,434,860,57.33597099,14.30926475,28.35476426,31.31790269,29.57014643,39.11195087
2628,NSW,98602.84502,2.390419162,12.28070175,36.61971831,1067,71,32,91.1965812,6.068376068,2.735042735,46.53937947,31.86157518,21.59904535
2629,NSW,95517.88764,2.033018868,15.625,36.36363636,489,0,0,100,0,0,53.81526104,18.07228916,28.1124498
2630,NSW,97515.7868,2.262855501,11.34676564,38.26666667,3837,238,235,89.02552204,5.522041763,5.452436195,42.23962866,30.95445315,26.80591819
2631,NSW,75449.94397,2.258474576,13.55932203,38.0952381,343,0,0,100,0,0,62.61261261,26.57657658,10.81081081
2632,NSW,87344.83264,2.096306069,8.994708995,17.98561151,945,22,17,96.03658537,2.235772358,1.727642276,49.65706447,27.98353909,22.35939643
2633,NSW,72296.58029,1.864285714,18.75,0,232,0,0,100,0,0,67.15328467,17.51824818,15.32846715
2640,NSW,100407.1106,2.390174531,10.87050671,32.47637882,14194,3162,340,80.210217,17.86844485,1.921338156,32.44264686,34.1135128,33.44384034
2641,NSW,75867.68353,1.946906603,13.24200913,37.39696312,5899,1631,110,77.21204188,21.34816754,1.439790576,31.0660363,29.64770474,39.28625896
2642,NSW,105800.5904,2.561888313,10.35031847,17.1875,2083,28,0,98.6736144,1.326385599,0,43.01708898,42.07424867,14.90866235
2643,NSW,79711.14356,2.07925801,12.91208791,39.8989899,1263,69,3,94.60674157,5.168539326,0.224719101,44.24703892,36.46362098,19.2893401
2644,NSW,89997.781,2.170886076,16.01731602,26.58227848,1143,44,0,96.29317607,3.706823926,0,48.0490524,31.77257525,20.17837235
2645,NSW,60726.46957,1.90070922,0,0,152,9,0,94.40993789,5.590062112,0,66.66666667,17.82945736,15.50387597
2646,NSW,77373.49943,1.989403038,11.78294574,31.61634103,2953,456,5,86.49677797,13.35676626,0.14645577,49.08491947,27.48901903,23.42606149
2647,NSW,80585.45076,2.043832824,10.22727273,32.05128205,1179,192,54,82.73684211,13.47368421,3.789473684,48.58044164,31.44058885,19.97896951
2648,NSW,78116.37921,1.981759657,14.5631068,34.64052288,1193,48,31,93.78930818,3.773584906,2.437106918,51.27610209,27.61020882,21.1136891
2649,NSW,97499.5,2.230769231,0,,10,0,0,100,0,0,50,50,0
2650,NSW,102504.6657,2.389132416,10.43060809,31.39135414,21870,1494,2688,83.94748964,5.734684477,10.31782589,30.83170602,34.44878395,34.71951003
2651,NSW,95207.81555,2.412698413,8.761329305,30.11152416,820,8,94,88.93709328,0.867678959,10.19522777,17.89600967,45.34461911,36.75937122
2652,NSW,96727.93853,2.412117576,12.77890467,24.59016393,2020,3,0,99.85170539,0.148294612,0,46.73913043,37.91560102,15.34526854
2653,NSW,85739.76345,2.105809129,13.80952381,27.56756757,1141,46,18,94.68879668,3.817427386,1.493775934,49.24568966,26.83189655,23.92241379
2655,NSW,88694.97078,2.355828221,10.77844311,36.66666667,533,0,6,98.88682746,0,1.113172542,44.11764706,41.17647059,14.70588235
2656,NSW,83780.88406,2.173410405,14.43298969,18.82352941,573,19,16,94.24342105,3.125,2.631578947,58.62068966,22.10953347,19.26977688
2658,NSW,72982.06926,2.036777583,11.30434783,30.86419753,669,28,0,95.98278336,4.017216643,0,55.3030303,26.13636364,18.56060606
2659,NSW,78582.72774,2.220779221,13.18681319,29.26829268,396,0,0,100,0,0,48.8372093,36.21262458,14.95016611
2660,NSW,76865.83694,2.11952862,12.86549708,38.20224719,682,18,0,97.42857143,2.571428571,0,45.96491228,35.0877193,18.94736842
2661,NSW,141193.9444,2.574074074,,0,57,0,0,100,0,0,0,0,100
2663,NSW,89296.66286,2.082183563,7.592190889,31.09048724,1783,51,114,91.52977413,2.618069815,5.852156057,38.31604637,31.66564979,30.01830384
2665,NSW,76917.37057,2.051122195,6.779661017,25.27472527,993,26,0,97.4484789,2.551521099,0,63.5862069,20.96551724,15.44827586
2666,NSW,83905.3191,2.085740072,9.690721649,31.71806167,2442,179,15,92.64036419,6.790591806,0.569044006,49.37471051,26.40111163,24.22417786
2668,NSW,66446.02113,2.064102564,24.13793103,69.23076923,217,0,0,100,0,0,65.97222222,23.61111111,10.41666667
2669,NSW,82729,2.188481675,13.88888889,15.71428571,921,3,0,99.67532468,0.324675325,0,63.8671875,19.921875,16.2109375
2671,NSW,94434.85709,2.132766514,7.828282828,17.02898551,1797,122,73,90.21084337,6.124497992,3.664658635,45.43663821,30.13788575,24.42547603
2672,NSW,76013.61714,1.912727273,18.75,18.24324324,666,6,50,92.24376731,0.831024931,6.925207756,43.30855019,21.37546468,35.31598513
2675,NSW,97029.80748,2.117857143,12.12121212,13.15789474,657,0,38,94.5323741,0,5.467625899,38.90977444,21.80451128,39.28571429
2678,NSW,#DIV/0!,#DIV/0!,,,0,0,0,#DIV/0!,#DIV/0!,#DIV/0!,#DIV/0!,#DIV/0!,#DIV/0!
2680,NSW,104583.5983,2.28766007,12.5346901,25.2815534,8259,517,1098,83.64391331,5.235973263,11.12011343,35.06571808,29.69974677,35.23453515
2681,NSW,104395.1713,2.355345912,6.698564593,32.74336283,683,13,35,93.43365253,1.778385773,4.787961696,38.59649123,38.43700159,22.96650718
2700,NSW,78233.00889,1.999442586,12.44635193,32.26544622,2086,58,86,93.5426009,2.600896861,3.856502242,40.98360656,31.09101187,27.92538157
2701,NSW,94153.56548,2.369710468,11.56462585,33.56643357,1008,24,13,96.45933014,2.296650718,1.244019139,42.9391504,39.15040184,17.91044776
2702,NSW,86986.06909,2.098039216,5.494505495,18.18181818,374,0,0,100,0,0,49.82578397,36.93379791,13.24041812
2703,NSW,76585.21429,1.916666667,8,30.76923077,189,0,8,95.93908629,0,4.060913706,46.52406417,36.36363636,17.11229947
2705,NSW,91511.57163,2.177759957,11.15311909,28.71690428,3805,158,421,86.79288321,3.604014599,9.60310219,36.8707483,33.08843537,30.04081633
2706,NSW,89364.71233,1.925373134,10.86956522,28.57142857,477,3,19,95.59118236,0.601202405,3.80761523,36.43835616,30.1369863,33.42465753
2707,NSW,94272.15299,2.356818182,6.666666667,8.045977011,476,9,34,91.71483622,1.734104046,6.55105973,45.02487562,27.11442786,27.86069652
2710,NSW,82070.47411,2.064718163,8.945686901,33.80645161,4273,432,29,90.26193494,9.125475285,0.612589776,45.42740841,29.7421981,24.83039349
2711,NSW,85923.44307,2,9.478672986,24.43609023,1520,117,19,91.78743961,7.065217391,1.147342995,47.80739467,23.30180567,28.89079966
2712,NSW,73650.12963,2.018796992,14.7826087,23.25581395,640,57,0,91.82209469,8.177905308,0,51.47928994,26.62721893,21.89349112
2713,NSW,76539.84954,2.087619048,16.40625,23,1220,71,6,94.06322282,5.474171164,0.462606014,46.76616915,30.44776119,22.78606965
2714,NSW,74463.12021,1.997307002,14.84375,38.23529412,1294,79,9,93.63241679,5.716353111,0.651230101,55.99250936,26.40449438,17.60299625
2715,NSW,82196.74252,1.967741935,8.333333333,30.8411215,668,44,8,92.77777778,6.111111111,1.111111111,47.48953975,22.80334728,29.70711297
2716,NSW,89720.10554,2.026954178,10.58823529,10.90909091,470,23,13,92.88537549,4.545454545,2.56916996,53.31491713,27.3480663,19.33701657
2717,NSW,79631.58152,1.866834171,6.849315068,28.84615385,522,38,0,93.21428571,6.785714286,0,38.7434555,25.13089005,36.12565445
2720,NSW,89648.4832,2.112282878,9.134615385,31.39240506,3422,400,62,88.10504634,10.29866117,1.596292482,39.93740219,30.64162754,29.42097027
2721,NSW,51158.40441,2.211764706,0,0,118,7,0,94.4,5.6,0,61.76470588,17.64705882,20.58823529
2722,NSW,90211.67569,2.081632653,10.13986014,27.43362832,1440,21,95,92.54498715,1.349614396,6.105398458,47.62308998,28.77758913,23.59932088
2725,NSW,77696.50376,2.113333333,18.60465116,50,171,0,0,100,0,0,55.86206897,32.4137931,11.72413793
2726,NSW,82549.5,2.380952381,18.18181818,0,133,0,0,100,0,0,57.95454545,25,17.04545455
2727,NSW,90887.15432,2.585858586,33.33333333,0,154,0,0,100,0,0,67.74193548,19.35483871,12.90322581
2729,NSW,90146.40017,2.1875,12.10191083,21.12676056,696,14,10,96.66666667,1.944444444,1.388888889,53.08219178,31.16438356,15.75342466
2730,NSW,69951.51807,1.921348315,13.07692308,16.30434783,622,13,0,97.95275591,2.047244094,0,52.83018868,26.22641509,20.94339623
2731,NSW,92354.1118,2.239371204,11.81938911,32.10633947,2947,389,20,87.81287247,11.59117998,0.595947557,46.19065145,32.20463747,21.60471108
2732,NSW,77190.9939,2.015463918,14.17910448,35.25179856,894,102,24,87.64705882,10,2.352941176,54.92021277,22.20744681,22.87234043
2733,NSW,68927.63243,2.108490566,17.07317073,12.82051282,294,13,5,94.23076923,4.166666667,1.602564103,51.03092784,25.25773196,23.71134021
2734,NSW,122736.87,2.720238095,0,0,217,9,0,96.01769912,3.982300885,0,62.83783784,27.02702703,10.13513514
2735,NSW,72515.46639,2.277777778,9.756097561,0,185,0,0,100,0,0,47.15447154,47.96747967,4.87804878
2736,NSW,82554.90083,2.035714286,22.58064516,32.35294118,151,15,0,90.96385542,9.036144578,0,42.96875,25.78125,31.25
2737,NSW,92862.65207,2.243478261,16.92307692,10.25641026,281,0,8,97.23183391,0,2.76816609,41.66666667,34.25925926,24.07407407
2738,NSW,121178.9466,2.643661972,10.28368794,24.3902439,815,30,4,95.99528857,3.533568905,0.471142521,38.42857143,47.14285714,14.42857143
2739,NSW,98268.56526,2.317718941,12.12121212,42.30769231,548,46,12,90.4290429,7.590759076,1.98019802,36.6255144,39.30041152,24.07407407
2745,NSW,144794.6999,2.945265518,17.23526805,30.82400814,9465,653,248,91.30812271,6.299440478,2.392436813,26.3607367,51.62053709,22.01872621
2747,NSW,111257.7944,2.524968132,19.60925154,38.27767418,14858,3296,1925,73.99770905,16.41516012,9.587130833,20.38972042,43.30415137,36.30612821
2748,NSW,142827.2154,2.691202873,24.54545455,35.13513514,587,7,3,98.32495812,1.172529313,0.502512563,59.74025974,25.23191095,15.02782931
2749,NSW,123778.6215,2.60117842,16.34819533,34.99234303,5268,612,23,89.24275792,10.36760969,0.38963239,24.92548435,48.62146051,26.45305514
2750,NSW,102720.6825,2.295111995,16.46067416,38.37822827,13471,2887,5119,62.72291288,13.4422871,23.83480002,26.99089117,31.42278805,41.58632078
2752,NSW,133838.1192,2.80786268,20.65934066,40.86538462,1919,14,12,98.66323907,0.719794344,0.616966581,29.5136948,57.90944662,12.57685858
2753,NSW,112417.1393,2.464732366,19.62059621,41.24761299,5407,789,418,81.75083157,11.929241,6.319927427,34.55291503,35.7497008,29.69738417
2754,NSW,110693.3805,2.468569225,18.74244256,36.87707641,2266,475,45,81.33524767,17.04953338,1.615218952,34.46443173,37.93949305,27.59607522
2756,NSW,121925.0664,2.583383042,19.72162741,42.6035503,11324,1228,224,88.63494051,9.611772073,1.753287414,28.77554555,45.23727052,25.98718393
2757,NSW,126896.7793,2.684210526,22.68041237,34.21052632,298,0,3,99.00332226,0,0.996677741,45.25547445,40.1459854,14.59854015
2758,NSW,140799.5546,2.948056416,19.10974674,42.5,3132,17,22,98.77010407,0.536108483,0.693787449,40.07005254,51.94395797,7.985989492
2759,NSW,120869.9187,2.613523648,19.29466628,34.74952441,8686,96,49,98.35805685,1.087079606,0.554863549,31.12201104,47.50459841,21.37339056
2760,NSW,95090.1707,2.22840753,21.84170472,39.48717949,9772,2999,1425,68.83629191,21.1256692,10.03803888,19.37216026,36.22470054,44.4031392
2761,NSW,126899.7072,2.79100638,21.44742631,33.69932432,9627,712,96,92.25682798,6.823191184,0.919980834,19.13489736,53.4457478,27.41935484
2762,NSW,152415.2602,3.276628589,19.58224543,31.48418491,5924,347,901,82.5989961,4.8382599,12.562744,7.360248447,58.44720497,34.19254658
2763,NSW,134832.3579,2.921660333,15.7300835,30.61658398,7838,2614,520,71.43638352,23.82427999,4.739336493,21.66207168,48.07010634,30.26782198
2765,NSW,144099.6541,3.114384488,22.04964436,35.27420447,13876,295,197,96.57572383,2.053173719,1.37110245,17.59195796,57.82499429,24.58304775
2766,NSW,113605.9154,2.606771915,21.72131148,34.30397727,4110,1011,223,76.90868263,18.91841317,4.172904192,24.88272921,41.44989339,33.6673774
2767,NSW,117001.0944,2.602573267,20.86534573,32.18903255,6677,894,122,86.79318861,11.62095411,1.585857273,22.89733179,40.67575406,36.42691415
2768,NSW,165043.7966,3.264530551,16.77664975,26.77484787,7714,708,14,91.44144144,8.392603129,0.165955429,24.14226467,55.46060073,20.3971346
2769,NSW,178223.4099,3.459879973,17.21568627,29.5010846,3980,758,0,84.00168848,15.99831152,0,12.46249712,64.62035541,22.91714747
2770,NSW,85069.42698,1.980700809,24.89120975,39.19048763,16348,2871,2515,75.21855158,13.20971749,11.57173093,20.7490267,28.16252673,51.08844656
2773,NSW,152734.4625,3.027605902,10.35422343,38.01652893,2120,88,25,94.93954322,3.9408867,1.119570085,47.7294686,39.37198068,12.89855072
2774,NSW,131544.6929,2.860314723,11.31465517,36.70694864,4643,253,23,94.38910348,5.143321813,0.46757471,39.96080139,44.05487805,15.98432056
2775,NSW,86318.68263,2.175840979,25.60386473,51.19047619,1013,0,8,99.21645446,0,0.783545544,45.76802508,39.02821317,15.20376176
2776,NSW,127746.4861,2.878972279,13.52154532,41.52046784,1546,19,9,98.22109276,1.207115629,0.571791614,38.03009576,49.11080711,12.85909713
2777,NSW,120624.9442,2.780234864,12.61609907,43.59861592,6221,489,248,89.40787583,7.027881575,3.564242598,40.8561536,44.55461127,14.58923513
2778,NSW,113612.4148,2.831045407,13.36515513,46.42857143,1011,3,9,98.82697947,0.293255132,0.879765396,39.89361702,49.68085106,10.42553191
2779,NSW,106848.5972,2.693769799,14,47.87644788,2004,59,15,96.43888354,2.839268527,0.721847931,37.18700053,47.62919552,15.18380394
2780,NSW,88477.2988,2.327188175,19.30051813,56.1436673,6345,486,750,83.69608231,6.410763751,9.893153937,41.20619946,29.39690027,29.39690027
2782,NSW,103613.4246,2.575369075,17.95195954,52.56723716,2957,104,28,95.72677242,3.366785367,0.906442214,47.88184998,34.55110766,17.56704236
2783,NSW,97339.54541,2.563197026,14.92890995,64.13043478,1123,15,60,93.73956594,1.252086811,5.008347245,37.19851577,44.34137291,18.46011132
2784,NSW,106482.5899,2.724550898,20.08928571,50,555,15,5,96.52173913,2.608695652,0.869565217,38.36978131,46.71968191,14.91053678
2785,NSW,91656.00356,2.438482886,20.3539823,46.48910412,2871,55,32,97.05882353,1.859364435,1.081812035,48.86731392,30.09708738,21.03559871
2786,NSW,97842.64684,2.382624769,21.875,59.21052632,798,3,0,99.62546816,0.374531835,0,51.81818182,34.18181818,14
2787,NSW,89435.89558,2.196407879,17.14922049,31.10465116,2210,106,36,93.96258503,4.506802721,1.530612245,45.20870076,31.21693122,23.57436802
2790,NSW,85756.74322,2.04379327,14.53715776,40.50203528,6530,754,197,87.28779575,10.07886646,2.633337789,42.96784831,29.2497939,27.78235779
2791,NSW,94032.84921,2.330827068,11.42857143,41.17647059,165,0,0,100,0,0,58.13953488,27.90697674,13.95348837
2792,NSW,84580.78472,2.360759494,12.90322581,21.42857143,175,0,0,100,0,0,55.26315789,29.60526316,15.13157895
2793,NSW,60557.0642,1.955294118,11.95652174,23.33333333,609,4,0,99.34747145,0.652528548,0,64.05867971,26.16136919,9.7799511
2794,NSW,77508.4926,1.974785918,11.82008368,35.24904215,4414,351,138,90.02651438,7.158882317,2.814603304,43.57976654,27.43190661,28.98832685
2795,NSW,100965.9558,2.409496456,12.37220947,32.91827032,15931,2043,905,84.38476614,10.82154775,4.793686106,35.46266435,33.7881419,30.74919375
2797,NSW,79888.57422,2.170886076,16.07142857,40,200,0,0,100,0,0,43.50649351,44.15584416,12.33766234
2798,NSW,127615.2074,2.824175824,14.22924901,25.97402597,846,9,8,98.03012746,1.042873696,0.926998841,45.00683995,41.31326949,13.67989056
2799,NSW,91682.72727,2.204559848,11.39784946,30.98236776,1663,100,21,93.21748879,5.605381166,1.177130045,38.00643087,33.89067524,28.10289389
2800,NSW,109013.3811,2.433467172,11.6620753,32.41350906,17431,2007,796,86.14707917,9.918948305,3.933972521,32.69285755,35.21473094,32.09241151
2803,NSW,76549.97345,2.275,18.18181818,0,147,16,0,90.18404908,9.81595092,0,60.52631579,30.70175439,8.771929825
2804,NSW,80178.77806,2.131775701,15.70881226,32.43243243,1276,40,12,96.08433735,3.012048193,0.903614458,49.31906615,29.28015564,21.40077821
2805,NSW,70967.68182,2.06547619,0,17.39130435,206,0,0,100,0,0,49.06832298,30.43478261,20.49689441
2806,NSW,95884.35859,2.080385852,12,23.25581395,404,0,0,100,0,0,51.72413793,30.34482759,17.93103448
2807,NSW,59005.07099,1.834224599,0,33.33333333,237,22,0,91.50579151,8.494208494,0,56.52173913,30.43478261,13.04347826
2808,NSW,60597.25568,1.912087912,0,0,156,0,0,100,0,0,59.40594059,23.76237624,16.83168317
2809,NSW,76155.86364,2.192771084,18.18181818,,102,0,0,100,0,0,63.15789474,31.57894737,5.263157895
2810,NSW,74628.3575,2.010662605,10.74074074,27.80269058,1490,39,68,93.29993738,2.442078898,4.257983719,54.12329864,25.6204964,20.25620496
2817,NSW,85405.61742,2.492753623,16.66666667,36.36363636,177,0,0,100,0,0,51.35135135,33.33333333,15.31531532
2818,NSW,98437.60256,2.348684211,13.86138614,25,340,0,0,100,0,0,41.55405405,40.87837838,17.56756757
2820,NSW,77150.24129,1.980148883,13.84083045,35.49488055,2852,140,100,92.23803364,4.527813713,3.234152652,41.20135364,28.76480541,30.03384095
2821,NSW,88617.90316,2.183586626,14,38.0952381,1908,127,26,92.57641921,6.162057254,1.261523532,42.90161893,32.25404732,24.84433375
2822,NSW,94855.88591,2.267605634,12.5,27.77777778,190,0,0,100,0,0,45.51724138,42.06896552,12.4137931
2823,NSW,86389.09297,2.107142857,16.4556962,23.36448598,557,0,38,93.61344538,0,6.386554622,47.22838137,22.39467849,30.37694013
2824,NSW,83788.09168,2.049032258,15.09433962,23.07692308,913,76,23,90.2173913,7.509881423,2.272727273,46.38472033,25.10231924,28.51296044
2825,NSW,98977.71736,2.131578947,5.882352941,18.51851852,1029,79,10,92.03935599,7.066189624,0.894454383,42.75274056,25.09135201,32.15590743
2826,NSW,84940.21186,2.492063492,0,0,63,0,0,100,0,0,64.40677966,20.33898305,15.25423729
2827,NSW,74167.50322,2,15.78947368,31.68316832,1600,48,76,92.80742459,2.784222738,4.408352668,44.88993711,26.33647799,28.77358491
2828,NSW,78753.11356,2.122033898,7.142857143,26.92307692,368,0,3,99.19137466,0,0.808625337,52.78810409,19.70260223,27.50929368
2829,NSW,82454.88842,1.989151874,12.26415094,21.61172161,1286,25,88,91.922802,1.786990708,6.290207291,40.08350731,25.4697286,34.44676409
2830,NSW,104424.4534,2.404095778,10.54178916,28.80101501,15109,1702,1450,82.73917091,9.320409616,7.940419473,29.64276502,35.59453185,34.76270312
2831,NSW,94829.74955,2.420608108,13.73626374,22.58064516,812,3,4,99.14529915,0.366300366,0.488400488,47.97178131,37.74250441,14.28571429
2832,NSW,93857.18018,2.106571936,15,15.18987342,843,36,29,92.84140969,3.964757709,3.193832599,40.72657744,18.54684512,40.72657744
2833,NSW,71600.07182,1.81865285,24.13793103,24.61538462,292,14,3,94.49838188,4.530744337,0.970873786,39.37823834,16.58031088,44.04145078
2834,NSW,61377.52349,1.587365591,23.37662338,26.73796791,721,68,19,89.23267327,8.415841584,2.351485149,56.71641791,12.18905473,31.09452736
2835,NSW,109486.4945,2.146879756,7.77027027,12.16931217,1795,128,163,86.04985618,6.136145733,7.813998082,35.9668924,27.61474793,36.41835967
2836,NSW,81178.27907,1.73800738,0,20.65217391,312,24,24,86.66666667,6.666666667,6.666666667,41.37931034,6.896551724,51.72413793
2838,NSW,56866.63415,1.678571429,0,21.73913043,123,4,3,94.61538462,3.076923077,2.307692308,33.82352941,13.23529412,52.94117647
2839,NSW,73796.67898,1.758713137,11.11111111,25.43352601,477,56,6,88.49721707,10.38961039,1.113172542,27.5147929,11.24260355,61.24260355
2840,NSW,101322.7526,2.193121693,12.40875912,11.11111111,1189,20,30,95.96448749,1.614205004,2.421307506,37.61589404,23.31125828,39.07284768
2842,NSW,74028.71401,1.922794118,18.75,28.94736842,378,0,0,100,0,0,57.42971888,25.70281124,16.86746988
2843,NSW,87247.25253,2.091121495,20.23809524,28.16901408,571,24,0,95.96638655,4.033613445,0,50.4950495,25.99009901,23.51485149
2844,NSW,78077.36926,1.974854932,18.47826087,35.57692308,673,15,0,97.81976744,2.180232558,0,53.03643725,22.46963563,24.49392713
2845,NSW,91248.65274,2.161725067,12.74900398,31.79190751,793,44,4,94.29250892,5.231866825,0.475624257,35.58863329,37.75372124,26.65764547
2846,NSW,79926.71053,1.990740741,16.66666667,0,224,6,0,97.39130435,2.608695652,0,68.90756303,18.48739496,12.60504202
2847,NSW,81205.01908,2.010582011,12.58741259,33.83458647,1109,8,0,99.28379588,0.716204118,0,49.83713355,34.5276873,15.63517915
2848,NSW,51318.28837,1.562857143,16.07142857,57.86516854,861,22,19,95.45454545,2.43902439,2.106430155,52.19298246,18.12865497,29.67836257
2849,NSW,83830.08472,2.181818182,19.53125,38.20224719,876,20,0,97.76785714,2.232142857,0,57.77777778,25.3968254,16.82539683
2850,NSW,106636.1785,2.364336662,12.53561254,34.62017435,7900,817,63,89.97722096,9.30523918,0.717539863,37.96511628,35,27.03488372
2852,NSW,90805.94749,2.181619256,15.90361446,38.30645161,1592,35,33,95.90361446,2.108433735,1.987951807,42.87833828,36.20178042,20.91988131
2864,NSW,91861.35741,2.413461538,10.98901099,31.03448276,351,0,3,99.15254237,0,0.847457627,49.33333333,37.33333333,13.33333333
2865,NSW,89043.41536,2.21574344,11.42857143,16.27906977,412,0,15,96.48711944,0,3.512880562,46.76923077,38.76923077,14.46153846
2866,NSW,93549.71857,2.335409253,15.05016722,35.64356436,1119,33,36,94.19191919,2.777777778,3.03030303,43.95910781,34.20074349,21.8401487
2867,NSW,81125.55581,2.226244344,0,20.68965517,298,0,0,100,0,0,55,27,18
2868,NSW,73708.12903,2.156862745,24.3902439,21.21212121,242,0,0,100,0,0,54.21052632,23.15789474,22.63157895
2869,NSW,74558.78318,1.946332737,10.30927835,33.89830508,703,26,10,95.1285521,3.51826793,1.353179973,51.75600739,21.44177449,26.80221811
2870,NSW,92000.09299,2.149723145,8.217054264,29.23076923,4790,215,410,88.45798707,3.970452447,7.57156048,36.02625028,33.65014709,30.32360263
2871,NSW,87127.02505,2.120340475,10.0678733,31.14143921,3677,197,232,89.5518753,4.797856795,5.650267901,39.7094431,31.20460048,29.08595642
2873,NSW,87625.06649,2.168831169,24.24242424,11.53846154,260,0,10,96.2962963,0,3.703703704,60,21,19
2874,NSW,62889.89474,2.207692308,13.04347826,0,144,0,0,100,0,0,60.62992126,25.98425197,13.38582677
2875,NSW,79171.72542,2.185897436,20.58823529,29.09090909,379,0,8,97.93281654,0,2.067183463,50.66666667,26,23.33333333
2876,NSW,77507.35714,2.454545455,15.38461538,0,234,0,0,100,0,0,57.61589404,29.8013245,12.58278146
2877,NSW,84443.37998,2.066141732,8.273381295,24.10423453,1604,97,32,92.55626082,5.597230237,1.846508944,41.70771757,27.91461412,30.37766831
2878,NSW,126532.8725,2.042553191,57.14285714,20.83333333,155,6,0,96.27329193,3.726708075,0,52.52525253,7.070707071,40.4040404
2879,NSW,65773.74444,1.596566524,15.78947368,31.66666667,373,10,5,96.13402062,2.577319588,1.288659794,52.48868778,11.31221719,36.19909502
2880,NSW,83469.25554,1.930533118,7.805133578,32.74336283,9037,292,288,93.96901321,3.036289903,2.994696891,44.23832092,30.31821259,25.44346649
2898,NSW,92453.45724,2.046783626,0,18.18181818,176,32,26,75.21367521,13.67521368,11.11111111,45.45454545,16.96969697,37.57575758
3000,VIC,83817.80493,1.988778055,26.80965147,47.30088782,17,84,33940,0.049939779,0.246761258,99.70329896,10.72044766,11.44322686,77.83632548
3002,VIC,157018.2318,2.702838063,23.15789474,28.48639456,109,695,2631,3.173216885,20.23289665,76.59388646,28.05785124,17.97520661,53.96694215
3003,VIC,113402.7815,2.442789969,19.13161465,33.71501272,55,890,4212,1.066511538,17.25809579,81.67539267,12.14585519,20.77649528,67.07764953
3004,VIC,129174.4992,2.57240653,23.64802933,27.84471218,6,8,8112,0.073837066,0.098449422,99.82771351,22.3256631,21.18391006,56.49042684
3006,VIC,116547.2714,2.43096622,20.71097372,31.15252445,3,213,17213,0.017212691,1.222101096,98.76068621,13.05268508,18.08402507,68.86328985
3008,VIC,119422.8599,2.450059848,24.38638163,31.49885345,59,150,10582,0.546751923,1.390047262,98.06320082,12.77279422,18.36925961,68.85794618
3011,VIC,116851.4625,2.519230769,13.04858934,30.46127067,4254,1690,6208,35.00658328,13.90717577,51.08624095,16.60377358,29.55256065,53.84366577
3012,VIC,120945.278,2.608845162,13.33719919,28.07195338,6462,3247,2560,52.6693292,26.46507458,20.86559622,21.62817776,36.41568019,41.95614205
3013,VIC,152068.6801,2.861175305,10.98696462,23.80191693,4784,1130,834,70.89508002,16.74570243,12.35921755,27.16917923,38.84422111,33.98659966
3015,VIC,152734.5643,2.919343119,11.7693213,25.6185567,4832,2315,576,62.56636022,29.97539816,7.458241616,27.92607803,41.11176298,30.96215899
3016,VIC,152960.1875,2.797898539,16.25750136,33.42657343,3661,2243,1182,51.66525543,31.65396557,16.680779,39.25496689,34.18874172,26.55629139
3018,VIC,118828.7223,2.525551372,13.94448031,33.09446254,3915,1823,556,62.20209724,28.96409279,8.833809978,38.33211412,30.99853694,30.66934894
3019,VIC,93445.09612,2.254826255,22.671156,31.69209431,1836,1897,178,46.94451547,48.50421887,4.551265661,19.65527669,30.51103719,49.83368612
3020,VIC,92017.20192,2.230335588,21.39959432,35.89401024,13174,2876,1496,75.08263992,16.39120027,8.526159809,35.85999864,29.56948898,34.57051238
3021,VIC,80092.77511,2.047366939,25.9936766,40.09161522,16390,2553,1524,80.08012899,12.47373821,7.446132799,37.78268705,28.89366897,33.32364397
3022,VIC,88952.80932,2.259488085,17.87878788,35.53008596,1015,270,6,78.62122386,20.91402014,0.464756003,30.82437276,33.33333333,35.84229391
3023,VIC,112550.2508,2.684439219,21.18338934,35.11053316,18809,2179,574,87.2321677,10.10574158,2.662090715,27.95795007,49.35085414,22.6911958
3024,VIC,113557.0535,2.794758568,15.35624151,32.11396412,11062,519,19,95.36206897,4.474137931,0.163793103,14.10193938,55.6475977,30.25046292
3025,VIC,108887.5923,2.37130621,15.8183242,31.99381762,3644,1475,200,68.50911826,27.73077646,3.760105283,36.68198731,31.297877,32.0201357
3026,VIC,127924.4315,2.966210436,19.72624799,33.125,2392,96,0,96.1414791,3.8585209,0,16.69527897,59.65665236,23.64806867
3027,VIC,149169.7725,3.229010361,17.46547522,20.23460411,2795,183,203,87.86545112,5.752907891,6.381640993,10.01088139,49.51033732,40.47878128
3028,VIC,100018.1263,2.369825031,16.55258245,32.71560941,9955,1230,518,85.06365889,10.51012561,4.4262155,35.48669128,34.54439479,29.96891393
3029,VIC,112671.2435,2.861215164,20.95961059,30.73209976,36986,3918,1202,87.8402128,9.305087161,2.854700043,17.98744872,52.16115624,29.85139504
3030,VIC,120591.9236,2.798512508,16.52668303,30.48040236,37323,5070,1092,85.82959641,11.65919283,2.511210762,20.86675668,45.61194504,33.52129828
3031,VIC,125725.0967,2.527912932,11.80625631,28.00718133,1656,3680,4052,17.63953984,39.19897742,43.16148274,17.21364639,27.59112725,55.19522636
3032,VIC,130564.6737,2.706073211,17.0153417,29.03443619,5076,3479,5769,35.43702876,24.28790841,40.27506283,26.20974541,33.29118193,40.49907267
3033,VIC,117719.7525,2.562257886,16.37279597,31.03081828,4774,1109,55,80.39744022,18.67632199,0.926237791,47.32982324,33.32079729,19.34937947
3034,VIC,108082.1407,2.451094238,17.56055363,34.24657534,3748,1101,27,76.86628384,22.57998359,0.553732568,49.30329772,29.98142127,20.715281
3036,VIC,127617.8114,2.707749767,15.82840237,33.89830508,2016,321,0,86.26444159,13.73555841,0,51.67082294,38.45386534,9.875311721
3037,VIC,118335.9925,2.736047401,17.83751671,35.89449541,13410,3164,342,79.27406006,18.70418539,2.021754552,31.04707263,50.06519755,18.88772982
3038,VIC,117337.8888,2.596106235,16.0754717,33.77990431,8406,1105,69,87.74530271,11.53444676,0.720250522,51.22064098,35.16140229,13.61795673
3039,VIC,135908.7034,2.664125495,15.1481888,25.95762021,3333,1264,3445,41.4449142,15.71748321,42.83760259,30.75211393,29.5208426,39.72704347
3040,VIC,141431.4357,2.75975832,15.59065934,29.08415842,5768,2490,3865,47.5789821,20.53947043,31.88154747,34.24431045,31.56973351,34.18595604
3041,VIC,140142.8155,2.778934221,16.67792032,28.68561279,3332,1008,1038,61.95611752,18.74302715,19.30085534,38.48427275,35.99324467,25.52248258
3042,VIC,114567.1092,2.508278146,15.64217891,28.91089109,4939,2278,210,66.5006059,30.6718729,2.827521206,40.35757946,34.2603912,25.38202934
3043,VIC,97027.60614,2.323991196,19.18577445,39.35155753,5702,1785,70,75.45322218,23.62048432,0.926293503,38.07283763,36.05462822,25.87253414
3044,VIC,124916.5292,2.695008732,14.41210046,28.82334081,7078,4492,690,57.7324633,36.63947798,5.628058728,32.04327147,36.03469178,31.92203674
3045,VIC,#DIV/0!,#DIV/0!,,,8,5,0,61.53846154,38.46153846,0,0,0,100
3046,VIC,105608.3205,2.444650955,17.30486009,30.89373681,9195,5226,1142,59.08243912,33.57964403,7.337916854,30.23027558,34.04303511,35.72668932
3047,VIC,75525.59131,1.996122829,27.57375075,43.93086817,5678,1072,1030,72.98200514,13.77892031,13.23907455,26.27970021,29.16600223,44.55429756
3048,VIC,78389.25533,2.061759082,29.8266587,45.50601557,4917,1008,64,82.10051762,16.83085657,1.068625814,29.97611465,37.97770701,32.04617834
3049,VIC,106692.4879,2.470253345,17.00374532,37.38170347,3180,655,29,82.29813665,16.95134576,0.750517598,36.62539591,42.72962856,20.64497553
3051,VIC,111858.8482,2.422063836,17.43892165,35.61715481,323,2376,6038,3.69692114,27.19468925,69.10838961,13.63421922,20.3491115,66.01666929
3052,VIC,123842.2769,2.596646483,22.5,33.20158103,53,945,1806,1.890156919,33.70185449,64.40798859,18.77979028,14.68064824,66.53956149
3053,VIC,90498.6428,2.091927273,23.46456693,45.96529284,116,1453,8688,1.130934971,14.16593546,84.70312957,14.04343945,10.26480214,75.69175841
3054,VIC,149001.2977,2.77324066,16.15120275,27.83300199,313,2714,1040,7.696090484,66.73223506,25.57167445,30.98341232,19.2535545,49.76303318
3055,VIC,115989.2484,2.563884674,14.47124304,32.80405405,2740,1545,3542,35.00702696,19.73936374,45.2536093,24.02946141,27.12904711,48.84149148
3056,VIC,128350.4845,2.653326073,13.06457633,28.21895086,4265,3733,4845,33.20875185,29.0664175,37.72483065,24.19873267,26.65074846,49.15051887
3057,VIC,127446.3592,2.709010573,11.45038168,25.9606373,1584,1898,3949,21.3161082,25.54164985,53.14224196,18.47947612,26.8647181,54.65580578
3058,VIC,123640.2752,2.668025362,13.0908191,29.87341772,9748,3574,1531,65.62983909,24.06247896,10.30768195,32.47889486,33.97544129,33.54566385
3059,VIC,131542.8578,2.982550761,21.6722408,34.75783476,6517,233,0,96.54814815,3.451851852,0,32.60974433,54.89628558,12.49397009
3060,VIC,92915.57136,2.336264208,20.33762058,40.24024024,4460,905,28,82.69979603,16.78101242,0.519191545,37.51372721,30.52932133,31.95695146
3061,VIC,70117.95142,1.905576679,30.37383178,50.26455026,1490,121,69,88.69047619,7.202380952,4.107142857,40.82955282,31.17303953,27.99740765
3062,VIC,#DIV/0!,1,,,3,0,0,100,0,0,0,0,100
3063,VIC,144772.2273,3.05625,14.28571429,27.77777778,201,0,0,100,0,0,45.78313253,42.77108434,11.44578313
3064,VIC,105715.537,2.738370114,26.04505481,40.94056172,32461,2949,430,90.57198661,8.228236607,1.199776786,14.86597547,58.48716652,26.64685801
3065,VIC,139863.457,2.525909592,14.55847255,26.57916325,167,2025,3710,2.829549305,34.31040325,62.86004744,18.71514611,20.47735891,60.80749498
3066,VIC,128699.2153,2.492487105,13.05285868,25.32685842,286,1374,3948,5.099857347,24.50071327,70.39942939,11.1060846,22.6193169,66.27459851
3067,VIC,135754.5265,2.692728516,14.50589302,23.96333479,504,1227,3776,9.151988378,22.28073361,68.56727801,16.04966659,27.22464934,56.72568407
3068,VIC,153265.5726,2.783657396,13.17912856,23.24690631,1553,4551,3309,16.49845958,48.34802932,35.1535111,27.53240216,25.41839688,47.04920096
3070,VIC,145814.7412,2.802782404,12.75690999,25.39184953,5485,3189,2832,47.67078046,27.71597427,24.61324526,30.77228904,30.74247093,38.48524004
3071,VIC,125304.6554,2.633249686,13.01662708,29.25890279,4458,2173,2431,49.19443831,23.97925403,26.82630766,27.68289574,29.36528167,42.95182258
3072,VIC,113320.2773,2.542503864,14.68791501,31.52650458,8318,3963,3142,53.93243857,25.69539,20.37217143,27.92630869,30.70471055,41.36898075
3073,VIC,97027.47025,2.346021965,18.47826087,33.72316802,14256,7732,1042,61.90186713,33.57359965,4.524533218,32.14121728,29.95255344,37.90622927
3074,VIC,80142.00216,2.041666667,25.07778469,38.68766404,6792,857,517,83.17413666,10.49473426,6.331129072,44.32265318,25.91343451,29.76391231
3075,VIC,85643.91293,2.180566182,23.64485981,39.88792664,7696,456,571,88.22652757,5.227559326,6.545913103,40.35179153,31.25732899,28.39087948
3076,VIC,99541.91154,2.490729412,21.14228457,36.1835245,9436,2158,308,79.28079314,18.13140649,2.58780037,26.62312716,43.01767192,30.35920092
3078,VIC,142524.1946,2.787640902,14.03249631,31.55807365,2549,1296,1814,45.04329387,22.90157272,32.05513342,30.817738,30.43124491,38.75101709
3079,VIC,151017.2475,2.89183889,17.21491228,30.10582011,4152,1368,2117,54.366898,17.91279298,27.72030902,37.87878788,31.34374043,30.77747169
3081,VIC,101064.5378,2.3878327,17.90945406,29.80852916,3961,2328,234,60.72359344,35.68910011,3.587306454,21.38909359,30.4532056,48.15770081
3082,VIC,105459.6852,2.538384646,19.49152542,36.20106332,9395,1081,276,87.37909226,10.05394345,2.566964286,39.74593496,36.82926829,23.42479675
3083,VIC,102709.1156,2.502437727,20.83729781,37.06781915,9243,1954,1747,71.40760198,15.09579728,13.49660074,37.053206,32.12369259,30.82310141
3084,VIC,137916.7832,2.82890563,14.89720256,28.41391009,7849,1522,1898,69.65125566,13.50607862,16.84266572,40.67882472,33.32320162,25.99797366
3085,VIC,125774.8484,2.754991277,13.39491917,28.00718133,4434,1008,206,78.50566572,17.8470255,3.647308782,37.74038462,37.72035256,24.53926282
3087,VIC,115531.8992,2.602020202,12.56281407,29.42008487,3397,356,32,89.74900925,9.405548217,0.845442536,38.48396501,38.13411079,23.3819242
3088,VIC,123485.0973,2.763202556,14.05759162,34.10950283,9079,1441,265,84.18173389,13.36114975,2.457116365,39.47127605,42.83680732,17.69191662
3089,VIC,143313.6072,3.013484228,11.99186992,36.02150538,4113,251,9,94.05442488,5.739766751,0.20580837,35.92872834,53.79546009,10.27581157
3090,VIC,179304.681,3.248641304,17.44548287,24,780,4,9,98.36065574,0.504413619,1.134930643,45.28301887,50.67385445,4.043126685
3091,VIC,158935.0184,3.06846473,20.93023256,41.17647059,534,0,0,100,0,0,49.78723404,45.74468085,4.468085106
3093,VIC,140460.0939,2.868762816,19.72920696,41.41414141,1184,341,64,74.51227187,21.46003776,4.027690371,45.20833333,39.86111111,14.93055556
3094,VIC,124808.4307,2.779128959,11.60512434,34.38045375,3293,464,37,86.79493938,12.22983658,0.975224038,40.15477214,42.01777013,17.82745772
3095,VIC,149472.8576,3.053304239,12.27040816,33.00330033,9133,492,631,89.05031201,4.797191888,6.1524961,43.75329468,45.8302583,10.41644702
3096,VIC,136567.0708,3.050986842,15.4676259,36.36363636,643,0,5,99.22839506,0,0.771604938,42.32715008,52.61382799,5.059021922
3097,VIC,164162.4102,3.154185022,22.59887006,45.45454545,511,0,0,100,0,0,46.10091743,47.01834862,6.880733945
3099,VIC,128076.1681,2.93,16.0887656,39.59731544,1830,35,0,98.1233244,1.876675603,0,40.55023923,49.58133971,9.868421053
3101,VIC,163466.637,2.965837479,26.71023965,29.01467505,5159,2449,2939,48.91438324,23.21987295,27.86574381,40.78679629,29.67442912,29.53877459
3102,VIC,161176.0393,2.995750106,20.2020202,29.11646586,1716,597,333,64.85260771,22.56235828,12.58503401,42.18545929,33.87026556,23.94427514
3103,VIC,136170.0212,2.865620737,33.52855051,37.61732852,3956,1762,1100,58.02288061,25.84335582,16.13376357,44.82272006,28.06491445,27.1123655
3104,VIC,150340.3345,3.031550651,30.73770492,35.48387097,6529,1069,305,82.61419714,13.52650892,3.859293939,47.14943853,32.83904405,20.01151742
3105,VIC,119721.6666,2.61869648,23.63138686,33.99470899,3641,549,439,78.65629726,11.86001296,9.483689782,49.85436893,29.44174757,20.7038835
3106,VIC,138472.4742,2.954880618,29.14772727,39.18539326,4850,1198,267,76.80126683,18.97070467,4.228028504,48.87681159,36.4673913,14.6557971
3107,VIC,123077.2248,2.772943038,27.51540041,35.51171393,4435,1040,77,79.88112392,18.73198847,1.386887608,48.32025749,33.39368336,18.28605914
3108,VIC,106345.4267,2.601111673,31.1769616,41.70581858,5844,2247,3636,49.83371706,19.16091072,31.00537222,39.57455771,28.19081719,32.23462511
3109,VIC,114401.9087,2.772689807,31.5227934,38.21790541,7478,2832,1917,61.15972847,23.16185491,15.67841662,42.97699849,32.77714932,24.24585219
3111,VIC,135874.2675,2.898163218,21.43884892,34.92586491,4033,519,177,85.2823007,10.97483612,3.742863185,45.72949431,38.03532543,16.23518026
3113,VIC,164506.0183,3.213511561,15.05922166,35.88235294,2909,24,7,98.94557823,0.816326531,0.238095238,43.58415122,49.25481643,7.161032352
3114,VIC,180256.079,3.281141869,19.46902655,36.36363636,1242,0,0,100,0,0,49.82638889,46.875,3.298611111
3115,VIC,165651.1549,3.189233279,14.01515152,35.18518519,1292,0,3,99.76833977,0,0.231660232,44.9299258,49.62901896,5.441055235
3116,VIC,120164.4687,2.717380601,15.96491228,33.83458647,4263,86,19,97.59615385,1.968864469,0.434981685,37.21335992,47.55732802,15.22931206
3121,VIC,144162.4231,2.643954988,13.68764846,22.16164645,2546,5457,9848,14.2625063,30.56971598,55.16777772,19.16441488,25.23383912,55.601746
3122,VIC,143365.1023,2.754832041,17.33457596,31.23202301,2594,1779,7500,21.84789017,14.98357618,63.16853365,27.5764261,25.43334384,46.99023007
3123,VIC,150123.3179,2.849767516,20.02510986,28.14498934,2303,1305,4088,29.92463617,16.95686071,53.11850312,30.34785436,28.6573472,40.99479844
3124,VIC,162870.6713,2.995946288,22.12871287,29.09090909,5222,1943,1786,58.3398503,21.70707184,19.95307787,43.81818182,29.90909091,26.27272727
3125,VIC,113738.1048,2.601177336,25.24639879,37.51351351,3596,1698,1321,54.36130008,25.66893424,19.96976568,31.94524773,28.4364758,39.61827646
3126,VIC,175875.4748,3.063714903,25.31824611,33.05613306,1989,765,374,63.58695652,24.45652174,11.95652174,49.35590725,30.80603607,19.83805668
3127,VIC,158389.0307,3.00391021,17.2328902,28.48605578,4768,1954,997,61.76965928,25.31415987,12.91618085,42.22451081,33.94144476,23.83404443
3128,VIC,99802.82559,2.448862381,27.42857143,44.86051772,3757,2546,4992,33.26250553,22.54094732,44.19654714,25.30878317,24.7483989,49.94281793
3129,VIC,122406.1011,2.777287258,25.41201489,33.10734463,4546,2396,454,61.46565711,32.39588967,6.138453218,37.66857851,32.28956751,30.04185398
3130,VIC,125967.8886,2.774293647,19.75953999,34.47387785,9658,2574,1335,71.18744011,18.97250682,9.84005307,39.76033952,35.25006241,24.98959807
3131,VIC,113840.5229,2.648047282,20.03795066,31.43921751,6582,2641,379,68.54821912,27.50468652,3.947094355,36.37237237,35.05105105,28.57657658
3132,VIC,123641.396,2.762835427,15.94202899,27.65060241,4371,2267,379,62.2915776,32.30725381,5.401168591,35.59454802,36.34654551,28.05890647
3133,VIC,122652.1195,2.850451826,22.54018032,28.35951134,7067,1268,178,83.01421356,14.89486667,2.09091977,45.59422193,37.5574524,16.84832567
3134,VIC,120990.6739,2.707674144,15.87672192,37.01556301,11719,1063,1309,83.16656022,7.543822298,9.289617486,33.06445172,38.24774379,28.68780449
3135,VIC,120083.4345,2.724941115,13.68383147,34.29923122,7694,539,63,92.74349084,6.49710704,0.759402122,35.39846439,40.21710352,24.38443209
3136,VIC,111048.3631,2.6007763,15.36363636,37.31261924,16614,1755,666,87.28132388,9.219858156,3.498817967,34.32765982,42.13019828,23.5421419
3137,VIC,104024.1782,2.510371179,16.44204852,37.87185355,5070,776,70,85.69979716,13.11697093,1.183231913,35.33947715,46.37953733,18.28098552
3138,VIC,114821.2041,2.650754082,14.77205447,35.24699599,8213,390,21,95.23423006,4.522263451,0.243506494,32.31584258,46.92230071,20.76185671
3139,VIC,109668.4937,2.620260905,16.46055437,35.92964824,5343,8,10,99.66424175,0.149225891,0.186532363,34.86828459,55.52789878,9.603816636
3140,VIC,107479.0634,2.5330167,15.13157895,39.94708995,5578,1420,10,79.59474886,20.26255708,0.142694064,34.42674657,45.78142249,19.79183094
3141,VIC,131558.9086,2.528866058,20.54467272,27.00682057,1175,2088,14311,6.686013429,11.88118812,81.43279845,18.37288661,18.07042035,63.55669304
3142,VIC,170348.1072,2.822315559,31.56899811,33.29073482,2058,1377,3751,28.63902032,19.16225995,52.19871973,44.40500654,23.22062395,32.37436951
3143,VIC,146831.8162,2.700644271,19.80088496,30.53435115,1280,856,3246,23.7829803,15.90486808,60.31215162,30.3292085,23.55825356,46.11253794
3144,VIC,171031.7906,2.906489881,20.26143791,30.01876173,2196,962,1764,44.61600975,19.54490045,35.8390898,43.36577261,29.0529314,27.58129599
3145,VIC,153774.7113,2.858304166,18.41673503,34.2660023,5090,2470,2939,48.4808077,23.5260501,27.9931422,35.73631898,31.48634754,32.77733349
3146,VIC,163752.8859,3.000405145,19.00714043,27.6754214,5841,2033,3386,51.87388988,18.05506217,30.07104796,37.92285479,33.59117162,28.4859736
3147,VIC,145327.8728,2.836370398,19,34.6684176,3963,986,1050,66.06101017,16.43607268,17.50291715,34.51997728,33.68680174,31.79322098
3148,VIC,121240.9445,2.695338513,20.13108614,30.52302888,2236,1090,816,53.98358281,26.31578947,19.70062772,25.44579677,33.71072743,40.8434758
3149,VIC,129038.8613,2.878841512,26.51055218,29.65367965,9447,1399,3010,68.17984988,10.09670901,21.72344111,43.02287582,32.0996732,24.87745098
3150,VIC,121058.2408,2.815914874,28.84824339,33.82949932,19240,2270,2961,78.62367701,9.276286216,12.10003678,45.72009882,30.32989391,23.95000727
3151,VIC,104493.006,2.605493134,29.07216495,35.04366812,3219,831,413,72.1263724,18.61976249,9.253865113,44.18300654,29.07189542,26.74509804
3152,VIC,117070.5148,2.776027058,23.40265598,30.66841415,10710,1979,468,81.4015353,15.04142282,3.557041879,39.83463882,38.2767624,21.88859878
3153,VIC,98538.9818,2.466601776,18.27242525,35.85158695,6195,2169,663,68.62745098,24.02791625,7.344632768,28.52348993,40.65374099,30.82276908
3154,VIC,115210.2363,2.718831169,12.84916201,35.03649635,1578,96,4,94.04052443,5.721096544,0.238379023,36.72391017,52.44385733,10.8322325
3155,VIC,97857.70285,2.445123914,18.4428656,35.95551895,7238,2578,398,70.86352066,25.23986685,3.896612493,30.85129545,40.31134335,28.8373612
3156,VIC,115977.6907,2.668212784,15.53813257,36.08247423,13380,1164,279,90.26512852,7.852661405,1.882210079,35.65954311,45.70375829,18.6366986
3158,VIC,124339.1408,2.925540765,12.73830156,31.30841121,2537,15,28,98.33333333,0.581395349,1.085271318,35.78328433,54.17891642,10.03779924
3159,VIC,133843.1999,3.03436019,12.41534989,39.58333333,946,0,0,100,0,0,34.64285714,58.45238095,6.904761905
3160,VIC,124509.725,2.908382674,12.78054863,36.29893238,3371,55,16,97.93724579,1.597908193,0.46484602,34.53169347,55.75528225,9.713024283
3161,VIC,144739.6338,2.792612372,20.59405941,35.75418994,2679,1902,3470,33.27536952,23.62439449,43.100236,32.27905569,26.58898305,41.13196126
3162,VIC,147081.7429,2.88513614,18.94521249,34.57076566,3654,2511,1359,48.5645933,33.37320574,18.06220096,37.8366112,33.4795764,28.68381241
3163,VIC,122655.9552,2.656465732,15.23386465,30.60739115,5077,4649,6537,31.21810244,28.58636168,40.19553588,27.39369395,30.40931443,42.19699161
3165,VIC,135365.0182,2.853536291,18.35774059,34.37240233,8078,1697,2021,68.48084096,14.38623262,17.13292642,35.48842462,39.98682477,24.52475061
3166,VIC,122627.1893,2.669845692,17.26832899,32.36569903,6320,2295,2101,58.97723031,21.41657335,19.60619634,31.94111232,32.36641221,35.69247546
3167,VIC,116546.1939,2.638686131,20.45454545,30.55555556,3231,403,281,82.52873563,10.29374202,7.17752235,39.29391504,36.68197474,24.02411022
3168,VIC,94687.78672,2.421045218,26.8808115,39.81888745,3094,3256,2651,34.37395845,36.17375847,29.45228308,19.62872356,18.88041445,61.49086199
3169,VIC,99356.07692,2.42990015,20.6557377,32.78688525,5363,2148,798,64.54446985,25.85148634,9.604043808,36.56319911,28.39765101,35.03914989
3170,VIC,116189.6972,2.702115159,21.91413238,30.269876,6121,1240,21,82.91790843,16.79761582,0.284475752,39.22627081,37.66681661,23.10691258
3171,VIC,89229.61136,2.184010152,25.25667351,35.42993631,5476,1661,829,68.74215416,20.85111725,10.4067286,33.71800562,24.30832963,41.97366474
3172,VIC,105298.7963,2.458223511,20.29220779,36.32842758,6726,1180,132,83.67753172,14.68026872,1.642199552,43.14516129,37.35215054,19.50268817
3173,VIC,116966.2544,2.759960269,24.87483531,32.32786885,8651,954,117,88.9837482,9.812795721,1.203456079,32.74985884,47.87125918,19.37888199
3174,VIC,86493.35049,2.200795522,23.79664684,33.68557257,10550,2064,2783,68.51984153,13.40520881,18.07494967,30.02179304,30.94611858,39.03208837
3175,VIC,85059.59431,2.146309712,25.25510204,38.83305835,12192,5539,2737,59.56615204,27.06175493,13.37209302,28.53585081,28.22888915,43.23526005
3177,VIC,79614.51218,2.008752188,26.79856115,34.64566929,3666,957,18,78.99159664,20.62055591,0.387847447,23.67262367,32.60813261,43.71924372
3178,VIC,128452.1892,2.88093981,17.16972878,27.09390863,11020,925,118,91.35372627,7.668075935,0.978197795,37.48746467,46.74993163,15.7626037
3179,VIC,115093.7716,2.726653696,17.63157895,28.53828306,2123,73,14,96.06334842,3.303167421,0.633484163,35.52696685,41.06877783,23.40425532
3180,VIC,109296.1706,2.645457759,18.1913775,31.22866894,2415,629,10,79.07662083,20.59593975,0.327439424,37.9398827,38.74633431,23.31378299
3181,VIC,133229.8833,2.555929782,15.42857143,26.44920417,1824,2698,7855,14.7370122,21.79849721,63.46449059,19.18304033,23.87797311,56.93898656
3182,VIC,115589.0326,2.395875937,16.47106435,32.73364842,805,1697,12795,5.262469765,11.0936785,83.64385174,15.63655119,23.45052867,60.91292014
3183,VIC,128813.3452,2.630489972,16.23062016,29.98885173,1666,1504,6616,17.02432046,15.36889434,67.6067852,20.62838012,29.35874324,50.01287664
3184,VIC,137175.7305,2.694187491,16.33489461,30.24971623,1149,1193,6748,12.64026403,13.12431243,74.23542354,21.23697012,26.4628214,52.30020848
3185,VIC,142274.82,2.731893041,15.39538139,29.56888472,2216,1193,3125,33.91490664,18.25834099,47.82675237,30.00901713,28.65644725,41.33453562
3186,VIC,173065.1709,2.941570774,25.97165066,37.05609882,5781,2390,2283,55.29940693,22.86206237,21.83853071,46.52223489,28.63169897,24.84606613
3187,VIC,161389.2607,2.942265977,21.84684685,37.19397363,4457,1623,657,66.15704319,24.09084162,9.752115185,43.30514447,35.79985906,20.89499648
3188,VIC,155289.1403,2.845461044,15.9358793,31.13879004,4648,1820,1509,58.26751912,22.81559484,18.91688605,38.02181818,35.08363636,26.89454545
3189,VIC,123340.9412,2.674968867,17.26618705,36.91588785,2034,227,525,73.00789663,8.147882268,18.84422111,30.77905492,39.42103023,29.79991486
3190,VIC,132275.9973,2.723930204,13.79117811,31.9286872,2777,1566,1010,51.8774519,29.25462358,18.86792453,30.8649789,41.01265823,28.12236287
3191,VIC,152352.5594,2.813176471,15.34693878,36.12204724,2329,1086,1463,47.74497745,22.26322263,29.99179992,40.78947368,33.01435407,26.19617225
3192,VIC,120741.3916,2.644514768,16.5890028,34.45378151,6000,2421,2059,57.2519084,23.10114504,19.64694656,33.90544041,38.21243523,27.88212435
3193,VIC,162642.6205,2.948247978,16.5202109,35.11293634,5735,1824,546,70.75879087,22.50462677,6.736582357,49.94535519,35.21857923,14.83606557
3194,VIC,120427.6234,2.595017794,14.59770115,35.57522124,2673,2372,1255,42.42857143,37.65079365,19.92063492,32.51988431,34.43600868,33.04410701
3195,VIC,134595.7773,2.804443145,13.9759969,32.18347233,8686,4070,2121,58.38542717,27.3576662,14.25690663,36.10283159,42.52608048,21.37108793
3196,VIC,111874.6066,2.555299963,15.0435674,36.1183964,5591,3268,3103,46.73967564,27.31984618,25.94047818,32.81308411,40.27102804,26.91588785
3197,VIC,113599.4954,2.566488267,18.65803414,38.0236305,2921,1698,827,53.63569592,31.17884686,15.18545722,37.50266809,40.6189968,21.87833511
3198,VIC,95789.69071,2.298367973,14.74330847,37.25581395,5913,1947,245,72.95496607,24.02220851,3.022825416,28.79270411,36.63867979,34.5686161
3199,VIC,98997.11785,2.380046531,15.09325681,41.34242753,18733,4547,1409,75.87589615,18.41710883,5.706995018,30.17751479,36.52672114,33.29576406
3200,VIC,71016.64029,1.821092279,23.39622642,40.75774971,2386,196,4,92.26604795,7.579273009,0.154679041,25.68149211,27.78574845,46.53275945
3201,VIC,95703.46014,2.355026007,17.83295711,39.6749522,7038,1832,36,79.02537615,20.57040198,0.404221873,22.90661719,48.89301175,28.20037106
3202,VIC,126909.6812,2.831074035,18.55955679,35.0877193,838,115,81,81.04448743,11.12185687,7.833655706,29.49260042,42.81183932,27.69556025
3204,VIC,140782.8231,2.865566038,17.4072138,35.22633745,7516,2981,3244,54.69762026,21.69419984,23.6081799,32.67375711,34.98227389,32.343969
3205,VIC,134638.0232,2.529273581,16.568545,28.72869318,308,2425,4425,4.302877899,33.87817826,61.81894384,19.54928545,23.74496152,56.70575302
3206,VIC,169872.677,2.799129804,23.93258427,31.02661597,830,2935,1302,16.38050128,57.9238208,25.69567792,39.50134441,24.46834515,36.03031044
3207,VIC,151622.1803,2.691992313,19.86921529,26.752,524,4017,5143,5.410987195,41.48079306,53.10821974,26.60799793,28.88572538,44.50627669
3211,VIC,123271.9443,2.644444444,23.57142857,38.46153846,478,0,0,100,0,0,46.39175258,41.2371134,12.37113402
3212,VIC,113591.4548,2.596499453,12.16730038,30.53613054,6188,672,71,89.28004617,9.695570625,1.024383206,31.53711652,46.47909712,21.98378636
3213,VIC,127632.2049,2.801701571,14.88721805,38.41059603,1570,49,57,93.67541766,2.923627685,3.400954654,38.25281271,50.89344805,10.85373925
3214,VIC,69632.43523,1.738154613,17.8232651,36.47965966,9466,1150,119,88.17885422,10.71262226,1.108523521,27.54251417,25.03056574,47.42692008
3215,VIC,94839.15433,2.25388014,11.46847228,33.47073372,8156,1257,327,83.73716632,12.90554415,3.357289528,38.91580161,30.26528258,30.8189158
3216,VIC,108187.3921,2.552704391,11.00152799,34.38491693,20450,3699,131,84.22570016,15.23476112,0.539538715,36.46578609,36.3419556,27.1922583
3217,VIC,122419.119,2.980913823,12.07995365,25.36764706,7281,258,0,96.57779546,3.422204536,0,14.89268506,54.84012265,30.26719229
3218,VIC,112569.9151,2.507606973,10.23908524,33.87171204,5178,698,1158,73.61387546,9.923230026,16.46289451,28.80678183,33.84516955,37.34804862
3219,VIC,82721.6955,2.064264962,13.86609071,39.29197336,8036,1481,178,82.88808664,15.27591542,1.835997937,31.86852447,30.57044182,37.5610337
3220,VIC,125110.9592,2.614417798,12.56575102,32.63765542,5220,1794,1121,64.16717886,22.05285802,13.77996312,36.11070859,27.77858281,36.11070859
3221,VIC,166505.5429,3.067193676,16.12903226,50,294,0,0,100,0,0,50,40.69767442,9.302325581
3222,VIC,97040.16218,2.422727907,14.43827424,42.24137931,7656,301,34,95.80778376,3.76673758,0.425478663,42.55561894,37.59269823,19.85168283
3223,VIC,81806.04023,2.138693223,17.55253399,47.49373434,6839,586,40,91.6141996,7.84996651,0.535833891,54.99265786,23.61722956,21.39011258
3224,VIC,96510.97163,2.425681618,12.92383292,37.56906077,5665,379,3,93.68281793,6.267570696,0.049611378,40.41248606,41.13712375,18.45039019
3225,VIC,107922.2896,2.511003521,14.80637813,36.74911661,3548,442,114,86.45224172,10.76998051,2.777777778,62.37494563,23.22749021,14.39756416
3226,VIC,114588.215,2.684998472,12.03451408,37.16094033,7872,700,56,91.23783032,8.113120074,0.649049606,42.51460191,38.37995696,19.10544113
3227,VIC,142024.0045,2.870769231,15.55555556,34.22053232,2557,186,70,90.89939566,6.612157839,2.488446498,49.69635628,34.6659919,15.63765182
3228,VIC,135803.9882,2.932445521,12.6569729,30.34759358,9706,941,231,89.22596065,8.650487222,2.123552124,36.40151979,42.72582424,20.87265596
3230,VIC,119775.8098,2.632554392,17.39130435,32.99492386,2770,196,8,93.14055145,6.590450572,0.268997983,54.87804878,26.9054878,18.21646341
3231,VIC,131880.1538,2.761755486,21.37931034,33.33333333,1875,14,16,98.42519685,0.734908136,0.839895013,60.98226467,28.64938608,10.36834925
3232,VIC,132111.4676,2.450704225,30.76923077,36.19047619,1523,153,65,87.47846065,8.788052843,3.733486502,57.04697987,19.29530201,23.65771812
3233,VIC,90279.85398,2.203302374,23.28042328,31.92488263,2177,208,92,87.88857489,8.397254744,3.714170367,50.57803468,23.2177264,26.20423892
3234,VIC,134910.6296,2.662790698,36,0,497,0,0,100,0,0,55.08474576,28.81355932,16.10169492
3235,VIC,107530.5811,2.74863388,20.63492063,21.42857143,261,0,0,100,0,0,49.41860465,40.11627907,10.46511628
3236,VIC,78986.24699,2.307692308,40.74074074,50,160,4,0,97.56097561,2.43902439,0,52.22222222,32.22222222,15.55555556
3237,VIC,71544.86628,2.256880734,12.90322581,45.45454545,181,0,0,100,0,0,54,36,10
3238,VIC,104406.5391,2.513761468,16.66666667,25,196,0,0,100,0,0,51.85185185,37.03703704,11.11111111
3239,VIC,86393.79429,2.229508197,22.44897959,21.05263158,262,0,0,100,0,0,56,33.14285714,10.85714286
3240,VIC,135604.0453,2.958100559,12.2923588,26.66666667,782,0,4,99.49109415,0,0.508905852,44.68390805,47.70114943,7.614942529
3241,VIC,95404.12406,2.433880726,15.78947368,43.01675978,1297,57,0,95.79025111,4.209748892,0,37.29111697,43.88742304,18.82145998
3242,VIC,101153.8692,2.5,11.2,31.11111111,459,0,0,100,0,0,42.77929155,39.78201635,17.4386921
3243,VIC,119126.803,2.578231293,14.28571429,33.33333333,216,0,0,100,0,0,46.80851064,43.26241135,9.929078014
3249,VIC,91210.66945,2.440359477,16.52892562,33,1504,0,0,100,0,0,52.37288136,36.10169492,11.52542373
3250,VIC,81977.49959,2.040368411,11.86797753,34.84466835,5069,668,7,88.24860724,11.62952646,0.121866295,41.22701839,31.81454836,26.95843325
3251,VIC,80954.05303,2.303030303,20.3125,0,273,4,0,98.55595668,1.444043321,0,50.94339623,37.73584906,11.32075472
3254,VIC,88026.35185,2.355932203,18.96551724,25,143,4,0,97.27891156,2.721088435,0,29.41176471,52.94117647,17.64705882
3260,VIC,86222.85502,2.158467115,10.76604555,34.28571429,2219,127,5,94.38536793,5.401956614,0.212675457,50.26910657,29.70936491,20.02152853
3264,VIC,76481.5491,2.052117264,12.44444444,25.1497006,977,78,7,91.99623352,7.344632768,0.65913371,47.84580499,30.83900227,21.31519274
3265,VIC,109935.0045,2.546955624,13.88888889,15.25423729,1164,0,0,100,0,0,43.56659142,38.8261851,17.60722348
3266,VIC,86301.76707,2.178141136,14.81481481,32.18390805,1303,71,0,94.83260553,5.167394469,0,48.61367837,32.0702403,19.31608133
3267,VIC,111799.5526,2.558823529,25,44.44444444,86,0,0,100,0,0,46.96969697,39.39393939,13.63636364
3268,VIC,97953.9213,2.335449735,16.59574468,23.1884058,1161,20,0,98.3065199,1.693480102,0,48.36158192,31.63841808,20
3269,VIC,120899.5438,2.5125,15.38461538,22.5,393,18,3,94.92753623,4.347826087,0.724637681,46.83544304,30.80168776,22.3628692
3270,VIC,88905.62977,2.31496063,22.22222222,35.71428571,352,0,0,100,0,0,58.20895522,23.88059701,17.91044776
3271,VIC,62335.56557,2.161764706,0,30,92,0,0,100,0,0,58.82352941,11.76470588,29.41176471
3272,VIC,72996.10894,2.061654135,18.02325581,34.90566038,795,14,0,98.26946848,1.73053152,0,49.13112164,31.43759874,19.43127962
3273,VIC,120851.3519,2.659090909,33.33333333,,60,0,0,100,0,0,48.7804878,36.58536585,14.63414634
3274,VIC,86978.19333,2.157894737,0,0,124,0,0,100,0,0,60.21505376,19.35483871,20.43010753
3275,VIC,123612.5435,2.594594595,4.615384615,0,161,0,0,100,0,0,36.55172414,53.79310345,9.655172414
3276,VIC,98286.13694,2.261904762,13.7254902,17.39130435,191,0,0,100,0,0,43.1372549,40.52287582,16.33986928
3277,VIC,108322.3285,2.476335878,14.85148515,25.84269663,684,0,0,100,0,0,45.67307692,39.58333333,14.74358974
3278,VIC,98330.05556,2.467741935,28.88888889,0,139,0,0,100,0,0,39.82300885,45.13274336,15.04424779
3279,VIC,142118.4056,2.759036145,0,0,104,0,0,100,0,0,52.43902439,31.70731707,15.85365854
3280,VIC,92206.64962,2.250832829,11.67608286,34.15813424,12303,1913,792,81.97627932,12.74653518,5.277185501,37.91827294,31.73477255,30.34695451
3281,VIC,123125.8153,2.915309446,13.78091873,15.38461538,669,0,0,100,0,0,37.79661017,54.74576271,7.457627119
3282,VIC,93381.35845,2.417289221,10.42944785,34.64566929,1009,49,0,95.36862004,4.631379962,0,42.77899344,40.9190372,16.30196937
3283,VIC,109943.9389,2.716796875,16.95906433,15,603,0,0,100,0,0,47.73662551,42.18106996,10.08230453
3284,VIC,98231.55236,2.384358289,14.3258427,35.49618321,2082,251,18,88.5580604,10.67630795,0.765631646,51.98938992,27.3872679,20.62334218
3285,VIC,99118.3809,2.549356223,13.23529412,13.79310345,591,0,0,100,0,0,53.52112676,37.08920188,9.389671362
3286,VIC,77811.89175,2.262222222,19.23076923,0,284,0,0,100,0,0,56.22119816,31.79723502,11.98156682
3287,VIC,111234.7623,2.570512821,25.64102564,45,193,0,0,100,0,0,47.76119403,35.07462687,17.1641791
3289,VIC,77573.21916,2.159744409,21.66666667,24.32432432,408,0,0,100,0,0,54.69798658,27.18120805,18.12080537
3292,VIC,67053.82099,1.85915493,0,0,247,0,4,98.4063745,0,1.593625498,70.11494253,16.09195402,13.79310345
3293,VIC,87029.51154,2.353383459,0,31.57894737,201,0,0,100,0,0,57.37704918,25.40983607,17.21311475
3294,VIC,97809.71046,2.462724936,12.30769231,28.78787879,492,16,0,96.8503937,3.149606299,0,56.75675676,20.81081081,22.43243243
3300,VIC,81450.46519,2.122326972,8.048780488,30.20496224,4591,327,117,91.1817279,6.494538232,2.323733863,43.42136013,31.99345642,24.58518345
3301,VIC,110505.5254,2.712446352,12.61261261,0,568,0,0,100,0,0,60.78886311,28.77030162,10.44083527
3302,VIC,101139.512,2.433566434,25.53191489,25,192,0,0,100,0,0,56.48854962,35.8778626,7.633587786
3303,VIC,84525.76263,2.359649123,9.375,0,144,0,0,100,0,0,49.49494949,36.36363636,14.14141414
3304,VIC,78062.42362,2.02430243,12.2923588,25.47770701,1326,30,4,97.5,2.205882353,0.294117647,50.8411215,32.14953271,17.00934579
3305,VIC,83779.61468,2.091705499,11.17804552,32.13627993,5735,544,98,89.93257017,8.530657049,1.536772777,43.85964912,32.4844369,23.65591398
3309,VIC,63179.55556,2.085106383,0,0,63,0,0,100,0,0,56.81818182,34.09090909,9.090909091
3310,VIC,50737.36408,1.876923077,17.85714286,0,160,0,0,100,0,0,65.38461538,26.15384615,8.461538462
3311,VIC,65587.61905,1.8,8.666666667,25.71428571,886,0,50,94.65811966,0,5.341880342,61.52796726,22.91950887,15.55252387
3312,VIC,92594.64324,2.388746803,11.76470588,0,536,0,0,100,0,0,62.63736264,27.47252747,9.89010989
3314,VIC,101284.8333,2.502242152,8.333333333,0,280,0,0,100,0,0,55.98086124,29.18660287,14.83253589
3315,VIC,80673.86244,2.122708039,8.510638298,22.22222222,860,21,0,97.61634506,2.383654938,0,61.44578313,23.79518072,14.75903614
3317,VIC,99259.52308,2.253521127,0,0,110,0,0,100,0,0,55.2238806,34.32835821,10.44776119
3318,VIC,74121.79979,2.062737643,5.747126437,19.54022989,659,22,33,92.29691877,3.081232493,4.621848739,56.13682093,23.54124748,20.32193159
3319,VIC,81236.58609,2.207317073,0,47.36842105,222,10,0,95.68965517,4.310344828,0,59.09090909,28.57142857,12.33766234
3321,VIC,122482.969,2.968365554,13.51351351,16.66666667,628,0,4,99.36708861,0,0.632911392,35.66308244,58.60215054,5.734767025
3322,VIC,53080.30723,2.032608696,0,0,100,0,0,100,0,0,60.97560976,32.92682927,6.097560976
3323,VIC,75675.25758,2.297297297,0,,57,0,0,100,0,0,88.46153846,11.53846154,0
3324,VIC,70627.22078,2.052208835,5.357142857,20,307,9,0,97.15189873,2.848101266,0,50.83333333,29.16666667,20
3325,VIC,68968.2963,2.085858586,13.51351351,37.5,265,3,0,98.88059701,1.119402985,0,58.5106383,26.59574468,14.89361702
3328,VIC,117696.1527,2.875175316,14.84375,25,754,0,0,100,0,0,32.01133144,62.60623229,5.382436261
3329,VIC,91788.26404,2.625,23.68421053,38.46153846,134,0,0,100,0,0,46.07843137,42.15686275,11.76470588
3330,VIC,94422.3038,2.298701299,19.04761905,0,106,3,0,97.24770642,2.752293578,0,56.41025641,33.33333333,10.25641026
3331,VIC,117149.7486,2.768388792,11.60949868,40.27777778,2379,88,3,96.31578947,3.562753036,0.12145749,31.42983621,57.63612218,10.93404161
3332,VIC,110296.9759,2.666666667,19.44444444,34.7826087,424,0,0,100,0,0,37.56906077,53.59116022,8.839779006
3333,VIC,99178.67882,2.474358974,18.75,33.33333333,367,0,0,100,0,0,41.10032362,45.95469256,12.94498382
3334,VIC,89568.89713,2.363207547,14.1025641,40,280,0,0,100,0,0,48.24120603,41.70854271,10.05025126
3335,VIC,105651.0413,2.793874575,22.8678538,36.62790698,2166,34,30,97.13004484,1.524663677,1.34529148,13.67690783,57.97819623,28.34489594
3336,VIC,129536.6199,3.219002563,21.10705596,27.9342723,5231,162,0,96.99610606,3.003893937,0,8.522500996,72.6602947,18.8172043
3337,VIC,90471.6906,2.332665925,19.8255497,42.13703592,13857,1259,94,91.10453649,8.277449047,0.618014464,25.93318754,46.58773848,27.47907398
3338,VIC,97668.75526,2.525500831,19.55296013,38.88043809,11755,1111,17,91.2442754,8.623767756,0.131956842,18.98486198,49.20747996,31.80765806
3340,VIC,108915.5462,2.557215023,13.36953711,36.12099644,9055,898,98,90.09053825,8.934434385,0.97502736,29.88946537,48.7818633,21.32867133
3341,VIC,128815.3525,2.807692308,18.51851852,17.64705882,637,0,0,100,0,0,38.40445269,57.69944341,3.896103896
3342,VIC,99954.56246,2.472630174,14.01709402,36.4806867,1642,85,3,94.9132948,4.913294798,0.173410405,37.9403794,45.05420054,17.00542005
3345,VIC,119324.351,2.756756757,12.39669421,30.3030303,576,0,0,100,0,0,36.15221987,55.39112051,8.456659619
3350,VIC,99560.52942,2.431210631,10.71893722,33.9102969,24573,3745,1087,83.56742051,12.73592926,3.69665023,33.14521465,32.84941424,34.00537111
3351,VIC,101208.4147,2.556760204,12.06764028,20.2247191,3666,13,7,99.4574064,0.352685838,0.189907759,43.70686822,49.45777194,6.835359842
3352,VIC,109934.3617,2.671243687,11.99416697,30.75601375,7155,27,36,99.12718204,0.374064838,0.498753117,39.3224149,49.87154785,10.80603725
3355,VIC,72913.38646,1.860262009,11.33525456,35.41048467,5107,921,267,81.12787927,14.63065925,4.241461477,36.62024141,22.09842154,41.28133705
3356,VIC,71369.89997,1.941709642,12.90137615,36.29107981,5600,1597,16,77.63759878,22.14057951,0.221821711,31.3093896,31.01948784,37.67112256
3357,VIC,116371.4482,2.721167883,8.474576271,38.32335329,1456,30,28,96.16908851,1.981505945,1.849405548,47.85502959,38.53550296,13.60946746
3358,VIC,107405.0429,2.841788478,11.55698234,31.08614232,1240,0,0,100,0,0,16.69520548,58.4760274,24.82876712
3360,VIC,79037.06151,2.177325581,10.57692308,56.25,430,0,0,100,0,0,50.14749263,36.87315634,12.97935103
3361,VIC,72520.59195,2.028268551,17.33333333,30.3030303,366,3,0,99.18699187,0.81300813,0,54.19847328,32.0610687,13.74045802
3363,VIC,78032.47465,2.186535764,15.01154734,40.51724138,1518,16,119,91.83303085,0.967937084,7.199032063,45.40853218,36.08098337,18.51048445
3364,VIC,93285.10777,2.500576701,21.69117647,24.07407407,1051,3,0,99.71537002,0.284629981,0,54.04761905,37.73809524,8.214285714
3370,VIC,69527.93426,2.119605425,12.87553648,40,994,18,9,97.35553379,1.762977473,0.881488737,50.75,35.5,13.75
3371,VIC,72123.16229,2.015765766,18.75,30,647,0,3,99.53846154,0,0.461538462,54.70852018,37.21973094,8.071748879
3373,VIC,77125.05297,2.091976517,12.45283019,43.26241135,1259,13,4,98.6677116,1.018808777,0.313479624,51.62601626,32.82520325,15.54878049
3374,VIC,89983.43966,2.369942197,12,0,220,0,0,100,0,0,53.21637427,35.0877193,11.69590643
3375,VIC,91472.22727,2.365853659,26.31578947,27.27272727,100,0,0,100,0,0,59.49367089,22.78481013,17.72151899
3377,VIC,81099.36696,2.063964709,11.36131013,32.83018868,3817,372,20,90.6866239,8.838203849,0.47517225,43.52974345,31.04031576,25.4299408
3378,VIC,113869.8704,3.020833333,0,0,57,0,0,100,0,0,51.1627907,27.90697674,20.93023256
3379,VIC,86595.52174,2.257961783,6.976744186,0,415,4,0,99.04534606,0.954653938,0,68.13186813,20.14652015,11.72161172
3380,VIC,75255.07187,1.964632724,7.802547771,29.8791019,2690,119,189,89.72648432,3.969312875,6.304202802,46.2331483,27.83505155,25.93180016
3381,VIC,92425.40415,2.412731006,17.88617886,35.52631579,815,29,0,96.56398104,3.436018957,0,50.0967118,29.98065764,19.92263056
3384,VIC,76643.82619,2.25462963,5.454545455,0,298,0,0,100,0,0,62.3853211,28.89908257,8.71559633
3385,VIC,79927.08621,2.236966825,11.32075472,33.33333333,268,0,0,100,0,0,61.03286385,30.51643192,8.450704225
3387,VIC,76656.16667,2.204918033,21.73913043,0,141,0,0,100,0,0,70.2970297,18.81188119,10.89108911
3388,VIC,77893.37755,2.055299539,0,16,289,0,0,100,0,0,67.61904762,21.9047619,10.47619048
3390,VIC,75244.49458,1.969924812,9.278350515,35.82089552,469,11,4,96.90082645,2.272727273,0.826446281,52.18508997,27.76349614,20.05141388
3391,VIC,100563.8304,2.233333333,23.52941176,0,85,0,0,100,0,0,72.54901961,21.56862745,5.882352941
3392,VIC,68179.78755,1.929752066,13.63636364,22.22222222,318,0,0,100,0,0,64.19213974,22.70742358,13.10043668
3393,VIC,77520.96522,1.949817518,8.230452675,25.98870056,1321,47,11,95.79405366,3.40826686,0.797679478,53.54777673,25.54399243,20.90823084
3395,VIC,79073.81944,1.979020979,0,40,178,12,0,93.68421053,6.315789474,0,66.90140845,16.90140845,16.1971831
3396,VIC,79874.69245,1.927631579,9.302325581,14.28571429,378,6,8,96.42857143,1.530612245,2.040816327,65.31986532,15.82491582,18.85521886
3400,VIC,85712.71603,2.091125575,9.602272727,34.54332553,6349,449,452,87.57241379,6.193103448,6.234482759,37.18714678,31.3256903,31.48716293
3401,VIC,113153.9426,2.694603175,11.02661597,15.73033708,1907,5,0,99.73849372,0.261506276,0,52.34680574,39.70013038,7.953063885
3407,VIC,85516.07895,2.394117647,10,0,229,9,3,95.02074689,3.734439834,1.244813278,62.26415094,29.55974843,8.176100629
3409,VIC,89780.12803,2.389873418,8.219178082,21.05263158,495,0,9,98.21428571,0,1.785714286,62.46648794,23.5924933,13.94101877
3412,VIC,72788.84426,1.884297521,0,0,163,0,0,100,0,0,63.70967742,22.58064516,13.70967742
3413,VIC,122470.3681,2.443037975,0,0,111,0,0,100,0,0,72.46376812,13.04347826,14.49275362
3414,VIC,74484.30775,1.970548862,6.862745098,36.45833333,924,0,32,96.65271967,0,3.347280335,53.49462366,30.24193548,16.26344086
3415,VIC,141108.5909,2.136363636,,,20,0,0,100,0,0,100,0,0
3418,VIC,89186.39471,2.12132025,5.555555556,18.78172589,1296,75,13,93.6416185,5.419075145,0.939306358,52.22222222,26.38888889,21.38888889
3419,VIC,75314.49455,2.050632911,11.29032258,11.86440678,456,10,3,97.22814499,2.132196162,0.639658849,65.07936508,19.04761905,15.87301587
3420,VIC,122133.1939,2.505263158,0,0,133,0,0,100,0,0,76.82926829,6.097560976,17.07317073
3423,VIC,58443.31892,1.753623188,17.94871795,0,317,7,0,97.83950617,2.160493827,0,65.80310881,22.79792746,11.39896373
3424,VIC,69872.41613,2.115264798,7.8125,9.677419355,437,13,0,97.11111111,2.888888889,0,65.01650165,24.75247525,10.2310231
3427,VIC,109982.1451,2.735839844,17.60368664,32.05128205,2130,165,0,92.81045752,7.189542484,0,20.83333333,58.13492063,21.03174603
3428,VIC,110711.9208,2.660792952,26.31578947,50,250,0,0,100,0,0,44.85981308,45.79439252,9.345794393
3429,VIC,112721.3958,2.619532909,13.0786063,35.62616822,13495,703,1186,87.72100884,4.569682787,7.709308372,31.58196957,47.50215332,20.91587712
3430,VIC,126280.9128,2.5,13.04347826,73.33333333,125,0,0,100,0,0,44.57831325,38.55421687,16.86746988
3431,VIC,128574.7025,2.864058355,13.3126935,35.94771242,1553,93,8,93.89359129,5.622732769,0.483675937,38.65319865,49.29292929,12.05387205
3432,VIC,92624.5,2.75,19.04761905,0,78,0,0,100,0,0,47.05882353,45.58823529,7.352941176
3433,VIC,131572.1048,3.058823529,27.27272727,0,77,0,0,100,0,0,36.36363636,57.57575758,6.060606061
3434,VIC,120825.1167,2.771226415,14.39613527,33.95348837,2293,60,14,96.87367976,2.534854246,0.591465991,33.31728455,55.46461242,11.21810303
3435,VIC,113772.715,2.679930796,12.85140562,38.0952381,1331,14,0,98.95910781,1.040892193,0,39.45518453,50,10.54481547
3437,VIC,138053.9425,2.915460777,12.5,34.9609375,3830,429,33,89.23578751,9.995340168,0.768872321,36.35662898,48.56115108,15.08221994
3438,VIC,135601.2387,2.934918648,10.14492754,32.92682927,848,32,0,96.36363636,3.636363636,0,40.53367217,48.66581957,10.80050826
3440,VIC,145799.0676,2.984218077,12.67605634,34.54545455,761,0,0,100,0,0,45.00723589,46.16497829,8.827785818
3441,VIC,159681.529,3.053949904,14.0625,40,640,7,0,98.91808346,1.081916538,0,45.87525151,46.88128773,7.243460765
3442,VIC,133186.3887,2.847353037,11.17117117,35.60209424,3307,272,7,92.21974345,7.585052984,0.195203569,43.20132013,42.40924092,14.38943894
3444,VIC,108259.8069,2.548880105,13.31168831,36.93843594,4195,333,4,92.56398941,7.347749338,0.088261253,44.07912323,37.28949479,18.63138198
3446,VIC,101233.5567,2.695754717,11.95652174,18.18181818,510,0,0,100,0,0,41.94312796,48.57819905,9.478672986
3447,VIC,99584.79949,2.61352657,14.66666667,27.27272727,254,0,0,100,0,0,51.26903553,45.68527919,3.045685279
3448,VIC,101030.6446,2.528822055,20.12195122,0,488,0,0,100,0,0,48.58611825,45.75835476,5.655526992
3450,VIC,80084.8422,2.265747415,14.40677966,43.38781575,3394,273,10,92.30350829,7.424530868,0.271960838,50.52631579,25.3907496,24.08293461
3451,VIC,91112.1523,2.533333333,14.20047733,40.87301587,2722,32,6,98.62318841,1.15942029,0.217391304,45.90592334,41.76829268,12.32578397
3453,VIC,104663.7391,2.633040936,16.53225806,27.45098039,817,0,0,100,0,0,48.06547619,42.11309524,9.821428571
3458,VIC,104362.714,2.537136706,13.91585761,50,1345,28,0,97.96067007,2.039329934,0,50.97192225,38.12095032,10.90712743
3460,VIC,87577.81045,2.194112967,16.23616236,40.4040404,1752,198,9,89.43338438,10.10719755,0.45941807,46.7032967,25.9811617,27.3155416
3461,VIC,97792.30396,2.437633262,18.35748792,42.6035503,2796,27,5,98.86845827,0.954738331,0.176803395,51.59235669,37.42038217,10.98726115
3462,VIC,77088.74853,2.343866171,14.21052632,38.88888889,665,4,10,97.93814433,0.58910162,1.47275405,53.87523629,38.94139887,7.183364839
3463,VIC,79099.24385,2.291593695,16.06557377,45.36082474,1426,21,0,98.54872149,1.451278507,0,57.57307352,32.68379097,9.743135518
3464,VIC,76404.76969,2.175675676,11.80555556,50,474,24,0,95.18072289,4.819277108,0,45.79439252,41.12149533,13.08411215
3465,VIC,65562.5299,1.81834947,12.58671952,43.73626374,4513,416,88,89.95415587,8.291807853,1.754036277,48.04015296,26.64913958,25.31070746
3467,VIC,67895.19216,1.906306306,12.40875912,28.37837838,640,18,0,97.26443769,2.73556231,0,53.33333333,29.07407407,17.59259259
3468,VIC,66757.70902,2.066115702,22.22222222,50,170,0,0,100,0,0,65.2173913,24.34782609,10.43478261
3469,VIC,59420.35938,1.946428571,26.31578947,0,168,0,0,100,0,0,70.09345794,25.23364486,4.672897196
3472,VIC,53953.9726,1.765601218,19.17808219,25,811,23,0,97.24220624,2.757793765,0,58.37245696,27.69953052,13.92801252
3475,VIC,46955.52667,1.756410256,26.08695652,0,282,0,0,100,0,0,78.23129252,16.32653061,5.442176871
3477,VIC,73816.92642,2.327044025,12.06896552,0,425,15,0,96.59090909,3.409090909,0,70.50847458,24.40677966,5.084745763
3478,VIC,66527.71195,1.877710321,9.090909091,31.72043011,1359,55,3,95.90684545,3.881439661,0.211714891,52.12389381,28.40707965,19.46902655
3480,VIC,80228.35947,2.012605042,9.929078014,20.72072072,859,9,34,95.23281596,0.997782705,3.76940133,56.67655786,24.18397626,19.13946588
3482,VIC,64521.55882,2.161764706,0,0,114,3,0,97.43589744,2.564102564,0,71.42857143,19.64285714,8.928571429
3483,VIC,88424.19937,2.222857143,6.756756757,9.090909091,442,0,25,94.64668094,0,5.353319058,55.08982036,25.4491018,19.46107784
3485,VIC,68931.46721,1.93442623,0,0,173,0,3,98.29545455,0,1.704545455,74.78991597,17.64705882,7.56302521
3487,VIC,35099.5,2.352941176,,0,51,0,0,100,0,0,85.71428571,0,14.28571429
3488,VIC,84549.5,2.25,0,,56,0,0,100,0,0,88,12,0
3489,VIC,62585.21429,2.625,0,,34,0,0,100,0,0,100,0,0
3490,VIC,72973.02669,1.97731569,5.454545455,29.06976744,654,20,0,97.03264095,2.96735905,0,53.83104126,24.75442043,21.41453831
3491,VIC,61486.73404,2.018518519,,0,79,0,0,100,0,0,71.42857143,12.5,16.07142857
3494,VIC,73919.27101,1.983539095,20.45454545,12.65822785,279,0,3,98.93617021,0,1.063829787,39.07563025,20.58823529,40.33613445
3496,VIC,83772.24033,2.137527115,10.6122449,32.10412148,2544,164,30,92.91453616,5.989773557,1.095690285,38.5126162,37.4501992,24.03718459
3498,VIC,98037.51797,2.397066015,11.53846154,26.19808307,2193,10,151,93.16057774,0.424808836,6.414613424,39.06485671,42.8858723,18.04927099
3500,VIC,85218.11209,2.076032683,10.37679426,35.13759381,12267,1801,1273,79.96219282,11.73978228,8.298024901,31.65250965,29.45945946,38.88803089
3501,VIC,120125.1788,2.68220339,13.28903654,27.86885246,751,4,3,99.07651715,0.527704485,0.395778364,41.35446686,48.27089337,10.37463977
3505,VIC,86203.10202,2.220890411,10.81504702,33.20610687,1950,77,35,94.56838021,3.734238603,1.697381183,37.485172,45.43297746,17.08185053
3506,VIC,84499.5,1.875,,,18,0,0,100,0,0,42.85714286,0,57.14285714
3507,VIC,66201.38679,1.892857143,0,0,85,0,0,100,0,0,73.01587302,12.6984127,14.28571429
3509,VIC,85230.78125,2.063157895,17.64705882,0,120,0,0,100,0,0,74.11764706,18.82352941,7.058823529
3512,VIC,72486.0461,2.117241379,0,0,176,7,0,96.17486339,3.825136612,0,69.85294118,13.23529412,16.91176471
3515,VIC,110185.7184,2.740024184,11.29032258,25.37313433,899,0,0,100,0,0,29.9877601,59.9755202,10.03671971
3516,VIC,88597.44239,2.373584906,11.76470588,11.53846154,369,0,0,100,0,0,50.95785441,38.69731801,10.34482759
3517,VIC,62477.2346,1.943298969,10.20408163,33.89830508,718,20,0,97.2899729,2.7100271,0,55.25846702,31.37254902,13.36898396
3518,VIC,61302.01827,1.875925926,9.615384615,18.6440678,703,81,5,89.10012674,10.2661597,0.633713561,64.88549618,22.70992366,12.40458015
3520,VIC,39866.16667,1.421875,0,33.33333333,113,0,0,100,0,0,64.78873239,23.94366197,11.26760563
3521,VIC,96710.23438,2.563492063,12.90322581,50,300,0,0,100,0,0,33.06122449,62.85714286,4.081632653
3522,VIC,83473.18421,2.269230769,13.15789474,30,207,0,0,100,0,0,44.53125,42.1875,13.28125
3523,VIC,71847.72078,1.98915009,17.07865169,44.44444444,2271,41,9,97.84575614,1.766479966,0.387763895,55.08578431,31.61764706,13.29656863
3525,VIC,67166.18529,1.992994746,15.12605042,21.42857143,694,49,13,91.7989418,6.481481481,1.71957672,61.71735242,24.32915921,13.95348837
3527,VIC,68839.33333,1.978851964,10.86956522,13.15789474,372,28,0,93,7,0,64.59016393,20,15.40983607
3529,VIC,127139.5,2.318181818,,0,51,0,0,100,0,0,65.78947368,15.78947368,18.42105263
3530,VIC,61460.61111,2.133333333,0,,87,0,0,100,0,0,80.39215686,19.60784314,0
3531,VIC,59799.5,2.102564103,0,0,100,0,0,100,0,0,63.88888889,15.27777778,20.83333333
3533,VIC,64493.25248,1.916129032,6.060606061,20.45454545,406,16,0,96.20853081,3.791469194,0,61.56351792,24.42996743,14.00651466
3537,VIC,74891.76039,2.086614173,15.78947368,18.18181818,534,26,0,95.35714286,4.642857143,0,63.21525886,22.34332425,14.44141689
3540,VIC,57662.05288,1.842105263,17.64705882,0,143,3,0,97.94520548,2.054794521,0,73.33333333,18.0952381,8.571428571
3542,VIC,60701.59184,1.826923077,0,,72,0,0,100,0,0,69.49152542,22.03389831,8.474576271
3544,VIC,80525.65341,2.101010101,0,0,138,0,0,100,0,0,62.10526316,21.05263158,16.84210526
3546,VIC,77710.61111,2.288732394,11.76470588,25,174,8,0,95.6043956,4.395604396,0,60.41666667,22.91666667,16.66666667
3549,VIC,90075.15987,2.04770318,19.51219512,24.80211082,1262,40,59,92.72593681,2.93901543,4.335047759,34.71971067,21.42857143,43.8517179
3550,VIC,91360.54499,2.247191011,10.6888361,33.91655451,16561,2877,287,83.95944233,14.58555133,1.455006337,33.98354877,27.42068155,38.59576968
3551,VIC,115405.2454,2.782586644,10.03766478,27.2658035,12904,104,6,99.15475642,0.799139388,0.046104195,36.042098,51.40614217,12.55175983
3555,VIC,80646.28548,2.101053864,12.09244738,34.10692085,8535,761,241,89.49355143,7.979448464,2.527000105,36.31805158,32.07975167,31.60219675
3556,VIC,78261.26033,2.079790121,13.01136364,36.80167598,5877,299,13,94.95879787,4.831152044,0.210050089,34.48022079,36.37534499,29.14443422
3557,VIC,101226.1737,2.514376997,11.11111111,27.27272727,361,0,0,100,0,0,37.88395904,52.90102389,9.215017065
3558,VIC,73466.61579,2.054590571,17,40.32258065,476,0,14,97.14285714,0,2.857142857,51.42857143,29.61038961,18.96103896
3559,VIC,81754.33756,2.373831776,12.24489796,36.36363636,291,0,0,100,0,0,58.28877005,29.94652406,11.76470588
3561,VIC,80655.44806,2.08419244,10.34482759,32.49097473,1932,97,3,95.07874016,4.773622047,0.147637795,49.64580874,31.10979929,19.24439197
3562,VIC,94704.53125,2.525641026,0,0,126,0,0,100,0,0,43.61702128,43.61702128,12.76595745
3563,VIC,77111.49296,2.174193548,18.88888889,26.08695652,363,9,4,96.54255319,2.393617021,1.063829787,47.97297297,33.44594595,18.58108108
3564,VIC,89696.99701,2.209365972,12.55506608,32.60590501,6597,935,23,87.31965586,12.37590999,0.30443415,39.92878155,32.57470197,27.49651649
3565,VIC,91510.21429,2.413043478,22.22222222,100,54,0,0,100,0,0,44.44444444,35.55555556,20
3566,VIC,73320.71198,2.017699115,5.882352941,14.28571429,280,12,0,95.89041096,4.109589041,0,54.28571429,29.52380952,16.19047619
3567,VIC,73010.20356,2.034090909,11.62790698,16.27906977,329,9,0,97.33727811,2.662721893,0,60,20.81632653,19.18367347
3568,VIC,77455.30809,1.987603306,9.541984733,25.78947368,1372,67,6,94.94809689,4.636678201,0.415224913,55.97592433,25.36543422,18.65864144
3570,VIC,91270.12653,2.416666667,13.76146789,38.88888889,355,0,0,100,0,0,46.15384615,48.07692308,5.769230769
3571,VIC,80646.78636,2.297297297,31.25,0,129,7,0,94.85294118,5.147058824,0,60,25,15
3572,VIC,118004.0455,2.933333333,30,0,63,0,0,100,0,0,51.2195122,36.58536585,12.19512195
3573,VIC,71101.99587,2.346456693,14.28571429,0,177,0,0,100,0,0,58.87850467,28.97196262,12.14953271
3575,VIC,70704.13158,2.029761905,8.928571429,21.31147541,421,6,0,98.59484778,1.405152225,0,55.12820513,22.11538462,22.75641026
3576,VIC,62536.34211,2.451612903,0,,33,0,0,100,0,0,65.38461538,34.61538462,0
3579,VIC,73101.76628,1.97714808,11.53081511,27.80612245,2425,175,0,93.26923077,6.730769231,0,50.30967127,27.87041448,21.81991424
3580,VIC,67085.06398,1.92,9.708737864,34,527,3,5,98.5046729,0.560747664,0.934579439,61.62528217,25.95936795,12.41534989
3581,VIC,105237.5952,2.113207547,0,0,52,0,0,100,0,0,68.08510638,14.89361702,17.0212766
3583,VIC,80291.60526,2.482758621,0,0,73,0,0,100,0,0,44.68085106,48.93617021,6.382978723
3584,VIC,92330.1466,2.255696203,11.03448276,23.21428571,533,0,14,97.44058501,0,2.559414991,41,41.25,17.75
3585,VIC,89217.45702,2.10578438,8.076602831,26.29482072,4230,474,427,82.44007016,9.237965309,8.321964529,36.74354876,30.48641242,32.77003882
3586,VIC,104719.3574,2.474074074,3.75,36.11111111,307,0,0,100,0,0,45.59386973,38.31417625,16.09195402
3588,VIC,80368.42593,2.084507042,0,40,166,0,0,100,0,0,48.90510949,43.79562044,7.299270073
3589,VIC,116049.5337,2.486238532,21.875,0,169,0,0,100,0,0,40.20618557,32.98969072,26.80412371
3590,VIC,83827.08621,2.356521739,12.19512195,26.66666667,135,0,0,100,0,0,46.84684685,36.03603604,17.11711712
3591,VIC,99921.06863,2.482758621,0,,74,0,0,100,0,0,50.87719298,43.85964912,5.263157895
3594,VIC,72243.1589,1.929515419,14.03508772,25.64102564,242,0,0,100,0,0,46.35193133,30.04291845,23.60515021
3595,VIC,68881.28738,1.800829876,10,25,288,0,16,94.73684211,0,5.263157895,38.83928571,37.5,23.66071429
3596,VIC,74592.60345,2.204545455,0,0,38,0,0,100,0,0,68.42105263,13.15789474,18.42105263
3597,VIC,97409.01582,2.179640719,0,0,224,5,0,97.81659389,2.183406114,0,53.5483871,16.77419355,29.67741935
3599,VIC,89916.16667,2.2,0,0,70,0,0,100,0,0,54.76190476,23.80952381,21.42857143
3607,VIC,64467.68182,2.166666667,0,0,70,0,0,100,0,0,60.41666667,33.33333333,6.25
3608,VIC,83865.82706,2.125106383,14.28571429,39.71962617,1427,97,0,93.6351706,6.364829396,0,51.70940171,26.4957265,21.79487179
3610,VIC,86155.90086,2.138747885,11.94968553,45.74468085,615,62,0,90.84194978,9.158050222,0,49.56521739,31.65217391,18.7826087
3612,VIC,67988.18115,1.919631094,14.50777202,39.50617284,926,27,0,97.16684155,2.833158447,0,54.62068966,32.27586207,13.10344828
3614,VIC,115736.7957,2.742946708,15.82733813,12.5,362,0,0,100,0,0,32.99319728,54.08163265,12.92517007
3616,VIC,88367.12955,2.26064333,11.48036254,31.64556962,2304,149,6,93.69662464,6.059373729,0.244001627,43.46978558,35.86744639,20.66276803
3617,VIC,76492.68182,2.603773585,28.57142857,0,60,0,0,100,0,0,44.68085106,48.93617021,6.382978723
3618,VIC,71570.21757,1.973076923,7.407407407,28.57142857,298,0,0,100,0,0,44.74708171,35.40856031,19.84435798
3620,VIC,81185.83794,2.088990826,10.93573844,33.9908953,3300,396,21,88.78127522,10.65375303,0.564971751,44.1111462,32.39658983,23.49226397
3621,VIC,80515.9494,2.128062361,12.4567474,28.04878049,910,57,3,93.81443299,5.87628866,0.309278351,39.4644936,38.88242142,21.65308498
3622,VIC,91723.92748,2.454545455,24.52830189,15.78947368,198,0,0,100,0,0,42.03821656,47.13375796,10.82802548
3623,VIC,73891.51,1.992063492,7.766990291,49.05660377,420,11,11,95.02262443,2.488687783,2.488687783,49.85673352,34.38395415,15.75931232
3624,VIC,81146.18718,2,23.80952381,54.28571429,258,0,0,100,0,0,49.26829268,30.73170732,20
3629,VIC,77897.77964,1.982924814,13.0260521,35.80874873,3447,527,28,86.13193403,13.16841579,0.699650175,37.33371073,31.61619021,31.05009907
3630,VIC,84431.45987,2.070610044,13.60544218,32.20548284,11626,2018,76,84.73760933,14.70845481,0.55393586,32.05128205,28.53430353,39.41441441
3631,VIC,117656.9103,2.734680851,12.09133368,28.2647585,4990,50,0,99.00793651,0.992063492,0,38.31980698,47.62009213,14.0601009
3633,VIC,100737.4884,2.618181818,22.85714286,31.03448276,226,0,0,100,0,0,44.79166667,40.10416667,15.10416667
3634,VIC,103858.4992,2.6022187,13.92857143,11.76470588,757,0,0,100,0,0,38.31168831,52.27272727,9.415584416
3635,VIC,80403.15625,2.235849057,14.28571429,27.27272727,257,0,0,100,0,0,44.55445545,45.04950495,10.3960396
3636,VIC,78627.25957,2.052161654,11.48648649,34.79381443,2244,238,10,90.04815409,9.550561798,0.401284109,45.61830574,32.375852,22.00584226
3637,VIC,93004.85638,2.456730769,14.0625,0,249,4,0,98.41897233,1.581027668,0,52.40641711,34.75935829,12.8342246
3638,VIC,82415.87266,2.124575311,10.97560976,30.23255814,956,45,0,95.5044955,4.495504496,0,47.93875147,33.33333333,18.72791519
3639,VIC,59746.10731,2.033492823,16.66666667,42.85714286,309,0,0,100,0,0,63.41463415,25.85365854,10.73170732
3640,VIC,93676.21429,2.480362538,18.75,22.64150943,411,5,0,98.79807692,1.201923077,0,40.58441558,41.23376623,18.18181818
3641,VIC,83989.03171,2.10840708,12.24489796,25,577,10,0,98.29642249,1.703577513,0,42.35294118,40,17.64705882
3646,VIC,85082.28325,2.486607143,13.63636364,33.33333333,268,0,0,100,0,0,50,36.23853211,13.76146789
3647,VIC,#DIV/0!,#DIV/0!,,0,5,0,0,100,0,0,0,0,100
3649,VIC,80537.625,2.264705882,16.32653061,13.63636364,196,0,0,100,0,0,46.25,38.75,15
3658,VIC,96016.5196,2.368284229,14.37565582,34.08360129,2588,83,4,96.74766355,3.102803738,0.14953271,35.837384,48.38709677,15.77551922
3659,VIC,109786.4646,2.569444444,19.23076923,22.22222222,361,9,0,97.56756757,2.432432432,0,47.6702509,40.86021505,11.46953405
3660,VIC,82478.82933,2.046474359,13.38383838,34.21717172,3401,297,9,91.74534664,8.011869436,0.242783922,40.31890661,29.4825903,30.19850309
3662,VIC,137419.5982,2.665236052,0,2.463054187,280,7,0,97.56097561,2.43902439,0,0,2.100840336,97.89915966
3663,VIC,112280.9815,2.621621622,0,0,86,0,0,100,0,0,49.18032787,31.14754098,19.67213115
3664,VIC,96126.31757,2.385263158,10.48951049,30,550,4,0,99.27797834,0.722021661,0,49.56521739,34.13043478,16.30434783
3665,VIC,111381.0308,2.35483871,22.85714286,0,185,0,0,100,0,0,68.27586207,26.89655172,4.827586207
3666,VIC,82845.85431,2.125528914,14.60446247,38.85714286,2600,107,11,95.65857248,3.936718175,0.404709345,52.82199711,27.39990352,19.77809937
3669,VIC,72914.50361,2.126036484,14.59854015,40.78947368,757,21,0,97.30077121,2.699228792,0,58.11965812,27.35042735,14.52991453
3670,VIC,76800.43836,2.344262295,25.30120482,47.82608696,290,0,0,100,0,0,48.97119342,39.91769547,11.11111111
3672,VIC,79442.33099,2.03765324,12.36363636,35.98086124,4604,736,8,86.08825729,13.76215408,0.149588631,44.41681736,27.98372514,27.5994575
3673,VIC,97103.52823,2.452722063,15.31100478,26.92307692,863,0,3,99.65357968,0,0.346420323,52.94985251,37.75811209,9.292035398
3675,VIC,93990.48571,2.559722222,13.38582677,47.72727273,856,0,0,100,0,0,48.13753582,43.5530086,8.309455587
3677,VIC,82061.8385,2.098792117,11.54767609,33.96965247,7476,1382,3,84.36970997,15.59643381,0.033856224,38.61034347,31.161995,30.22766153
3678,VIC,105163.3789,2.60125523,14.38450899,29.06976744,2807,7,0,99.75124378,0.248756219,0,54.25257732,37.02749141,8.719931271
3682,VIC,100131.2195,2.54978355,19.73684211,16.66666667,261,0,0,100,0,0,45.33333333,45.33333333,9.333333333
3683,VIC,82416.07991,2.30125523,19.85018727,32.8358209,772,26,8,95.78163772,3.225806452,0.992555831,44.7257384,42.47538678,12.79887482
3685,VIC,85793.67401,2.296675192,13.03116147,30.92783505,1291,79,6,93.82267442,5.74127907,0.436046512,45.39130435,35.04347826,19.56521739
3687,VIC,82948.99089,2.138823529,13.33333333,34.84848485,435,58,8,86.82634731,11.57684631,1.596806387,46.88995215,37.08133971,16.02870813
3688,VIC,102824.1747,2.625263158,16.34615385,25,531,18,0,96.72131148,3.278688525,0,39.56989247,51.1827957,9.247311828
3690,VIC,89349.19474,2.183853902,12.50630358,29.56521739,13304,1757,325,86.46821786,11.41947225,2.112309892,30.56998664,32.61095443,36.81905893
3695,VIC,110248.4759,2.662790698,12.5,17.64705882,186,0,0,100,0,0,51.92307692,39.1025641,8.974358974
3697,VIC,83224.29048,2.442396313,16.43835616,40,288,0,0,100,0,0,57.20720721,33.78378378,9.009009009
3698,VIC,94798.8169,2.417073171,12.5,30,565,9,6,97.4137931,1.551724138,1.034482759,51.61290323,32.71889401,15.66820276
3699,VIC,90929.78004,2.070422535,16.32653061,32.38095238,592,14,74,87.05882353,2.058823529,10.88235294,44.33198381,25.10121457,30.56680162
3700,VIC,78331.6992,2.148623853,13.20754717,26.37362637,592,26,14,93.67088608,4.113924051,2.215189873,48.13432836,32.64925373,19.21641791
3701,VIC,84294.60078,2.35207824,13.86138614,0,624,3,0,99.5215311,0.4784689,0,57.07070707,32.57575758,10.35353535
3704,VIC,#DIV/0!,2,0,,8,0,0,100,0,0,55.55555556,44.44444444,0
3705,VIC,79593.54762,2.430232558,20,0,128,0,0,100,0,0,60.97560976,34.14634146,4.87804878
3708,VIC,53462,2.214285714,0,100,35,0,0,100,0,0,38.70967742,38.70967742,22.58064516
3709,VIC,92089.04286,2.183823529,0,35,179,0,3,98.35164835,0,1.648351648,66.94915254,18.6440678,14.40677966
3711,VIC,90605.56926,2.399122807,13.33333333,29.62962963,362,0,3,99.17808219,0,0.821917808,49.57983193,39.07563025,11.34453782
3712,VIC,70727.90323,1.901234568,29.03225806,13.04347826,215,0,0,100,0,0,58.06451613,23.22580645,18.70967742
3713,VIC,70872.83744,1.8583878,27.17391304,42.42424242,852,5,0,99.41656943,0.583430572,0,51.70940171,23.93162393,24.35897436
3714,VIC,80440.46528,2.123982467,17.23237598,38.93129771,1835,107,0,94.49021627,5.509783728,0,52.99306868,28.16635161,18.84057971
3715,VIC,89632.58824,2.317880795,14.89361702,33.33333333,285,0,0,100,0,0,54.54545455,37.06293706,8.391608392
3717,VIC,89100.64532,2.221674877,18.73479319,43.78698225,1861,4,5,99.51871658,0.213903743,0.267379679,52.25806452,33.62007168,14.1218638
3718,VIC,79151,2.302325581,0,0,49,0,0,100,0,0,77.77777778,11.11111111,11.11111111
3719,VIC,96638.36624,2.401162791,17.94871795,63.63636364,274,0,0,100,0,0,63.47305389,28.74251497,7.784431138
3720,VIC,82093.55597,2.299295775,25.71428571,27.77777778,664,0,0,100,0,0,61.32404181,29.96515679,8.710801394
3722,VIC,90123.24481,2.322108994,15.25423729,34.58823529,2617,158,15,93.79928315,5.663082437,0.537634409,45.99908551,32.0530407,21.9478738
3723,VIC,105847.9241,2.33744856,20.41420118,30.3030303,2783,59,215,91.03696434,1.929996729,7.033038927,55.04789978,31.68754606,13.26455416
3725,VIC,98611.8866,2.443965517,17.46031746,0,275,0,0,100,0,0,54.54545455,35,10.45454545
3726,VIC,64479.51379,2.264516129,17.07317073,20,201,0,0,100,0,0,56.20915033,33.9869281,9.803921569
3727,VIC,73100.42593,2.241071429,26.31578947,100,134,0,0,100,0,0,56.25,38.39285714,5.357142857
3728,VIC,70008.0407,2.039568345,8.235294118,20,310,3,0,99.04153355,0.958466454,0,51.71102662,36.121673,12.16730038
3730,VIC,82550.23536,2.083006023,12.87332647,33.59173127,4257,688,13,85.86123437,13.87656313,0.262202501,47.65562914,29.37748344,22.96688742
3732,VIC,91482.9397,2.379746835,17.28395062,10.34482759,279,0,8,97.21254355,0,2.787456446,44.05286344,41.40969163,14.53744493
3733,VIC,82098.47959,2.145631068,15.78947368,25,126,0,0,100,0,0,58.5106383,18.08510638,23.40425532
3735,VIC,95454.18,2.431906615,16.36363636,35.8974359,306,0,0,100,0,0,58.43621399,24.27983539,17.28395062
3737,VIC,82877.50979,2.144678492,11.79138322,32.34421365,1983,126,8,93.67028814,5.951818611,0.377893245,50.14277556,28.15533981,21.70188464
3738,VIC,110215.125,2.243589744,32.14285714,0,89,0,0,100,0,0,45.20547945,39.7260274,15.06849315
3739,VIC,87099.5,2.395348837,15.78947368,23.07692308,107,0,0,100,0,0,59.21052632,25,15.78947368
3740,VIC,99908.42771,2.512702079,10.44776119,28.98550725,498,21,0,95.95375723,4.046242775,0,44.39252336,36.44859813,19.1588785
3741,VIC,102540.7275,2.33282559,12.57861635,29.64285714,1702,295,313,73.67965368,12.77056277,13.54978355,46.87280394,27.12579058,26.00140548
3744,VIC,109068.7456,2.559782609,6.349206349,12.5,286,0,0,100,0,0,47.42857143,40,12.57142857
3746,VIC,74295.0188,2.38961039,11.29032258,36.36363636,177,0,0,100,0,0,43.42105263,45.39473684,11.18421053
3747,VIC,96384.33919,2.503021148,13.89396709,31.23123123,2187,82,16,95.71115974,3.588621444,0.700218818,48.41836735,32.19387755,19.3877551
3749,VIC,104353.0649,2.672258065,7.659574468,25.23364486,850,36,10,94.86607143,4.017857143,1.116071429,46.91689008,35.79088472,17.2922252
3750,VIC,110218.3382,2.946126076,25.61386615,35.85987261,6946,877,155,87.06442717,10.99273001,1.942842818,11.4893617,64.22695035,24.28368794
3751,VIC,129519.0652,2.239130435,100,33.33333333,67,0,0,100,0,0,55.31914894,23.40425532,21.27659574
3752,VIC,118805.7717,2.806778389,17.12692512,30.11250827,7097,1356,41,83.5530963,15.96421003,0.482693666,24.42070031,54.09371782,21.48558187
3753,VIC,127552.8028,2.998556999,17.95817958,34.84162896,1520,12,0,99.21671018,0.783289817,0,15.90413943,66.52142338,17.57443718
3754,VIC,117747.0424,2.875254363,17.10400763,33.38865837,15950,1252,162,91.85671504,7.210320203,0.932964755,17.20349093,58.0649212,24.73158787
3755,VIC,103245.8986,2.505882353,19.23076923,50,101,0,0,100,0,0,55.2238806,34.32835821,10.44776119
3756,VIC,109498.0175,2.678279486,17.62894534,34.10283316,5229,429,9,92.27104288,7.570142933,0.158814187,20.74309557,58.25551361,21.00139082
3757,VIC,107034.4547,2.564031008,17.99844841,43.2642487,3358,276,39,91.42390417,7.514293493,1.061802341,38.626339,47.79458097,13.57908003
3758,VIC,118065.6289,2.774509804,17.97752809,23.68421053,799,0,0,100,0,0,35.45586107,58.03183792,6.512301013
3759,VIC,146938.6913,3.130311615,19.25925926,50,386,0,0,100,0,0,46.24277457,48.55491329,5.202312139
3760,VIC,134449.5,3.243478261,8.333333333,0,123,0,0,100,0,0,47.16981132,49.05660377,3.773584906
3761,VIC,136153.3442,2.934177215,15.38461538,47.61904762,461,0,0,100,0,0,47.54521964,47.28682171,5.167958656
3762,VIC,152664.7174,3.057142857,31.57894737,,61,0,0,100,0,0,43.18181818,40.90909091,15.90909091
3763,VIC,100194.4616,2.644480519,18.56677524,31.25,712,9,0,98.7517337,1.248266297,0,35.23489933,59.06040268,5.704697987
3764,VIC,100399.8523,2.459167545,15.58441558,36.08903021,3777,478,34,88.06248543,11.144789,0.792725577,35.04531722,45.39961549,19.55506729
3765,VIC,120480.2739,2.763918861,11.24763705,36.68639053,2263,122,113,90.59247398,4.883907126,4.523618895,37.71224307,53.39588919,8.891867739
3766,VIC,123837.0934,2.968085106,11.76470588,50,551,0,0,100,0,0,37.44588745,56.06060606,6.493506494
3767,VIC,117992.736,2.869098712,16.83168317,25.64102564,520,7,0,98.67172676,1.328273245,0,40.86956522,50,9.130434783
3770,VIC,119237.1477,2.704174229,20.46908316,36.03603604,1206,4,4,99.34102142,0.329489292,0.329489292,37.11911357,50.13850416,12.74238227
3775,VIC,120065.9599,2.682517483,20.39355993,30,1545,89,0,94.55324357,5.446756426,0,42.35963042,46.41080313,11.22956645
3777,VIC,97474.16076,2.429582621,16.81528662,39.01098901,4325,340,16,92.39478744,7.263405255,0.341807306,41.39121855,43.06857425,15.5402072
3778,VIC,76423.78788,2.329411765,21.42857143,0,110,0,0,100,0,0,50.68493151,42.46575342,6.849315068
3779,VIC,72325.64039,2.055045872,17.07317073,45.94594595,362,6,0,98.36956522,1.630434783,0,58.06451613,19.35483871,22.58064516
3781,VIC,110455.5691,2.7248501,14.25206125,37.96296296,1719,0,0,100,0,0,26.29781421,66.18852459,7.513661202
3782,VIC,125750.6223,2.849871842,13.92914654,44.19889503,2925,26,20,98.45169976,0.87512622,0.673174015,39.56166419,52.67459138,7.763744428
3783,VIC,117300.3241,2.723404255,13.75661376,38.54166667,925,0,12,98.71931697,0,1.280683031,33.80645161,54.19354839,12
3785,VIC,131819.5,2.869565217,0,,30,0,0,100,0,0,42.10526316,57.89473684,0
3786,VIC,142667.777,3.076045627,17.71653543,35.29411765,592,0,0,100,0,0,36.62239089,56.35673624,7.020872865
3787,VIC,127155.0655,2.941504178,20,37.5,407,0,0,100,0,0,41.66666667,48.33333333,10
3788,VIC,124419.8317,2.874617737,16.24548736,43.07692308,765,8,0,98.96507115,1.034928849,0,39.56043956,48.50863422,11.93092622
3789,VIC,137341.5625,2.91588785,8.333333333,0,129,0,0,100,0,0,46.15384615,45.19230769,8.653846154
3791,VIC,117538.7178,2.914700544,20.88353414,46.51162791,592,9,0,98.50249584,1.49750416,0,42.01834862,49.5412844,8.440366972
3792,VIC,122136.5427,2.921832884,16.09195402,30.76923077,400,0,0,100,0,0,41.46341463,51.76151762,6.775067751
3793,VIC,106906.5702,2.621247113,18.12977099,46.47058824,1359,48,0,96.58848614,3.411513859,0,39.23444976,45.77352472,14.99202552
3795,VIC,127943.0391,2.76097561,17.56756757,32.55813953,455,0,0,100,0,0,45.52429668,42.45524297,12.02046036
3796,VIC,115613.3886,2.745616642,14.33713257,35.10638298,3488,73,3,97.86756453,2.048260382,0.084175084,32.94514251,57.46245786,9.592399632
3797,VIC,87814.67482,2.301115242,21.12676056,54.54545455,1349,128,40,88.92551088,8.437705999,2.636783125,40.13761468,43.65443425,16.20795107
3799,VIC,78538.86488,2.213630406,20.81497797,46.09929078,2907,10,21,98.94486045,0.340367597,0.714771954,39.76816763,46.41105662,13.82077575
3802,VIC,104090.6052,2.601301464,20.96937058,33.28324568,7595,1057,9,87.69195243,12.20413347,0.103914098,37.89674952,42.97004461,19.13320586
3803,VIC,90672.53216,2.370233352,25.05836576,36.17283951,2977,834,49,77.12435233,21.60621762,1.269430052,30.25851939,42.71445358,27.02702703
3804,VIC,152245.6816,3.125,19.82591876,28.08988764,2506,13,5,99.28684628,0.515055468,0.198098257,42.42160279,53.04878049,4.529616725
3805,VIC,112191.348,2.684661958,18.99587861,34.81947484,17645,1129,280,92.60522725,5.925265036,1.469507715,25.4402462,51.33641078,23.22334302
3806,VIC,124964.3727,2.831851588,16.02178275,30.08323424,16193,2026,68,88.54924263,11.07890851,0.371848854,29.93975537,47.53240431,22.52784032
3807,VIC,135442.0659,2.853280318,13.29787234,37.70053476,2319,270,0,89.57126304,10.42873696,0,33.57400722,50.18050542,16.24548736
3808,VIC,158812.1118,3.178649237,13.33333333,22.5,1031,0,0,100,0,0,40.35476718,55.32150776,4.323725055
3809,VIC,118379.6486,2.918873668,16.04542807,27.99013564,6549,451,8,93.45034247,6.435502283,0.114155251,14.59944324,58.25858336,27.1419734
3810,VIC,98192.66962,2.490615196,18.39443742,35.40076336,17781,2663,145,86.36164942,12.93409102,0.704259556,20.21541011,48.06959403,31.71499586
3812,VIC,118489.37,2.701664533,19.60784314,32.63157895,891,3,3,99.33110368,0.334448161,0.334448161,38.01324503,47.54966887,14.43708609
3813,VIC,121880.2211,2.65,17.07317073,21.62162162,359,0,0,100,0,0,36.30136986,48.63013699,15.06849315
3814,VIC,101855.9125,2.577367206,16.71388102,35.55555556,947,8,40,95.1758794,0.804020101,4.020100503,39.19239905,48.6935867,12.11401425
3815,VIC,114422.0941,2.649210308,16.26168224,32.38095238,1352,21,0,98.47050255,1.529497451,0,36.40275387,52.40963855,11.18760757
3816,VIC,91439.91891,2.334825425,16.9197397,40.625,1192,58,36,92.69051322,4.510108865,2.799377916,30.16605166,49.35424354,20.4797048
3818,VIC,91467.21239,2.355718292,14.52464789,38.53288364,6476,335,280,91.32703427,4.724298406,3.948667325,38.09219971,41.0751316,20.83266869
3820,VIC,99671.21957,2.455209995,11.78797468,35.68196509,7310,479,381,89.47368421,5.862913097,4.663402693,38.64498645,38.23848238,23.11653117
3821,VIC,112667.0989,2.744701349,15.38461538,35.38461538,1238,0,0,100,0,0,50.34550839,41.75715696,7.89733465
3822,VIC,110881.3482,2.580060423,13.91304348,30,333,41,0,89.03743316,10.96256684,0,44.5482866,47.04049844,8.411214953
3823,VIC,92901.43495,2.340855107,15.86206897,31.31313131,927,11,7,98.0952381,1.164021164,0.740740741,46.26682987,39.77968176,13.95348837
3824,VIC,96087.23309,2.345111326,13.16568047,34.48275862,2208,125,7,94.35897436,5.341880342,0.299145299,42.65803883,38.1284221,19.21353907
3825,VIC,76665.48722,1.941040729,10.90448014,40.50509956,8822,1158,327,85.5923159,11.23508295,3.172601145,40.55753262,31.95729537,27.485172
3831,VIC,95666.67078,2.452112676,18.65079365,23.68421053,834,12,18,96.52777778,1.388888889,2.083333333,48.56321839,39.79885057,11.63793103
3832,VIC,80573.53,2.212389381,31.25,100,131,0,0,100,0,0,54.36893204,36.89320388,8.737864078
3833,VIC,65930.7305,1.9453125,21.875,30,245,4,0,98.3935743,1.606425703,0,61.71875,28.90625,9.375
3835,VIC,88892.91566,2.367021277,10,25,216,0,0,100,0,0,50.86705202,36.41618497,12.71676301
3840,VIC,74867.30716,1.880106968,11.35531136,38.55088496,7012,502,580,86.63207314,6.202125031,7.165801829,40.46032707,28.81586917,30.72380376
3842,VIC,77114.10344,1.969633508,9.369024857,36.29489603,2112,23,67,95.91280654,1.044504995,3.042688465,38.97679325,30.95991561,30.06329114
3844,VIC,99396.79627,2.331727175,9.447459299,30.76923077,11806,624,1247,86.32009944,4.562404036,9.117496527,36.49844132,38.83225209,24.6693066
3847,VIC,89641.35789,2.198830409,16.42857143,40,948,40,0,95.951417,4.048582996,0,42.04685573,42.41676942,15.53637485
3850,VIC,90659.04017,2.208380705,10.01832621,35.1800554,6020,585,504,84.68138979,8.229005486,7.089604726,36.32345719,30.38140449,33.29513832
3851,VIC,86023.05528,2.210158434,14.09836066,37.5,4316,163,12,96.10331775,3.629481185,0.267201069,56.10098177,34.87611033,9.022907901
3852,VIC,#DIV/0!,2.384615385,,,11,0,0,100,0,0,62.5,37.5,0
3854,VIC,113082.4519,2.615686275,13.97849462,22.5,556,3,7,98.23321555,0.530035336,1.236749117,46.06060606,44.24242424,9.696969697
3856,VIC,108968.3047,2.587601078,14.60674157,27.27272727,443,10,0,97.79249448,2.207505519,0,40.39548023,55.93220339,3.672316384
3857,VIC,98439.02941,2.427419355,0,33.33333333,168,0,0,100,0,0,55.73770492,35.24590164,9.016393443
3858,VIC,83533.66182,2.122359155,12.53644315,34.16149068,1435,3,49,96.50302623,0.201748487,3.295225286,46.78308824,35.66176471,17.55514706
3859,VIC,101887.0176,2.406060606,19.60784314,29.16666667,414,0,0,100,0,0,44.29967427,37.78501629,17.91530945
3860,VIC,85706.7925,2.205384881,10.53763441,40.2892562,3415,0,161,95.49776286,0,4.502237136,42.63456091,37.74787535,19.61756374
3862,VIC,87310.05582,2.390497402,12.88981289,31.20567376,1520,0,42,97.31113956,0,2.688860435,44.40270473,42.90007513,12.69722014
3864,VIC,74813.58451,2.301204819,0,0,112,0,0,100,0,0,52.22222222,38.88888889,8.888888889
3865,VIC,85078.11272,2.077319588,7.692307692,20,215,5,0,97.72727273,2.272727273,0,44.86486486,41.08108108,14.05405405
3869,VIC,103132.1436,2.48861912,10.19607843,30.88235294,738,3,0,99.5951417,0.4048583,0,43.56589147,44.18604651,12.24806202
3870,VIC,80839.36164,2.345924453,14.60674157,30.76923077,637,7,0,98.91304348,1.086956522,0,50,40.16064257,9.83935743
3871,VIC,88769.71334,2.367965368,14.20765027,39.02439024,1329,47,0,96.58430233,3.415697674,0,50.26501767,37.8975265,11.83745583
3873,VIC,86550.88991,2.27027027,18.60465116,0,141,0,0,100,0,0,50.90909091,40.90909091,8.181818182
3874,VIC,68595.36415,2.107279693,12.30769231,23.80952381,455,3,0,99.34497817,0.655021834,0,59.09090909,29.16666667,11.74242424
3875,VIC,81745.34844,2.147664747,12.66063779,37.10181137,8088,901,116,88.83031301,9.895661724,1.274025261,44.46492036,31.30182967,24.23324997
3878,VIC,80488.23054,2.187956204,14.18918919,46.2962963,668,22,7,95.83931133,3.156384505,1.004304161,58.08270677,30.82706767,11.09022556
3880,VIC,72533.31432,1.941836735,13.84615385,41.76829268,2437,280,31,88.68267831,10.18922853,1.128093159,60.98178138,19.58502024,19.43319838
3882,VIC,89291.78864,2.429718876,11.44578313,34.375,537,0,0,100,0,0,52.5,40.41666667,7.083333333
3885,VIC,80626.47333,2.283765348,11.71171171,31.94444444,933,17,3,97.90136411,1.783840504,0.314795383,49.29971989,38.51540616,12.18487395
3886,VIC,76963.03716,2.026490066,14.70588235,37.5,182,7,0,96.2962963,3.703703704,0,58.21917808,28.76712329,13.01369863
3887,VIC,54582.83333,2.053571429,35,71.42857143,157,0,0,100,0,0,55.10204082,34.69387755,10.20408163
3888,VIC,66075.92537,1.893877551,13.2,33.33333333,1925,67,25,95.43877045,3.321764998,1.239464551,58.01630435,21.80706522,20.17663043
3889,VIC,39956.44444,1.710526316,0,100,136,0,0,100,0,0,63.75,31.25,5
3890,VIC,51166.69922,1.678082192,0,11.76470588,216,15,0,93.50649351,6.493506494,0,56.11510791,15.82733813,28.05755396
3891,VIC,62932.83333,2.169811321,0,,68,0,0,100,0,0,75,25,0
3892,VIC,76229.74761,2.032323232,20.45454545,36.23188406,717,22,0,97.02300406,2.97699594,0,61.25244618,20.35225049,18.39530333
3893,VIC,#DIV/0!,3.384615385,,,18,0,0,100,0,0,100,0,0
3895,VIC,75823.46196,2.033333333,27.77777778,0,146,0,0,100,0,0,63.95348837,24.41860465,11.62790698
3896,VIC,74348.47163,2.244755245,15.625,15,231,0,13,94.67213115,0,5.327868852,59.57446809,24.82269504,15.60283688
3898,VIC,110246.289,2.217898833,25.86206897,33.33333333,530,21,14,93.80530973,3.716814159,2.477876106,51.64835165,28.20512821,20.14652015
3900,VIC,56147.11905,2.054054054,0,0,108,0,0,100,0,0,69.56521739,18.84057971,11.5942029
3902,VIC,71162.76506,2.052941176,9.090909091,0,179,0,0,100,0,0,66.28571429,28.57142857,5.142857143
3903,VIC,69797.56086,2.098837209,9.090909091,47.5,343,0,0,100,0,0,53.13432836,34.32835821,12.53731343
3904,VIC,86638.65693,2.252487562,19.2513369,33.64485981,1181,19,0,98.41666667,1.583333333,0,59.2503023,26.1185006,14.6311971
3909,VIC,68990.50015,1.924177396,17.96982167,41.16809117,4269,476,79,88.49502488,9.867330017,1.637645108,51.36390017,24.46314568,24.17295415
3910,VIC,112254.5111,2.598188022,13.59173127,41.64874552,7429,1427,17,83.72591006,16.08249746,0.191592472,30.70960048,51.11508646,18.17531306
3911,VIC,110176.1137,2.552099533,14.78873239,29.65517241,1264,135,4,90.09265859,9.622238061,0.28510335,37.05463183,49.40617577,13.5391924
3912,VIC,109430.1649,2.579618979,15.78947368,42.27642276,5114,856,37,85.13401032,14.25004162,0.615948061,34.76490189,49.94446501,15.2906331
3913,VIC,111511.5052,2.619124797,15.96958175,38.84892086,1189,140,7,88.99700599,10.47904192,0.523952096,36.97270471,49.21422663,13.81306865
3915,VIC,81187.79015,2.045337696,19.38361719,42.98018949,3519,1197,66,73.58845671,25.03136763,1.380175659,34.38935913,33.808948,31.80169287
3916,VIC,150869.0919,2.863291139,18.05555556,30.23255814,810,0,0,100,0,0,65.25821596,21.83098592,12.91079812
3918,VIC,98434.07835,2.475015423,18.84550085,38.23529412,1633,99,3,94.12103746,5.706051873,0.172910663,43.68932039,43.62459547,12.68608414
3919,VIC,87845.01931,2.286840032,17.78584392,44.03669725,1121,266,3,80.64748201,19.13669065,0.215827338,30.68910256,50.48076923,18.83012821
3920,VIC,125927.2108,2.533333333,,6.741573034,97,9,0,91.50943396,8.490566038,0,0,0,100
3921,VIC,67074.5,2.203125,0,,125,0,0,100,0,0,81.63265306,12.24489796,6.12244898
3922,VIC,80219.43407,2.141406817,19.08237748,49.07621247,8653,736,339,88.94942434,7.565789474,3.484786184,48.42180775,27.40315638,24.17503587
3923,VIC,87904.86792,2.31626506,9.210526316,33.33333333,577,19,7,95.68822554,3.150912106,1.160862355,61.02719033,27.19033233,11.78247734
3925,VIC,95369.98382,2.368328446,14.52282158,37.80487805,2730,319,148,85.39255552,9.978104473,4.629340006,44.65008676,33.89242337,21.45748988
3926,VIC,126744.6915,2.760574621,15.76086957,41.59292035,1850,43,4,97.5224038,2.266736953,0.210859251,55.23581135,34.45243805,10.3117506
3927,VIC,125251.3725,2.726086957,10.36585366,38.75,1210,17,0,98.61450693,1.385493073,0,60.13986014,27.41258741,12.44755245
3928,VIC,164435.7207,2.86440678,30.76923077,65,284,5,0,98.26989619,1.730103806,0,57.77777778,31.66666667,10.55555556
3929,VIC,153884.9624,2.745920746,28.16901408,44.44444444,984,0,29,97.13721619,0,2.86278381,67.15789474,21.68421053,11.15789474
3930,VIC,154495.8617,3.021422862,14.95327103,42.73504274,6289,258,321,91.56959814,3.756552126,4.673849738,46.30167959,45.04198966,8.656330749
3931,VIC,99882.17018,2.362105263,15.43601737,40.52579365,9038,1408,1343,76.66468742,11.94333701,11.39197557,43.84892807,33.50030054,22.65077139
3933,VIC,157005.034,2.919075145,26.92307692,33.33333333,379,0,4,98.95561358,0,1.044386423,50.30487805,38.1097561,11.58536585
3934,VIC,128180.8421,2.771942343,14.13333333,34.49612403,7214,1234,21,85.18124926,14.57078758,0.24796316,44.1727672,43.17715959,12.65007321
3936,VIC,95509.68925,2.305084746,19.23920995,41.92439863,7169,1348,194,82.2982436,15.47468718,2.227069223,45.1606733,29.95409334,24.88523336
3937,VIC,154058.3767,2.998275862,22.29299363,41.53846154,896,6,0,99.33481153,0.66518847,0,55.87248322,32.38255034,11.74496644
3938,VIC,101542.7254,2.42406015,17.71771772,45.05494505,1980,122,26,93.04511278,5.733082707,1.221804511,55.10510511,29.5045045,15.39039039
3939,VIC,85510.62767,2.138506724,18.11722913,47.63888889,8507,735,292,89.22802601,7.709251101,3.062722887,44.05307218,30.37434844,25.57257937
3940,VIC,65448.16521,1.851660198,25.6281407,50.42881647,2816,725,166,75.96439169,19.55759374,4.478014567,44.34250765,23.13965341,32.51783894
3941,VIC,95653.57267,2.297578509,19.24914676,47.92060491,11553,387,22,96.58083932,3.235244942,0.183915733,45.03348214,32.86830357,22.09821429
3942,VIC,117782.7358,2.470175439,20.08547009,37.5,3479,39,10,98.61111111,1.105442177,0.283446712,59.61383749,26.46822204,13.91794047
3943,VIC,140242.1443,2.581339713,21.67832168,41.11111111,2932,57,111,94.58064516,1.838709677,3.580645161,67.20430108,20.43010753,12.3655914
3944,VIC,183085.0267,2.875739645,22.22222222,36.84210526,1355,32,64,93.38387319,2.205375603,4.410751206,72.83372365,20.84309133,6.323185012
3945,VIC,96847.72603,2.538461538,22.81879195,41.93548387,497,0,0,100,0,0,46.27249357,43.18766067,10.53984576
3946,VIC,107010.6239,2.49137931,23.07692308,21.42857143,148,0,0,100,0,0,47.89915966,39.49579832,12.60504202
3950,VIC,82057.21572,2.178075397,14.3525741,40.69767442,2177,185,0,92.16765453,7.83234547,0,43.4256927,36.97732997,19.59697733
3951,VIC,99245.77463,2.657458564,17.54385965,20,465,0,0,100,0,0,53.58166189,39.54154728,6.876790831
3953,VIC,87879.5209,2.238778055,13.95089286,36.29893238,3583,93,39,96.44683715,2.503364738,1.049798116,47.02858978,32.54095728,20.43045294
3954,VIC,109872.9101,2.681481481,13.95348837,30,166,0,0,100,0,0,56.29139073,35.7615894,7.947019868
3956,VIC,87818.05431,2.24201278,20.63953488,43.05555556,3080,28,3,99.00353584,0.900032144,0.096432015,53.79844961,32.71317829,13.48837209
3957,VIC,91516.72043,2.588235294,10.81081081,100,133,0,0,100,0,0,46.72897196,42.99065421,10.28037383
3958,VIC,91663.06771,2.64893617,0,33.33333333,148,0,0,100,0,0,45.16129032,40.86021505,13.97849462
3959,VIC,100665.8125,2.403292181,20,27.77777778,1312,13,4,98.72084274,0.978179082,0.300978179,63.11637081,27.02169625,9.861932939
3960,VIC,75677.60519,2.113028473,14.57286432,37.68844221,1459,38,74,92.87078294,2.418841502,4.710375557,58.53658537,22.03832753,19.42508711
3962,VIC,62785.08924,2.0375,17.5257732,35.71428571,536,0,9,98.34862385,0,1.651376147,51.12781955,32.0802005,16.79197995
3964,VIC,80230.38272,1.87012987,0,50,105,0,0,100,0,0,50,37.5,12.5
3965,VIC,55860.90099,1.79,21.73913043,44.44444444,242,0,0,100,0,0,65.04854369,27.18446602,7.766990291
3966,VIC,83441.66422,2.08411215,21.66666667,31.57894737,303,0,0,100,0,0,54.28571429,35.23809524,10.47619048
3967,VIC,61460.65278,2.041666667,50,0,66,0,0,100,0,0,51.02040816,16.32653061,32.65306122
3971,VIC,70468.49365,1.992562929,14.53634085,35.2,2164,100,73,92.59734703,4.278990158,3.123662816,55.57522124,26.54867257,17.87610619
3975,VIC,130323.4636,3.105080596,19.80589504,27.57111597,4861,334,30,93.03349282,6.392344498,0.574162679,14.84310487,64.43022296,20.72667217
3976,VIC,92966.41495,2.346144057,23.47629797,35.72474378,7980,567,68,92.62913523,6.581543819,0.789320952,24.08109876,46.14780903,29.77109222
3977,VIC,108457.545,2.670774745,19.86607143,33.22160629,34399,4404,604,87.29159794,11.17567945,1.532722613,19.45324881,56.18349559,24.3632556
3978,VIC,119508.536,3.064857761,23.34490294,29.74153622,13436,378,8,97.2073506,2.734770655,0.057878744,9.015617605,67.44754693,23.53683546
3979,VIC,92605.39496,2.709401709,17.77777778,40,157,0,0,100,0,0,48.64864865,41.44144144,9.90990991
3980,VIC,106032.7561,2.488815244,19.03052065,39.39393939,1359,0,6,99.56043956,0,0.43956044,32.01013514,55.40540541,12.58445946
3981,VIC,101414.0285,2.469088937,20.74534161,40.14084507,1904,13,153,91.98067633,0.628019324,7.391304348,30.95370887,51.64528723,17.4010039
3984,VIC,82706.97077,2.210344828,16.63533835,43.02600473,3863,28,51,97.99594115,0.71029934,1.293759513,39.51185002,43.65051291,16.83763707
3987,VIC,103164.8134,2.634387352,15.41501976,48.38709677,592,4,0,99.32885906,0.67114094,0,35.41247485,57.74647887,6.841046278
3988,VIC,103202.5082,2.488833747,16.27906977,40.625,482,0,0,100,0,0,50.39577836,40.36939314,9.234828496
3990,VIC,77437.33784,2.744680851,23.07692308,100,56,0,0,100,0,0,53.65853659,39.02439024,7.317073171
3991,VIC,78200.3252,2.185430464,23.80952381,66.66666667,200,3,0,98.52216749,1.477832512,0,48.90510949,37.22627737,13.86861314
3992,VIC,86656.89615,2.416334661,21.93877551,34,603,0,0,100,0,0,40,47.70833333,12.29166667
3995,VIC,73607.78646,2.022194821,16.18037135,46.60852713,6018,326,31,94.4,5.11372549,0.48627451,48.31038798,27.49269921,24.19691281
3996,VIC,95200.24005,2.34501845,13.13131313,38.04100228,4318,393,28,91.11626926,8.292888795,0.59084195,56.33235725,25.21961933,18.44802343
4000,QLD,116591.3965,2.342611684,17.48304446,37.96107507,877,330,10618,7.416490486,2.790697674,89.79281184,15.05156976,16.58166157,68.36676867
4005,QLD,146142.5422,2.671346978,14.1723356,27.54277567,1623,341,8081,16.15729219,3.394723743,80.44798407,22.29031483,23.23960586,54.47007931
4006,QLD,114409.0832,2.326360827,13.13506815,31.69573857,620,359,14625,3.973340169,2.30069213,93.7259677,8.319987188,14.02946829,77.65054452
4007,QLD,141479.8459,2.634703196,19.22563418,31.61978661,2272,665,5316,27.52938325,8.057675997,64.41294075,24.63854524,25.08570577,50.27574899
4008,QLD,80396.38672,2.212389381,34.21052632,27.5862069,136,0,7,95.1048951,0,4.895104895,32.77310924,34.45378151,32.77310924
4009,QLD,#DIV/0!,#DIV/0!,,,3,0,0,100,0,0,100,0,0
4010,QLD,121248.2566,2.473778308,10.54313099,26.72955975,412,57,1575,20.15655577,2.788649706,77.05479452,14.45482866,20.68535826,64.85981308
4011,QLD,143658.8519,2.77650872,12.63959391,31.58121499,3490,777,2939,48.43186234,10.7826811,40.78545656,26.94113964,34.34564809,38.71321227
4012,QLD,125123.6606,2.626559356,9.696376102,28.51318945,5203,1210,4665,46.96696155,10.9225492,42.11048926,20.40443044,34.0310944,45.56447515
4013,QLD,128062.2865,2.614707405,10.69767442,28.57142857,1200,453,519,55.24861878,20.85635359,23.89502762,19.60478419,36.86947478,43.52574103
4014,QLD,134851.8311,2.807889126,10.12319229,28.63070539,4571,318,134,91.00139359,6.330877961,2.667728449,27.16475923,44.31008422,28.52515655
4017,QLD,115877.9531,2.59836125,9.755624515,36.25866051,12717,945,1097,86.16437428,6.402872823,7.432752897,31.44799761,43.02151823,25.53048416
4018,QLD,95827.34621,2.414954955,13.7599094,33.18410744,3651,2129,134,61.73486642,35.99932364,2.265809943,25.96282813,36.78865683,37.24851504
4019,QLD,86665.1376,2.136862566,14.48516579,45.03267974,6763,744,2256,69.27174024,7.62060842,23.10765134,31.02970068,30.10516584,38.86513348
4020,QLD,96427.49643,2.235541728,15.6640625,43.72770511,7577,1079,3757,61.04084428,8.692499799,30.26665593,37.30878187,27.24268178,35.44853636
4021,QLD,83292.9855,2.055388813,13.69721936,39.96641478,3077,861,94,76.31448413,21.35416667,2.331349206,33.42602892,30.22803115,36.34593993
4022,QLD,84722.76121,2.133760228,10.24,33.01687764,2086,837,93,69.16445623,27.75198939,3.083554377,31.46022952,27.1468144,41.39295607
4025,QLD,144146.5882,1.953125,66.66666667,17.64705882,305,0,3,99.02597403,0,0.974025974,46.66666667,4,49.33333333
4030,QLD,134910.2782,2.680727554,9.854771784,27.29357798,3653,403,4720,41.62488605,4.59206928,53.78304467,17.19811814,27.67903816,55.1228437
4031,QLD,136182.9893,2.742063492,9.587628866,28.35028748,3624,661,2084,56.90061234,10.37839535,32.72099231,20.18268048,36.74688214,43.07043738
4032,QLD,98618.99274,2.308547336,12.63223398,31.92360164,3630,1262,3783,41.8443804,14.54755043,43.60806916,22.84372904,23.54124748,53.61502347
4034,QLD,110031.0018,2.518796145,11.93014706,31.42636258,13734,3712,1582,72.17784318,19.50809334,8.314063485,31.61339333,34.93250745,33.45409922
4035,QLD,145611.1928,3.00064288,9.77893368,28.89221557,8354,1378,123,84.76915271,13.98274987,1.248097412,36.3142128,47.12082547,16.56496172
4036,QLD,107970.1762,2.564029364,12.43926142,31.21693122,2455,156,16,93.45260754,5.938332699,0.609059764,26.7052501,47.00289376,26.29185614
4037,QLD,154470.7289,3.219838057,8.124076809,20.96069869,2534,16,5,99.17808219,0.626223092,0.195694716,28.65853659,60.97560976,10.36585366
4051,QLD,148268.5956,2.842010611,9.037558685,27.03213611,7243,1680,3372,58.91012607,13.66409109,27.42578284,23.92905866,33.96998636,42.10095498
4053,QLD,127041.2863,2.725691174,8.664259928,27.7048901,14801,2460,2384,75.34232629,12.5222703,12.13540341,26.87219731,37.1132287,36.01457399
4054,QLD,114931.906,2.626654064,9.994848016,26.54135338,4814,672,166,85.17338995,11.8895966,2.937013447,29.53060012,41.79045356,28.67894633
4055,QLD,141795.7326,3.017814091,9.019131491,23.73572594,7363,186,252,94.38533521,2.384309704,3.230355083,32.06802721,49.26530612,18.66666667
4059,QLD,127613.7084,2.672070744,11.16427432,41.35258894,2677,430,3032,43.60645056,7.00439811,49.38915133,16.01113173,25.82560297,58.16326531
4060,QLD,172493.4437,3.099352052,9.551886792,31.07049608,3830,104,1085,76.31002192,2.072125921,21.61785216,31.6452945,40.86068246,27.49402304
4061,QLD,151994.7301,3.120934959,8.66305706,26.3803681,5708,453,62,91.72424875,7.279447212,0.996304033,39.39186881,45.11445166,15.49367954
4064,QLD,156980.0532,2.88846463,11.91709845,27.47111682,2853,476,2286,50.81032947,8.477292965,40.71237756,21.44446692,26.94719806,51.60833502
4065,QLD,188866.3227,3.227574272,9.288389513,27.01062215,3036,351,374,80.72321191,9.332624302,9.944163786,34.24135911,44.14176919,21.6168717
4066,QLD,130850.2555,2.716049383,13.13535123,34.17019027,2783,197,6085,30.70049641,2.173193602,67.12630998,22.40849757,24.36652163,53.2249808
4067,QLD,118590.1524,2.670663265,16.72131148,47.60638298,1441,301,2850,31.38066202,6.554878049,62.06445993,27.4929142,18.08812162,54.41896418
4068,QLD,135156.6968,2.865057818,13.0033557,35.15784114,4791,837,5425,43.345698,7.572604723,49.08169728,28.88934259,27.3274806,43.78317681
4069,QLD,172350.3212,3.282582531,11.40659341,30.16224189,11685,465,192,94.67671366,3.767622752,1.555663588,41.74672489,44.7860262,13.46724891
4070,QLD,141469.3293,3.180090045,12.69521411,34.21052632,4044,150,11,96.17122473,3.567181926,0.261593341,30.85670963,55.44604498,13.69724539
4073,QLD,150167.5105,3.084055181,9.849086577,31.53347732,2860,293,199,85.3221957,8.741050119,5.936754177,37.90029713,45.13040607,16.9692968
4074,QLD,133500.3294,2.978553557,11.38525565,29.72582973,8202,621,67,92.26096738,6.985376828,0.753655793,36.81983071,44.72793229,18.452237
4075,QLD,138473.6015,2.893272204,10.49553709,28.82466281,7167,1348,1644,70.54828231,13.26902254,16.18269515,30.21936047,38.92829859,30.85234094
4076,QLD,93819.1898,2.28712297,13.97849462,33.63499246,1721,213,24,87.89581205,10.8784474,1.225740552,26.11806798,29.87477639,44.00715564
4077,QLD,83171.52495,2.105226782,20.26365348,34.90530303,9051,3511,318,70.27173913,27.25931677,2.468944099,19.14874308,26.96251928,53.88873763
4078,QLD,108320.6616,2.610313242,14.37644342,31.49105368,8556,770,191,89.90228013,8.090784911,2.006934958,23.64787112,44.16570771,32.18642117
4101,QLD,122316.1049,2.563393708,16.17995264,35.17168391,2698,535,15128,14.69418877,2.913784652,82.39202658,17.43645805,19.15823996,63.405302
4102,QLD,113478.8854,2.463192335,10.96096096,34.21150278,1528,31,3522,30.07282031,0.610116119,69.31706357,11.59351145,17.70038168,70.70610687
4103,QLD,119643.7433,2.63575419,11.34204276,31.63672655,3045,1122,2720,44.21373602,16.29156382,39.49470016,17.98351915,29.10001616,52.9164647
4104,QLD,128848.5427,2.708796764,10.8496732,31.97405005,1481,604,1232,44.64877902,18.2092252,37.14199578,25.29455081,31.73784978,42.96759941
4105,QLD,122837.9222,2.667314831,10.32222829,30.92682927,3591,1029,1674,57.05433746,16.34890372,26.59675882,24.34550312,35.67230632,39.98219056
4106,QLD,93924.51542,2.322981366,20.65217391,36.84210526,645,28,64,87.51696065,3.799185889,8.68385346,19.87381703,30.75709779,49.36908517
4107,QLD,123092.1716,2.782447466,10.13306039,32.50366032,2316,223,67,88.87183423,8.557175748,2.570990023,24.24369748,45.08403361,30.67226891
4108,QLD,95694.39809,2.397260274,17.50465549,34.85005171,1925,277,333,75.93688363,10.9270217,13.13609467,23.99643176,27.1632471,48.84032114
4109,QLD,106646.3224,2.620275344,22.68535596,34.9874547,11078,1860,455,82.71485104,13.88785186,3.397297095,38.04086538,26.82005495,35.13907967
4110,QLD,107987.2695,2.658665659,16.68198529,32.22908478,5239,489,114,89.6781924,8.370421089,1.951386511,15.91170825,45.4318618,38.65642994
4111,QLD,102451.1131,2.5382263,14,44,250,0,101,71.22507123,0,28.77492877,31.86119874,33.4384858,34.70031546
4112,QLD,125963.2189,2.985092193,17.16833891,33.15508021,2328,388,5,85.5567806,14.25946343,0.183755972,34.35876948,40.59129045,25.04994007
4113,QLD,109792.6815,2.712883311,19.78533095,35.02984606,7145,3084,226,68.34050693,29.49784792,2.161645146,30.4801239,32.52452246,36.99535364
4114,QLD,69563.74862,1.731285576,17.4688057,40.37743675,7676,2899,687,68.15840881,25.74143136,6.10015983,19.50225746,20.86774584,59.6299967
4115,QLD,113671.7821,2.838205723,17.26775956,31.94822888,5756,1107,59,83.15515747,15.99248772,0.852354811,27.34105857,47.25963044,25.39931099
4116,QLD,114848.2938,2.933349007,21.83186951,33.06306306,6681,2475,20,72.80950305,26.97253705,0.217959895,27.56226054,42.81609195,29.62164751
4117,QLD,104413.3824,2.635678392,20.25316456,34.75409836,763,124,0,86.02029312,13.97970688,0,10.76923077,45.12820513,44.1025641
4118,QLD,103296.1192,2.493184512,14.97905888,35.20773639,9961,889,181,90.30006346,8.059106155,1.640830387,23.17755143,45.63610945,31.18633913
4119,QLD,116425.8744,2.863336475,19.54397394,33.51648352,1949,363,41,82.83042924,15.42711432,1.742456439,23.75296912,47.98099762,28.26603325
4120,QLD,120723.7249,2.611816193,9.84020185,28.52248394,2025,416,2670,39.62042653,8.139307376,52.24026609,15.7513181,28.44903339,55.79964851
4121,QLD,149245.8712,2.921981224,8.831908832,25.8038258,8401,418,1231,83.5920398,4.15920398,12.24875622,27.9925324,42.49945091,29.50801669
4122,QLD,116011.6146,2.672090113,13.34349981,33.09365782,12864,2251,3212,70.19152071,12.28242484,17.52605446,28.90567877,34.83426761,36.26005362
4123,QLD,121750.2513,2.885654064,16.88272535,36.14058355,7344,755,177,88.73852102,9.122764621,2.138714355,28.32532051,49.09188034,22.58279915
4124,QLD,117216.9249,2.718510252,14.28145498,35.04639543,7353,443,45,93.77630404,5.649789568,0.573906389,22.4059293,54.84606613,22.74800456
4125,QLD,99352.10645,2.406885397,14.71321696,33.93695506,4197,626,10,86.84047176,12.95261742,0.206910821,28.84888678,32.30696352,38.84414969
4127,QLD,100875.7298,2.40234375,14.11265899,39.29083095,8007,2019,334,77.28764479,19.48841699,3.223938224,26.75690309,39.45858148,33.78451543
4128,QLD,122266.1495,2.798153953,12.28136882,36.57195234,5372,401,336,87.93583238,6.564085775,5.500081846,26.58898305,52.01271186,21.39830508
4129,QLD,106008.6006,2.529964222,12.93995859,34.16252073,2266,141,58,91.92697769,5.720081136,2.352941176,22.00544465,48.23049002,29.76406534
4130,QLD,136022.8654,2.918005355,12.42816092,43.28767123,2890,180,24,93.40659341,5.8177117,0.775694893,33.63821138,52.57452575,13.78726287
4131,QLD,83923.73714,2.103244838,17.04545455,39.7066527,3305,671,399,75.54285714,15.33714286,9.12,15.61816193,26.88730853,57.49452954
4132,QLD,85357.64088,2.094922737,16.62371134,39.71319871,7666,1186,22,86.38719856,13.36488618,0.247915258,14.58773784,34.88372093,50.52854123
4133,QLD,92099.46844,2.282125604,17.32101617,37.60268857,6626,1274,313,80.67697553,15.51199318,3.811031292,23.01474759,34.86954056,42.11571185
4151,QLD,134765.5385,2.750588235,10.34164358,27.44489289,3353,788,4333,39.56809063,9.299032334,51.13287704,22.25201072,31.62198391,46.12600536
4152,QLD,141476.6559,2.860995496,10.97380129,26.20940268,13455,4097,1217,71.68735681,21.82854707,6.484096116,32.80540352,39.08233376,28.11226272
4153,QLD,142264.5297,2.967871486,13.37579618,27.07423581,1427,169,0,89.41102757,10.58897243,0,35.85548739,47.37559646,16.76891616
4154,QLD,170867.5679,3.248027057,9.116488464,29.18660287,3224,484,15,86.59683051,13.0002686,0.402900886,25.12063582,55.3789384,19.50042577
4155,QLD,176438.6337,3.035087719,21.9858156,58.33333333,473,0,11,97.72727273,0,2.272727273,50.79726651,38.26879271,10.93394077
4156,QLD,164834.9861,3.278799613,14.97797357,28.20512821,980,96,7,90.48938135,8.864265928,0.646352724,37.56145526,49.16420846,13.27433628
4157,QLD,108087.1867,2.500829417,13.36455331,40,6053,1422,195,78.9178618,18.53976532,2.542372881,31.94852427,43.15288852,24.89858721
4158,QLD,97676.78377,2.341191067,14.3126177,42.36111111,1079,569,28,64.37947494,33.94988067,1.670644391,33.8770389,36.88833124,29.23462986
4159,QLD,115175.2354,2.599286787,12.68317332,36.92992214,4696,656,308,82.96819788,11.59010601,5.441696113,37.54385965,42.57309942,19.88304094
4160,QLD,128877.9281,2.759970674,11.28577187,38.46153846,6071,895,303,83.51905351,12.31256019,4.168386298,37.93721973,41.46487294,20.59790732
4161,QLD,105419.3047,2.515348997,13.16108195,37.99472296,5792,347,138,92.273379,5.528118528,2.198502469,29.1010843,48.47848898,22.42042672
4163,QLD,103243.916,2.3234711,15.78298397,44.7803765,4281,1487,1476,59.09718388,20.52733297,20.37548316,40.52400377,28.74176341,30.73423282
4164,QLD,129281.3589,2.834011901,12.33595801,34.05511811,5861,826,64,86.81676789,12.23522441,0.948007703,25.40497193,47.82678428,26.76824379
4165,QLD,115009.7194,2.63967933,12.85103217,36.06097072,13228,1257,406,88.83218051,8.441340407,2.726479081,32.79684179,46.09778318,21.10537504
4169,QLD,128144.9707,2.528924479,12.7480916,31.16558279,1737,294,6971,19.29571206,3.265940902,77.43834703,18.62241355,20.09443133,61.28315512
4170,QLD,149615.2739,2.860850153,9.544008484,26.35406219,6552,2405,2847,55.50660793,20.37444934,24.11894273,20.24614806,38.79180759,40.96204434
4171,QLD,171734.078,3.00850998,10.80952381,27.86734224,3784,1019,2392,52.59207783,14.16261293,33.24530924,26.10929472,36.7740931,37.11661217
4172,QLD,139872.8989,2.823275862,11.57024793,25.15822785,1378,424,213,68.38709677,21.04218362,10.5707196,19.73969631,42.84164859,37.4186551
4173,QLD,114092.8722,2.599009901,12.16216216,28.20838628,2742,627,90,79.27146574,18.12662619,2.601908066,29.78390229,43.47009082,26.74600689
4174,QLD,120283.5755,2.6781158,12.92929293,28.38427948,978,98,0,90.89219331,9.107806691,0,19.77911647,54.31726908,25.90361446
4178,QLD,113821.8844,2.485942991,11.95423065,36.30672926,8075,1767,1335,72.24657779,15.80925114,11.94417107,28.50079114,36.37262658,35.12658228
4179,QLD,126557.7987,2.657280772,10.80979284,36.28742515,6289,1264,378,79.29643172,15.9374606,4.766107679,33.68348307,41.10573601,25.21078093
4183,QLD,93145.74843,2.084826762,20,46.80851064,1492,146,247,79.15119363,7.74535809,13.10344828,47.28033473,21.9665272,30.75313808
4184,QLD,54374.08864,1.656402737,19.64735516,62.29116945,5422,0,5,99.90786807,0,0.092131933,52.83018868,23.36146971,23.80834161
4205,QLD,71272.98991,1.898621249,15.96330275,44.47368421,2063,753,0,73.25994318,26.74005682,0,39.56925676,25.59121622,34.83952703
4207,QLD,93041.71159,2.275084218,14.84426773,39.65206959,21689,3392,1327,82.13041503,12.84459255,5.024992427,23.03519507,37.01340971,39.95139522
4208,QLD,122062.1868,2.779135462,14.15484634,34.26688633,7645,447,88,93.4596577,5.464547677,1.075794621,21.60797342,51.37541528,27.0166113
4209,QLD,110978.6983,2.629824561,16.11125352,37.8296146,19790,5143,194,78.75989971,20.46802245,0.772077845,12.69897418,39.08295012,48.2180757
4210,QLD,121846.8338,2.828907331,16.26688723,43.32603939,6455,1298,42,82.80949326,16.65169981,0.538806928,21.38461538,57.4965035,21.11888112
4211,QLD,103921.2232,2.523267417,16.90124462,46.03652796,16596,5100,1881,70.39063494,21.6312508,7.978114264,26.98220442,45.37873847,27.63905711
4212,QLD,123114.6867,2.667422334,18.25694966,46.14457831,9465,2329,1563,70.86172045,17.43655012,11.70172943,36.6301932,39.49393059,23.87587622
4213,QLD,122914.6519,2.81300071,16.78449259,42.64507422,9251,1256,108,87.15025907,11.83231276,1.017428168,30.43612425,52.27319482,17.29068093
4214,QLD,107392.8074,2.578375113,17.65860039,43.38146811,11361,2478,677,78.26536236,17.07081841,4.663819234,30.70969739,40.01238294,29.27791967
4215,QLD,81061.21819,2.048483299,20.06435302,50.91048987,5826,8179,13480,21.19701655,29.75804985,49.0449336,22.93347211,21.24642207,55.82010582
4216,QLD,94264.29406,2.202041785,20.29447853,53.25431483,8307,5522,5574,42.81296707,28.45951657,28.72751636,39.94426945,27.91979646,32.13593409
4217,QLD,103625.4384,2.264473613,23.15180216,51.92087156,5262,2656,19596,19.12480919,9.653267427,71.22192338,33.62836664,23.85425717,42.51737619
4218,QLD,115663.3342,2.469430929,20.4178273,46.46226415,6751,2831,9714,34.9865257,14.67143449,50.3420398,33.28381437,29.62648557,37.08970006
4220,QLD,110791.593,2.489928114,17.64705882,43.43314557,7064,3385,4885,46.06756228,22.07512717,31.85731055,35.05865568,34.74952441,30.19181991
4221,QLD,108939.8888,2.498132459,15.67505721,45.86230876,6726,2397,3744,52.27325717,18.62905106,29.09769177,33.78957934,36.54530523,29.66511543
4223,QLD,110473.6321,2.549514919,19.8693522,47.32547597,4071,1297,852,65.45016077,20.85209003,13.6977492,36.7335563,39.68784838,23.57859532
4224,QLD,105762.0461,2.504110613,16.33554084,45.37931034,1373,931,931,42.44204019,28.77897991,28.77897991,29.48086396,39.37097385,31.14816218
4225,QLD,92385.45934,2.115323011,21.53846154,49.55812373,665,322,4594,11.91542734,5.769575345,82.31499731,36.90779419,19.38359654,43.70860927
4226,QLD,105950.4885,2.537206555,18.56375183,47.13441275,7859,4883,2039,53.16960963,33.03565388,13.79473649,32.00301773,35.1565447,32.84043757
4227,QLD,108329.9194,2.59901223,16.97171381,46.59090909,4519,3013,1738,48.74865156,32.50269687,18.74865156,22.29609403,40.37753769,37.32636828
4228,QLD,140555.204,2.95443196,17.2519084,45.3125,1658,57,29,95.06880734,3.268348624,1.662844037,40.33397559,50.28901734,9.377007065
4270,QLD,124347.8109,2.886567164,16.88125894,38.31775701,1472,0,6,99.59404601,0,0.405953992,25.45731707,64.63414634,9.908536585
4272,QLD,100856.6299,2.569917355,17.73879142,55.18134715,3262,162,20,94.71544715,4.703832753,0.580720093,45.35117057,39.89966555,14.74916388
4275,QLD,114844.2551,2.649425287,19.140625,31.11111111,1444,19,13,97.83197832,1.287262873,0.880758808,33.66418528,47.97353184,18.36228288
4280,QLD,118859.4668,2.761950594,15.88325653,40.52004334,6750,69,50,98.26757898,1.00451303,0.727907992,21.50187327,61.29662812,17.20149862
4285,QLD,94845.93078,2.320553781,14.51612903,49.08883827,7725,893,29,89.33734243,10.32728114,0.335376431,30.5781759,42.52171553,26.90010858
4287,QLD,77356.67216,2.010830325,21.66666667,36.36363636,356,0,0,100,0,0,53.95683453,26.97841727,19.0647482
4300,QLD,116107.4235,2.691343392,11.99276591,28.66520788,21879,2132,336,89.8632275,8.756725675,1.380046823,15.34913753,45.30024905,39.35061341
4301,QLD,92145.65295,2.267037921,13.46791202,33.59173127,10768,1804,200,84.30942687,14.12464767,1.565925462,13.53383459,33.26172574,53.20443967
4303,QLD,73875.24235,1.825811001,14.2394822,32.67776097,1474,168,44,87.42586002,9.964412811,2.609727165,20.28880866,25.77617329,53.93501805
4304,QLD,81623.99692,2.044756663,10.80942623,38.01147228,6488,989,390,82.47108173,12.57150121,4.957417059,25.21329803,32.14180641,42.64489556
4305,QLD,89483.57402,2.173127698,9.600341345,37.85797439,22874,3084,778,85.55505685,11.53500898,2.909934171,26.05352591,33.60662702,40.33984707
4306,QLD,121923.0353,2.799169657,10.50300538,30.33596838,14948,316,91,97.34939759,2.057961576,0.592640834,25.40099361,50.81618169,23.7828247
4307,QLD,105148.722,2.41187384,10,26.92307692,601,6,0,99.01153213,0.988467875,0,40.76923077,41.73076923,17.5
4309,QLD,92967.20983,2.28086164,13.52785146,33.96226415,1424,0,0,100,0,0,47.75613887,37.34123624,14.90262489
4310,QLD,84183.5143,2.189295039,16.33333333,37.10144928,2575,106,9,95.72490706,3.940520446,0.334572491,51.1011236,31.1011236,17.79775281
4311,QLD,84168.95167,2.199447514,15.48183254,44.01114206,4070,107,7,97.27533461,2.557361377,0.167304015,35.22920204,42.04867006,22.7221279
4312,QLD,72015.74879,1.979816514,16.35687732,50,1385,17,0,98.7874465,1.212553495,0,52.84249767,29.63653308,17.52096925
4313,QLD,69820.59641,2.005382131,17.87234043,38.92215569,1100,40,11,95.56907037,3.475238923,0.955690704,48.89624724,29.91169978,21.19205298
4314,QLD,61358.09711,1.75238795,22.10144928,40.8839779,1840,10,0,99.45945946,0.540540541,0,58.4962406,25.56390977,15.93984962
4340,QLD,90849.17992,2.202611219,14.70588235,40.03759398,2346,133,11,94.21686747,5.341365462,0.441767068,35.05718548,34.70909995,30.23371457
4341,QLD,88397.50339,2.28696585,13.96989652,42.21585482,6114,188,18,96.74050633,2.974683544,0.284810127,32.89932147,45.16779754,21.93288098
4342,QLD,83692.1629,2.171974522,15.2866242,42.30769231,1065,12,6,98.33795014,1.108033241,0.55401662,37.01298701,38.96103896,24.02597403
4343,QLD,87418.44594,2.16892725,14.52736318,31.6680779,4006,450,157,86.84153479,9.755040104,3.403425103,35.02257903,30.38133467,34.5960863
4344,QLD,97947.34511,2.420242024,10.79365079,32.90322581,1053,32,0,97.05069124,2.949308756,0,35.66591422,43.22799097,21.10609481
4346,QLD,97793.42609,2.393617021,15.38461538,42.1875,424,0,0,100,0,0,35.50135501,46.0704607,18.42818428
4347,QLD,87043.79524,2.235789474,18.40490798,29.72972973,521,3,0,99.42748092,0.572519084,0,42.11663067,40.82073434,17.06263499
4350,QLD,92825.13937,2.269636815,10.23099466,34.31933215,37745,9363,2905,75.4703777,18.72113251,5.808489793,31.21435143,30.00919963,38.77644894
4352,QLD,115937.595,2.762940662,10.43062201,25.62651576,11146,278,28,97.32797765,2.427523577,0.244498778,37.87162827,47.912975,14.21539673
4353,QLD,89925.6,2.393442623,25.71428571,30,153,0,0,100,0,0,50.43478261,37.39130435,12.17391304
4354,QLD,82357.58189,2.10816777,13.7254902,34.92063492,516,3,3,98.85057471,0.574712644,0.574712644,41.13636364,41.13636364,17.72727273
4355,QLD,67027.62161,1.89298893,14.64435146,39.80582524,1250,45,9,95.85889571,3.450920245,0.690184049,51.38490926,26.17000955,22.44508118
4356,QLD,90823.205,2.257755217,13.77245509,32.11267606,1981,99,5,95.01199041,4.748201439,0.239808153,40.25897587,34.9617422,24.77928193
4357,QLD,77797.46629,1.950323974,10.98265896,24.1025641,1135,35,0,97.00854701,2.991452991,0,48.62183021,24.03528115,27.34288864
4358,QLD,100118.4532,2.434489403,11.14130435,25.78397213,1135,81,5,92.95659296,6.633906634,0.40950041,26.92307692,42.11045365,30.96646943
4359,QLD,101558.2031,2.41322314,9.142857143,37.77777778,558,9,0,98.41269841,1.587301587,0,40.9190372,47.48358862,11.59737418
4360,QLD,88275.72143,2.158139535,25.75757576,37.93103448,257,0,0,100,0,0,46.34146341,36.58536585,17.07317073
4361,QLD,76824.369,2.103182257,19.17293233,41.26984127,1131,35,7,96.41943734,2.983802217,0.596760443,45.23326572,32.35294118,22.4137931
4362,QLD,75736.50868,2.110997963,22.59259259,37.70491803,1169,34,0,97.17373234,2.826267664,0,50.56876939,33.71251293,15.71871768
4363,QLD,87780.47917,2.411764706,15.625,21.21212121,238,0,0,100,0,0,34.7826087,41.30434783,23.91304348
4364,QLD,91117.68182,2.258064516,0,0,79,0,0,100,0,0,48,16,36
4365,QLD,65806.00694,1.883928571,26.98412698,31.25,343,0,0,100,0,0,52.55813953,30.69767442,16.74418605
4370,QLD,76788.60613,2.046940714,13.75947996,38.17708333,7715,805,153,88.95422576,9.281678773,1.764095469,39.74323193,29.91906224,30.33770583
4371,QLD,78434.59163,2.238095238,17.07317073,33.33333333,326,0,0,100,0,0,55.10948905,33.94160584,10.94890511
4372,QLD,82294.14286,2.053571429,18.75,,74,0,0,100,0,0,63.15789474,36.84210526,0
4373,QLD,73435.46622,1.877862595,14.81481481,47.05882353,486,14,0,97.2,2.8,0,49.87212276,24.04092072,26.08695652
4374,QLD,70183.57669,2.175,9.523809524,38.0952381,212,4,0,98.14814815,1.851851852,0,50,30.48780488,19.51219512
4376,QLD,63710.17213,2,15.15151515,48,155,0,0,100,0,0,46.15384615,29.05982906,24.78632479
4378,QLD,94913.80495,2.333333333,12.28070175,41.93548387,230,0,0,100,0,0,47.89473684,31.05263158,21.05263158
4381,QLD,74868.23261,2.137651822,19.17808219,33.33333333,326,3,0,99.0881459,0.911854103,0,46.93877551,34.28571429,18.7755102
4382,QLD,85463.78571,2.386243386,8.823529412,28.57142857,238,3,0,98.75518672,1.244813278,0,59.66850829,25.96685083,14.36464088
4384,QLD,53819.5,2,,0,25,0,0,100,0,0,80,0,20
4387,QLD,69262.06873,1.853383459,15.23809524,37.3015873,641,26,13,94.26470588,3.823529412,1.911764706,44.50867052,25.24084778,30.2504817
4388,QLD,60596.29435,1.681481481,14.28571429,21.21212121,160,0,0,100,0,0,49.24242424,21.21212121,29.54545455
4390,QLD,100552.974,2.332199064,11.66380789,28.57142857,2426,266,176,84.58856346,9.274755927,6.136680614,32.83067643,30.76260233,36.40672124
4400,QLD,93464.33716,2.428767123,11.00917431,28.84615385,797,0,0,100,0,0,29.36288089,54.0166205,16.62049861
4401,QLD,82425.7552,2.005368472,12.65060241,29.5221843,2211,142,0,93.96515087,6.034849129,0,35.92184369,30.06012024,34.01803607
4402,QLD,51537,1.596491228,0,0,149,0,0,100,0,0,69.44444444,21.2962963,9.259259259
4403,QLD,87669.249,2.145907473,11.32075472,18,352,0,0,100,0,0,44.85596708,28.80658436,26.33744856
4404,QLD,87264.07595,2.603773585,25,0,212,0,0,100,0,0,45.94594595,29.05405405,25
4405,QLD,92896.88241,2.193280632,9.661835749,27.01986755,5561,496,17,91.55416529,8.165953243,0.279881462,31.42065691,33.61693708,34.96240602
4406,QLD,91455.66959,2.373056995,20.6185567,12.5,767,27,0,96.59949622,3.400503778,0,50,25.50200803,24.49799197
4407,QLD,80091.55298,2.038461538,0,12.82051282,223,3,0,98.67256637,1.327433628,0,50,19.23076923,30.76923077
4408,QLD,71987.04167,2.091743119,13.20754717,15.38461538,251,16,0,94.00749064,5.992509363,0,47.86729858,31.7535545,20.37914692
4410,QLD,66083.95536,1.85260771,13.15789474,26.74418605,569,10,0,98.27288428,1.727115717,0,52.98329356,22.67303103,24.34367542
4411,QLD,90861.89412,2.305263158,15.78947368,42.85714286,149,0,0,100,0,0,48.7804878,28.04878049,23.17073171
4412,QLD,74799.52885,2.263888889,23.80952381,0,110,0,0,100,0,0,39.68253968,34.92063492,25.3968254
4413,QLD,102514.9446,2.178238342,9.737248841,21.96891192,3218,565,95,82.980918,14.56936565,2.449716349,31.35097972,27.39773118,41.2512891
4415,QLD,87045.55094,1.937027708,8.403361345,17.00680272,900,239,45,76.01351351,20.18581081,3.800675676,35.42435424,18.94218942,45.63345633
4416,QLD,102603.2685,2.510067114,8.823529412,17.64705882,220,9,0,96.069869,3.930131004,0,43.16546763,30.9352518,25.89928058
4417,QLD,85709.05861,2.09765625,16,18.75,321,10,12,93.58600583,2.915451895,3.498542274,39.37007874,26.37795276,34.2519685
4418,QLD,73943.5,2.384615385,0,,43,0,0,100,0,0,50,20.58823529,29.41176471
4419,QLD,89040.20057,2.149700599,16.66666667,10,473,29,62,83.86524823,5.141843972,10.9929078,41.81818182,13.93939394,44.24242424
4420,QLD,90537.91906,2.170673077,18.33333333,15.94202899,614,8,8,97.46031746,1.26984127,1.26984127,51.86170213,21.80851064,26.32978723
4421,QLD,64593.68523,1.615846339,10.61946903,25.15337423,1194,30,7,96.99431357,2.437043054,0.568643379,57.26817043,17.41854637,25.31328321
4422,QLD,79356.7673,2.248366013,40,0,217,7,0,96.875,3.125,0,61.8705036,18.70503597,19.42446043
4423,QLD,58450.4717,2.533333333,50,0,100,0,0,100,0,0,46.15384615,30.76923077,23.07692308
4424,QLD,109795.3333,2.638554217,0,0,119,3,0,97.54098361,2.459016393,0,58.62068966,24.13793103,17.24137931
4425,QLD,86390.40909,2.422535211,28.57142857,0,89,0,0,100,0,0,52.63157895,31.57894737,15.78947368
4426,QLD,70501.93023,2.46,0,,83,0,0,100,0,0,64.58333333,20.83333333,14.58333333
4427,QLD,66432.45455,1.801886792,0,0,126,0,0,100,0,0,50.96153846,22.11538462,26.92307692
4428,QLD,96096.92763,2.227906977,25.53191489,9.090909091,290,5,0,98.30508475,1.694915254,0,51.73913043,26.52173913,21.73913043
4454,QLD,97088.69913,2.246575342,0,9.302325581,364,0,0,100,0,0,45.10638298,24.68085106,30.21276596
4455,QLD,105078.7549,2.27736034,12.06395349,18.52207294,3718,362,17,90.74932878,8.835733464,0.414937759,29.98700455,28.00519818,42.00779727
4461,QLD,71499.5,2.266666667,,,20,3,0,86.95652174,13.04347826,0,100,0,0
4462,QLD,59428.07143,2.304347826,0,,64,0,0,100,0,0,75.67567568,24.32432432,0
4465,QLD,76911.78231,1.947939262,23.28767123,32.92682927,610,17,0,97.28867624,2.711323764,0,52,24.63157895,23.36842105
4467,QLD,97251.88095,2.263157895,,0,72,0,0,100,0,0,60.78431373,21.56862745,17.64705882
4468,QLD,83792.00633,2.152380952,23.52941176,0,134,0,0,100,0,0,70.83333333,16.66666667,12.5
4470,QLD,88796.23544,2.013147083,9.558823529,15.0997151,1570,50,73,92.73479031,2.953337271,4.311872416,38.90625,26.328125,34.765625
4472,QLD,87914.28472,1.975395431,15.78947368,14.7826087,784,0,18,97.75561097,0,2.244389027,51.19047619,21.08843537,27.72108844
4474,QLD,59504.04545,2.333333333,,,32,0,0,100,0,0,60.71428571,10.71428571,28.57142857
4477,QLD,73826.18718,2.078817734,15,0,240,0,0,100,0,0,65.74585635,14.91712707,19.33701657
4478,QLD,82784.34031,1.952879581,28.57142857,13.04347826,237,0,0,100,0,0,49.72067039,13.96648045,36.31284916
4479,QLD,71499.5,4,,,3,0,0,100,0,0,44.44444444,55.55555556,0
4480,QLD,84934.40214,2.084,11.36363636,11.86440678,354,0,25,93.40369393,0,6.596306069,49.12891986,19.86062718,31.01045296
4481,QLD,105985.6111,2.268292683,0,0,71,0,0,100,0,0,54.28571429,12.85714286,32.85714286
4482,QLD,143914.3148,2,,0,73,6,0,92.40506329,7.594936709,0,34.42622951,0,65.57377049
4486,QLD,80210.46127,2.096654275,10.71428571,12.5,246,106,5,68.90756303,29.69187675,1.400560224,48.10126582,18.98734177,32.91139241
4487,QLD,91262.05314,2.15371179,10.04366812,23.38709677,1310,81,23,92.64497878,5.728429986,1.626591231,34.49477352,24.91289199,40.59233449
4488,QLD,79239.03488,2.195652174,0,0,158,6,3,94.61077844,3.592814371,1.796407186,66.97247706,11.9266055,21.10091743
4489,QLD,86449.5,1.542857143,,0,60,0,0,100,0,0,83.33333333,0,16.66666667
4490,QLD,70901.97334,1.709935897,18.03278689,17.01030928,830,28,4,96.28770302,3.248259861,0.464037123,51.7699115,11.6519174,36.57817109
4491,QLD,67816.19792,1.761904762,0,0,70,0,0,100,0,0,68.08510638,6.382978723,25.53191489
4492,QLD,110001.9846,2.068376068,0,0,125,0,9,93.28358209,0,6.71641791,41.44736842,15.78947368,42.76315789
4493,QLD,95999.5,2.5,,,7,0,0,100,0,0,100,0,0
4494,QLD,87133.71053,2.511111111,,0,86,0,0,100,0,0,52.94117647,11.76470588,35.29411765
4496,QLD,76579.5,2.135135135,0,40,97,0,0,100,0,0,60.34482759,17.24137931,22.4137931
4497,QLD,91405.00459,2.318181818,0,0,144,6,0,96,4,0,56.43564356,17.82178218,25.74257426
4498,QLD,89395.24468,2.470588235,0,,85,0,0,100,0,0,28.94736842,31.57894737,39.47368421
4500,QLD,113273.7396,2.608334929,11.64569062,32.77845777,14125,2352,271,84.33842847,14.04346788,1.618103654,25.79086399,45.18394433,29.02519168
4501,QLD,86168.7199,2.13321724,13.25301205,37.07995365,1729,641,161,68.31291979,25.32595812,6.361122086,21.22015915,36.7816092,41.99823165
4502,QLD,106678.6986,2.529336735,8.87966805,37.94694348,2907,283,202,85.70165094,8.343160377,5.955188679,25.72347267,43.8585209,30.41800643
4503,QLD,101192.2063,2.428900064,12.65761397,35.26785714,14586,5315,201,72.55994428,26.44015521,0.999900507,18.8461119,37.28869015,43.86519795
4504,QLD,123636.8753,2.848008712,11.66032953,29.03692976,6541,287,17,95.55880205,4.19284149,0.248356465,19.83069447,55.96488478,24.20442076
4505,QLD,105507.3027,2.459581997,11.59643187,37.50579509,8388,1265,78,86.19874627,12.99969171,0.801562018,31.11813156,41.9609613,26.92090714
4506,QLD,91307.65119,2.25133071,14.40677966,42.45906349,7794,1712,171,80.54149013,17.6914333,1.767076573,20.51251771,34.5890411,44.89844119
4507,QLD,70625.07258,1.899054622,18.56513531,54.79381443,8007,2084,837,73.2704978,19.07027818,7.659224012,56.24596166,19.83631273,23.91772561
4508,QLD,81207.60433,2.052281099,14.49903661,44.09862571,6524,773,392,84.84848485,10.05332293,5.098192223,25.75516693,34.16678711,40.07804596
4509,QLD,122529.512,2.79692681,11.50214592,29.31109185,10309,2612,381,77.49962412,19.63614494,2.864230943,15.07270461,42.92480266,42.00249273
4510,QLD,84799.01619,2.149476147,14.43887256,44.01279707,18184,3329,661,82.00595292,15.01307838,2.980968702,27.18709342,34.54592766,38.26697892
4511,QLD,82765.24179,2.155367232,15.05078486,48.48484848,3669,321,76,90.23610428,7.894736842,1.869158879,47.02842377,32.76485788,20.20671835
4512,QLD,122203.3576,2.775877588,15.98272138,33.98058252,1211,11,6,98.61563518,0.895765472,0.488599349,38.56749311,49.67860422,11.75390266
4514,QLD,96401.92763,2.438161107,15.20644512,46.00638978,2733,42,11,98.09763101,1.507537688,0.394831299,37.2102649,47.72350993,15.06622517
4515,QLD,93787.35053,2.252948886,16.7032967,28.92857143,1816,25,0,98.64204237,1.357957632,0,41.39534884,35.54817276,23.05647841
4516,QLD,122975.5154,2.833587786,12.54071661,30.18867925,1366,0,23,98.34413247,0,1.655867531,33.0455259,57.45682889,9.497645212
4517,QLD,87544.87963,2.350574713,9.848484848,35.8974359,396,4,0,99,1,0,40.35087719,47.66081871,11.98830409
4518,QLD,104483.5266,2.546076883,15.36423841,42.70072993,2058,30,15,97.86019971,1.426533524,0.713266762,37.59957515,45.83112055,16.5693043
4519,QLD,96327.0939,2.419374431,15.01736111,43.16239316,3215,139,256,89.05817175,3.850415512,7.091412742,34.15688697,41.32180358,24.52130945
4520,QLD,164173.4999,3.203581954,12.73195876,35.14492754,4665,45,56,97.88082249,0.944187998,1.174989509,41.86635945,50.80645161,7.32718894
4521,QLD,130466.3073,2.848122867,11.13892365,39.31034483,1971,7,4,99.44500505,0.353178607,0.201816347,36.01156069,54.04624277,9.942196532
4550,QLD,97795.72602,2.457077885,17.14719272,42.15116279,1696,121,23,92.17391304,6.576086957,1.25,32.77936963,45.32951289,21.89111748
4551,QLD,97119.0748,2.35624952,14.62362599,44.31014151,20614,4122,5885,67.3198132,13.46135005,19.21883675,37.55211784,32.28772942,30.16015275
4552,QLD,91845.29407,2.392440245,21.67070218,50.90909091,4043,132,49,95.71496212,3.125,1.160037879,55.90818929,27.40153018,16.69028053
4553,QLD,123782.086,2.897174483,14.69555035,35.5513308,3612,140,37,95.32858274,3.694906308,0.976510953,22.1228384,59.30232558,18.57483602
4554,QLD,114809.0385,2.712643678,20.25862069,39.21568627,712,7,0,99.02642559,0.973574409,0,41.25636672,46.85908319,11.88455008
4555,QLD,107921.5135,2.605823068,13.63163371,43.18658281,2672,209,50,91.16342545,7.130672126,1.705902422,35.67819666,43.99533618,20.32646716
4556,QLD,109071.5662,2.586048406,14.32991684,40.58133035,13519,3230,2141,71.56696665,17.09899418,11.33403917,37.07088013,37.50237959,25.42674028
4557,QLD,108329.0402,2.512159662,16.14285714,42.03172205,4937,811,3166,55.38478797,9.098048014,35.51716401,28.39149829,32.06507478,39.54342692
4558,QLD,91541.50757,2.171128501,16.2055336,41.72742569,4648,2549,4593,39.42324003,21.62001696,38.956743,35.00405844,23.62012987,41.37581169
4559,QLD,107595.6757,2.597270955,15.1481888,44.80519481,2484,121,17,94.73684211,4.614797864,0.648360031,37.29346971,41.97482297,20.73170732
4560,QLD,90820.80945,2.359918646,16.87116564,46.05564648,11985,2125,837,80.18331438,14.21689971,5.59978591,34.59219056,39.62008141,25.78772803
4561,QLD,109926.7057,2.647442499,17.01769166,42.36111111,2909,80,129,93.29698525,2.565747274,4.137267479,34.45143256,47.97344514,17.57512229
4562,QLD,120910.9247,2.831906881,19.02222222,46.15384615,3262,24,72,97.14115545,0.714711138,2.144133413,42.62068966,45.55172414,11.82758621
4563,QLD,95428.88889,2.437948152,19.96434938,47.46835443,3840,35,222,93.7271174,0.854283622,5.418598975,47.82122905,37.17877095,15
4564,QLD,98214.62049,2.397055592,20.01614205,47.4471831,3150,1155,1070,58.60465116,21.48837209,19.90697674,39.48819766,32.12000882,28.39179351
4565,QLD,86329.19263,2.253208463,20.83333333,51.44609991,5788,659,320,85.53273238,9.73843653,4.728831092,45.11052166,31.19363395,23.69584439
4566,QLD,103608.1332,2.350487541,18.63270777,57.74456522,2650,1453,942,52.52725471,28.80079286,18.67195243,51.56207552,23.93371366,24.50421081
4567,QLD,127092.6815,2.597816781,20.46632124,47.81420765,4247,1198,1841,58.28987099,16.44249245,25.26763656,43.88004896,28.29457364,27.8253774
4568,QLD,94249.00863,2.44345898,16.985138,46.30872483,1521,19,0,98.76623377,1.233766234,0,44.46919079,42.0935412,13.437268
4569,QLD,86264.73411,2.394944708,22.406639,53.03030303,751,0,0,100,0,0,42.20472441,45.66929134,12.12598425
4570,QLD,77440.02368,2.091368808,17.20367116,45.63164109,18707,970,299,93.64737685,4.855826992,1.496796155,42.33934512,35.41703146,22.24362342
4571,QLD,84096.0627,2.322289157,26.73267327,47.36842105,416,3,0,99.28400955,0.715990453,0,48.92307692,37.84615385,13.23076923
4572,QLD,111364.7111,2.423076923,19.41747573,42.7406199,728,189,1465,30.56255248,7.934508816,61.50293871,35.07261969,26.30446477,38.62291555
4573,QLD,110182.511,2.599061114,16.39016018,45.08506616,9785,2514,1437,71.23616773,18.3022714,10.46156086,33.27536736,35.25780367,31.46682897
4574,QLD,82646.96205,2.289179104,21.42857143,50,644,0,0,100,0,0,45.85635359,37.38489871,16.7587477
4575,QLD,111719.3198,2.487261747,16.02852853,42.47176913,7949,2035,2275,64.84215678,16.60004894,18.55779427,35.90904711,29.92581174,34.16514115
4580,QLD,56384.28636,1.652302493,23.09782609,57.37327189,2540,116,110,91.82935647,4.193781634,3.976861894,59.36321743,18.5169669,22.11981567
4581,QLD,77469.53903,1.887372014,36.44859813,54.66666667,884,148,83,79.28251121,13.2735426,7.443946188,48.15756036,16.6454892,35.19695044
4600,QLD,64158.15517,1.782152231,17.72151899,24.56140351,456,4,14,96.20253165,0.843881857,2.953586498,56.13577023,26.89295039,16.97127937
4601,QLD,67842.50234,1.960264901,18.98734177,32.63157895,551,11,23,94.18803419,1.88034188,3.931623932,50.56947608,23.46241458,25.96810934
4605,QLD,68838.293,1.769753086,14.49275362,18.67364747,1880,11,115,93.71884347,0.548354935,5.732801595,38.38509317,20.80745342,40.80745342
4606,QLD,70097.80064,1.876811594,13.97379913,29.25764192,1081,70,23,92.07836457,5.962521295,1.95911414,45.59748428,27.67295597,26.72955975
4608,QLD,71932.85736,2.033333333,10.46511628,40,473,0,0,100,0,0,51.52354571,30.74792244,17.72853186
4610,QLD,84413.68172,2.080346106,10.19553073,33.04805793,6132,240,419,90.29597997,3.534089236,6.169930791,38.78136201,29.89247312,31.32616487
4611,QLD,63829.5,2.282608696,27.27272727,0,59,0,0,100,0,0,46.34146341,41.46341463,12.19512195
4612,QLD,48262.02273,1.477272727,28.57142857,0,131,0,0,100,0,0,64.77272727,26.13636364,9.090909091
4613,QLD,55107.6645,1.727272727,25.49019608,18,484,8,0,98.37398374,1.62601626,0,60.23738872,20.77151335,18.99109792
4614,QLD,57664.19043,1.652087475,14.01869159,33.92857143,594,22,0,96.42857143,3.571428571,0,51.09343936,23.26043738,25.64612326
4615,QLD,66017.18548,1.801542777,15.36050157,42.4954792,3384,15,143,95.53924337,0.423489554,4.037267081,49.16399858,27.78370687,23.05229456
4620,QLD,59985.24224,1.820652174,28.57142857,20,248,0,0,100,0,0,67.87878788,18.78787879,13.33333333
4621,QLD,64611.93295,1.774456522,19.14893617,42.85714286,883,9,0,98.99103139,1.00896861,0,60.21798365,23.43324251,16.34877384
4625,QLD,79355.09437,1.948640483,13.30049261,29.95780591,1237,58,13,94.57186544,4.434250765,0.993883792,43.83561644,25.71127503,30.45310854
4626,QLD,83295.68563,2.006830601,10,20,926,3,44,95.16957862,0.308324769,4.522096608,43.65620737,20.19099591,36.15279673
4627,QLD,61865.58571,1.961538462,37.28813559,22.80701754,391,11,23,92,2.588235294,5.411764706,52.17391304,21.73913043,26.08695652
4630,QLD,71885.59071,1.93368984,17.22222222,25.56818182,1214,16,11,97.82433521,1.289282836,0.88638195,51.74973489,23.86002121,24.3902439
4650,QLD,72101.92349,1.90964167,12.16056671,42.62743756,14313,915,530,90.83005458,5.806574438,3.363370986,45.53034856,29.53725962,24.93239183
4655,QLD,77014.26823,2.0540284,14.26408747,45.71474514,25058,3633,1201,83.82844908,12.15375351,4.017797404,46.38247798,26.23747343,27.38004859
4659,QLD,61569.31842,1.773502405,19.89795918,51.73501577,2587,17,79,96.42191577,0.633619083,2.944465151,62.52086811,20.95158598,16.52754591
4660,QLD,69266.01777,1.881197381,16.53543307,44.15841584,4004,64,94,96.2037482,1.537722249,2.258529553,56.16438356,23.56164384,20.2739726
4662,QLD,75713.85041,1.985559567,13.75,44.73684211,336,0,0,100,0,0,42.36641221,39.69465649,17.9389313
4670,QLD,81565.68834,2.057128831,11.71875,39.1958042,30787,3093,2872,83.76959077,8.415868524,7.814540705,40.84141595,28.96151232,30.19707172
4671,QLD,68469.08055,1.849516604,14.7826087,33.22147651,3016,50,15,97.89029536,1.622849724,0.486854917,53.70449679,30.19271949,16.10278373
4673,QLD,75575.87209,2.011450382,16.66666667,42.30769231,305,0,0,100,0,0,59.71223022,31.29496403,8.992805755
4674,QLD,57896.69558,1.7888,24.61538462,34.04255319,869,0,0,100,0,0,63.59516616,26.13293051,10.27190332
4676,QLD,69099.53846,1.757142857,31.25,0,98,0,0,100,0,0,67.6056338,21.12676056,11.26760563
4677,QLD,82053.01996,2.02073882,22.64150943,43.23308271,2327,86,133,91.3982718,3.377847604,5.223880597,48.28510182,27.38478028,24.3301179
4678,QLD,82098.19767,1.95625,13.0952381,23.52941176,476,84,23,81.64665523,14.40823328,3.945111492,53.96825397,32.38095238,13.65079365
4680,QLD,106565.5184,2.304540918,10.28169014,28.82910425,19767,1766,2304,82.92570374,7.408650417,9.665645845,25.40983607,37.36711376,37.22305017
4694,QLD,57482.1087,2.022222222,0,0,49,0,0,100,0,0,36.58536585,39.02439024,24.3902439
4695,QLD,92037.94745,2.034852547,11.76470588,25.64102564,490,0,0,100,0,0,44.26229508,40.71038251,15.0273224
4697,QLD,54804.81579,2.024390244,33.33333333,0,66,0,0,100,0,0,59.09090909,29.54545455,11.36363636
4699,QLD,89648.3622,2.16025641,9.090909091,27.77777778,201,0,0,100,0,0,48.95104895,37.76223776,13.28671329
4700,QLD,96059.51749,2.194270913,9.009513151,30.95009597,6489,651,951,80.20022247,8.045977011,11.75380052,29.69687644,32.32805047,37.97507309
4701,QLD,96261.48078,2.215329148,8.878598752,31.64044944,15930,1768,863,85.82511718,9.52534885,4.649533969,31.08932051,36.9224967,31.98818279
4702,QLD,100528.2861,2.301133463,11.81885125,27.15809893,12070,138,113,97.96282769,1.120038958,0.91713335,37.85895485,35.46423135,26.6768138
4703,QLD,104183.3374,2.386811241,11.43728555,35.21491455,9112,689,1101,83.58099431,6.319941295,10.09906439,37.92052259,36.46162221,25.6178552
4704,QLD,79799.53846,2.071428571,0,37.5,63,0,0,100,0,0,53.44827586,32.75862069,13.79310345
4705,QLD,99218.34228,2.510791367,20,33.33333333,198,0,0,100,0,0,46.21212121,19.6969697,34.09090909
4706,QLD,70873.57407,1.947368421,0,0,61,0,0,100,0,0,67.85714286,21.42857143,10.71428571
4707,QLD,78077.2906,1.776785714,14.28571429,20,184,0,0,100,0,0,54.62184874,23.52941176,21.8487395
4709,QLD,173182.5726,2.391705069,0,0,464,18,0,96.26556017,3.734439834,0,2.074688797,1.659751037,96.26556017
4710,QLD,87199.56635,2.139378238,15.36796537,39.67280164,2209,131,68,91.7358804,5.440199336,2.823920266,43.48919055,28.55706385,27.9537456
4711,QLD,131328.1663,2.833333333,9.322033898,15,626,0,0,100,0,0,40.54982818,52.40549828,7.04467354
4712,QLD,69671.40104,1.929292929,28.57142857,0,141,4,0,97.24137931,2.75862069,0,51.54639175,14.43298969,34.02061856
4713,QLD,49077.2416,1.12267658,,21.49122807,239,10,50,79.93311037,3.344481605,16.72240803,0,0,100
4714,QLD,59516.49769,1.633362294,10.0877193,42.27272727,1613,19,18,97.75757576,1.151515152,1.090909091,52.58467023,24.3315508,23.08377897
4715,QLD,111527.6674,2.315154038,9.741248097,17.03601108,2800,139,231,88.32807571,4.384858044,7.287066246,30.2451184,32.73784794,37.01703365
4716,QLD,101066.9585,2.324758842,17.72151899,12.5,381,0,11,97.19387755,0,2.806122449,41.27516779,34.56375839,24.16107383
4717,QLD,141003.144,2.232746955,8.127208481,9.846547315,2177,74,204,88.67617108,3.014256619,8.309572301,11.49273448,22.52311757,65.98414795
4718,QLD,110669.8023,2.177033493,10.32258065,18.32061069,1193,47,39,93.27599687,3.674745895,3.049257232,33.01662708,23.39667458,43.58669834
4719,QLD,84466.61392,2.123425693,10.76923077,25.84269663,545,0,9,98.37545126,0,1.624548736,47.10526316,21.31578947,31.57894737
4720,QLD,126961.675,2.537469782,8.370895042,18.14278046,4896,810,605,77.57883061,12.83473301,9.586436381,18.49220446,36.78705348,44.72074206
4721,QLD,109541.2791,2.268715524,10.76233184,14.85411141,1635,160,31,89.53997809,8.762322015,1.69769989,39.69924812,23.30827068,36.9924812
4722,QLD,110601.2598,2.34496124,9.638554217,16,653,11,27,94.50072359,1.591895803,3.907380608,46.0385439,24.4111349,29.5503212
4723,QLD,115396.2759,2.33604888,13.04347826,8.396946565,670,50,15,91.15646259,6.802721088,2.040816327,38.44537815,28.36134454,33.19327731
4724,QLD,98429.09677,2.281407035,0,0,272,0,0,100,0,0,51.42857143,21.14285714,27.42857143
4725,QLD,92787.02762,2.112847222,14.28571429,21.05263158,777,6,23,96.40198511,0.744416873,2.853598015,52.19298246,19.29824561,28.50877193
4726,QLD,84326.16667,2,0,0,226,0,20,91.8699187,0,8.130081301,65.2173913,15.2173913,19.56521739
4727,QLD,80514.28279,2.259615385,0,0,163,0,0,100,0,0,52.59259259,28.14814815,19.25925926
4728,QLD,59219.18304,2.217948718,0,33.33333333,148,0,6,96.1038961,0,3.896103896,66.32653061,9.183673469,24.48979592
4730,QLD,98403.7743,2.175652174,9.459459459,15.10416667,1383,94,65,89.68871595,6.095979248,4.215304799,37.04866562,21.74254317,41.20879121
4731,QLD,64140.02479,1.835294118,0,0,118,0,0,100,0,0,76.74418605,12.40310078,10.85271318
4732,QLD,58570.17935,2.272727273,57.14285714,0,86,0,0,100,0,0,73.19587629,17.5257732,9.278350515
4733,QLD,133249.55,2.734693878,0,,75,0,0,100,0,0,58.33333333,18.33333333,23.33333333
4735,QLD,83543.64118,1.923884514,5.882352941,14.60674157,534,3,15,96.73913043,0.543478261,2.717391304,52.34375,16.796875,30.859375
4736,QLD,146326.6525,2.081632653,0,0,67,0,8,89.33333333,0,10.66666667,62.90322581,8.064516129,29.03225806
4737,QLD,104836.2157,2.195121951,14.16149068,31.11480865,3308,252,40,91.88888889,7,1.111111111,38.08016878,37.09563994,24.82419128
4738,QLD,103690.9965,2.158974359,14.81481481,37.03703704,520,0,0,100,0,0,58.37104072,30.31674208,11.31221719
4739,QLD,75129.88889,1.858156028,22.22222222,36.36363636,202,0,0,100,0,0,68.11594203,16.66666667,15.2173913
4740,QLD,111107.4817,2.361184403,10.55597702,29.70775395,28635,4939,2092,80.28654741,13.84792239,5.865530197,29.13236856,37.65600106,33.21163038
4741,QLD,110536.2743,2.313522825,16.30276565,17.46031746,3047,83,17,96.82237051,2.637432475,0.540197013,46.877602,38.13488759,14.98751041
4742,QLD,114431.9164,2.282685512,16.36363636,14.77272727,426,47,0,90.06342495,9.936575053,0,32.78688525,24.26229508,42.95081967
4743,QLD,158798.5991,2.309090909,,0,366,54,10,85.11627907,12.55813953,2.325581395,4.891304348,1.630434783,93.47826087
4744,QLD,171605.501,2.581617086,3.255813953,7.687379885,3013,934,136,73.79377908,22.87533676,3.330884154,8.718330849,18.59165425,72.6900149
4745,QLD,146035.846,2.197215777,5.93220339,7.641921397,1353,128,71,87.17783505,8.24742268,4.574742268,17.37142857,15.77142857,66.85714286
4746,QLD,164783.073,2.334038055,0,4.105571848,836,54,62,87.81512605,5.672268908,6.512605042,5.555555556,4.526748971,89.91769547
4750,QLD,118826.423,2.513300493,10.38781163,26.00382409,2082,134,82,90.60052219,5.831157528,3.568320279,24.85294118,44.85294118,30.29411765
4751,QLD,122998.8563,2.465473146,11.17318436,29.53736655,1674,140,10,91.77631579,7.675438596,0.548245614,33.98310591,44.63937622,21.37751787
4753,QLD,131700.0855,2.667128028,9.472049689,23.22274882,1595,15,0,99.06832298,0.931677019,0,23.98316971,58.13464236,17.88218794
4754,QLD,111861.7209,2.436388509,10.71428571,23.23943662,866,19,10,96.75977654,2.122905028,1.117318436,29.72972973,46.6571835,23.61308677
4756,QLD,76783.39862,1.991666667,9.836065574,52,318,0,0,100,0,0,50.64935065,33.33333333,16.01731602
4757,QLD,68406.43103,2.041666667,37.5,47.36842105,217,0,0,100,0,0,53.54330709,26.77165354,19.68503937
4798,QLD,87866.63964,1.945945946,0,27.27272727,349,3,0,99.14772727,0.852272727,0,50.91743119,24.31192661,24.7706422
4799,QLD,84058.88936,1.948087432,15.73033708,23.07692308,530,0,15,97.24770642,0,2.752293578,53.35051546,32.21649485,14.43298969
4800,QLD,95118.5067,2.242236025,15.2173913,35.84337349,3987,257,223,89.25453324,5.753301992,4.992164764,41.12837285,36.82202235,22.0496048
4802,QLD,101534.4399,2.256453155,18.24134705,37.68115942,3068,687,1463,58.79647374,13.16596397,28.03756228,29.07434251,28.32884655,42.59681093
4804,QLD,97313.27447,1.857954545,7.339449541,22.44897959,1053,138,56,84.44266239,11.06655974,4.490777867,43.60385144,18.29436039,38.10178817
4805,QLD,88600.05038,1.994449807,14.43661972,30,4370,748,14,85.15198753,14.57521434,0.272798129,39.72301605,22.92811607,37.34886788
4806,QLD,82892.81646,1.999301676,7.260726073,30.63380282,1688,70,0,96.0182025,3.981797497,0,52.46122724,25.4888739,22.04989885
4807,QLD,87921.76971,2.015406837,9.032943677,27.54195459,4292,681,47,85.49800797,13.56573705,0.93625498,43.27731092,27.45921898,29.26347009
4808,QLD,93987.53189,2.140740741,9.803921569,16.25,462,5,4,98.08917197,1.061571125,0.8492569,47.98994975,29.64824121,22.36180905
4809,QLD,85364.97025,2.101123596,15.90909091,19.14893617,565,5,0,99.12280702,0.877192982,0,53.5326087,30.16304348,16.30434783
4810,QLD,107994.0257,2.321401859,10.03426334,30.17722748,4834,2769,4386,40.3202936,23.09617149,36.58353491,25.66053688,24.85732403,49.48213908
4811,QLD,109370.8974,2.440084388,10.2931152,26.41269841,4475,350,539,83.42654735,6.524981357,10.04847129,26.58148303,35.65144533,37.76707164
4812,QLD,90317.33141,2.159142785,9.509803922,32.95165394,5621,2896,981,59.18088019,30.49062961,10.32849021,25.2091108,30.1119547,44.6789345
4814,QLD,105460.4085,2.439819522,9.636992221,27.95739825,15507,1973,505,86.22185154,10.97025299,2.807895468,26.72960041,34.51441872,38.75598086
4815,QLD,92049.30284,2.190991238,11.54833191,29.42982456,7896,399,149,93.51018475,4.725248697,1.764566556,24.21595303,39.05198339,36.73206358
4816,QLD,89004.98994,2.0582617,14.51027811,21.2962963,4240,41,75,97.33700643,0.941230487,1.721763085,43.62053437,30.77154008,25.60792555
4817,QLD,107469.5661,2.48854041,9.787928222,24.49113592,10823,960,116,90.9572233,8.067904866,0.974871838,26.36457261,41.00739631,32.62803108
4818,QLD,114312.8875,2.610312764,9.902143523,22.85714286,11521,304,37,97.12527398,2.562805598,0.311920418,19.5937762,47.42383304,32.98239076
4819,QLD,77957.37336,2.005708849,23.1884058,55.93869732,1324,230,131,78.57566766,13.64985163,7.774480712,47.67540152,21.30177515,31.02282333
4820,QLD,86688.26048,2.049443086,12.36749117,23.90829694,4270,506,28,88.88426311,10.53288926,0.582847627,41.3981289,28.22245322,30.37941788
4821,QLD,86253.97479,2.023255814,14.81481481,21.70542636,668,133,6,82.77571252,16.48079306,0.743494424,48.41930116,18.80199667,32.77870216
4822,QLD,106850.3051,2.259109312,16.66666667,0,371,3,0,99.19786096,0.802139037,0,48.53556485,23.0125523,28.45188285
4823,QLD,109138.9808,2.297297297,0,0,355,9,0,97.52747253,2.472527473,0,55.41795666,13.3126935,31.26934985
4824,QLD,101558.6247,2.16751269,13.33333333,18.125,1117,34,186,83.54525056,2.543006731,13.91174271,43.53518822,17.51227496,38.95253682
4828,QLD,74054.06643,1.703125,0,36.36363636,105,0,0,100,0,0,64.86486486,2.702702703,32.43243243
4829,QLD,107836.8048,1.89375,0,14.08450704,250,21,8,89.60573477,7.52688172,2.867383513,45.91836735,6.632653061,47.44897959
4830,QLD,81329.04641,1.424242424,0,8.61423221,491,5,26,94.06130268,0.957854406,4.980842912,25.86956522,3.260869565,70.86956522
4849,QLD,63475.86636,1.63,31.57894737,45.63106796,635,112,76,77.15674362,13.60874848,9.234507898,51.03244838,13.27433628,35.69321534
4850,QLD,79469.33115,1.920054508,12.26295828,33.29718004,5136,292,204,91.19318182,5.184659091,3.622159091,53.38663113,21.80768377,24.8056851
4852,QLD,87235.21376,2.119092628,21.83544304,40.13921114,1831,195,221,81.48642635,8.67823765,9.835336004,49.23312883,20.75664622,30.01022495
4854,QLD,81719.79158,1.989944696,9.555555556,27.74193548,2190,56,180,90.27205276,2.308326463,7.419620775,44.11764706,27.3326572,28.54969574
4855,QLD,80290.42308,1.989966555,17.56756757,31.91489362,359,3,0,99.17127072,0.828729282,0,51.54639175,28.86597938,19.58762887
4856,QLD,78354.06405,1.961977186,15.25423729,32.55813953,330,0,0,100,0,0,51.83673469,27.34693878,20.81632653
4858,QLD,90314.2373,2.132007233,14.55696203,27.39726027,612,17,3,96.83544304,2.689873418,0.474683544,51.75879397,29.48073702,18.76046901
4859,QLD,78950.125,1.872222222,17.0212766,12.12121212,241,5,0,97.96747967,2.032520325,0,45.85635359,30.93922652,23.20441989
4860,QLD,79198.51861,1.923554706,14.32192649,30.52325581,4177,577,269,83.15747561,11.48715907,5.35536532,38.82240306,22.61847774,38.5591192
4861,QLD,76936.53683,1.975903614,17.0212766,27.14285714,690,20,0,97.18309859,2.816901408,0,40.92465753,30.1369863,28.93835616
4865,QLD,103895.7672,2.474447514,13.21585903,30.92592593,3190,83,70,95.42327251,2.48279988,2.09392761,31.27861923,46.88270518,21.83867559
4868,QLD,96694.351,2.334779913,13.29501916,38.56348867,7354,839,949,80.44191643,9.177422883,10.38066069,29.43085372,37.31902147,33.25012481
4869,QLD,101056.2888,2.4175234,11.82458888,34.42009621,6878,116,429,92.657955,1.562710494,5.779334501,21.218716,45.79511892,32.98616509
4870,QLD,98877.80343,2.330939247,12.60537937,35.61213105,18098,4452,9561,56.36074865,13.86440784,29.77484351,25.96827052,31.79279011,42.23893937
4871,QLD,83812.21851,1.92303207,17.5787728,23.27586207,4109,60,84,96.61415471,1.410768869,1.975076417,51.00842481,20.27061527,28.72095992
4872,QLD,85430.77051,2.065445026,22.2614841,27.82258065,1957,7,36,97.85,0.35,1.8,55.84740463,22.57661038,21.57598499
4873,QLD,81224.65535,2.054223969,15.33923304,41.48397976,2970,138,138,91.49722736,4.251386322,4.251386322,42.15870628,30.31214742,27.5291463
4874,QLD,142175.5821,2.32615786,9.322033898,14.5994832,1385,609,78,66.84362934,29.39189189,3.764478764,16.5704388,18.36027714,65.06928406
4875,QLD,91029.08851,1.549019608,13.33333333,13.6256852,1939,400,120,78.85319235,16.26677511,4.880032534,8.839479393,2.277657267,88.88286334
4876,QLD,96683.73725,1.346998536,,10.2,656,121,33,80.98765432,14.9382716,4.074074074,14.23487544,1.779359431,83.98576512
4877,QLD,101460.8868,2.223409669,17.4796748,40.0304414,1406,759,679,49.4374121,26.68776371,23.87482419,36.16504854,25.60679612,38.22815534
4878,QLD,96275.83104,2.439312381,14.3161256,43.06110794,4801,1169,657,72.44605402,17.63995775,9.91398823,28.13524237,37.34690357,34.51785406
4879,QLD,104654.6345,2.548340374,14.15994131,40.97253489,7459,830,1748,74.31503437,8.269403208,17.41556242,31.9477155,37.32925106,30.72303344
4880,QLD,86469.19867,2.089650767,13.39622642,34.83333333,4994,60,447,90.78349391,1.09071078,8.12579531,41.90800681,27.06558773,31.02640545
4881,QLD,87037.61194,2.320908561,17.1539961,44.08945687,1917,37,71,94.66666667,1.827160494,3.50617284,42.12667054,36.83904707,21.03428239
4882,QLD,93558.51577,2.320704846,11.74698795,27.34375,1266,6,0,99.52830189,0.471698113,0,50.78397213,34.75609756,14.45993031
4883,QLD,79106.06682,2.013785181,16.19318182,37.81749765,3436,390,279,83.70280146,9.500609013,6.796589525,40.90909091,22.78338945,36.30751964
4884,QLD,88050.49546,2.294274301,8.333333333,39.16083916,948,13,3,98.34024896,1.348547718,0.31120332,53.08953342,24.71626734,22.19419924
4885,QLD,85394.56878,2.213513514,15.70247934,40.61302682,1732,11,66,95.7435047,0.608070757,3.648424544,48.23609227,30.2578019,21.50610583
4886,QLD,69691.00882,1.914364641,23.80952381,34.84848485,476,8,0,98.34710744,1.652892562,0,55.43175487,23.39832869,21.16991643
4887,QLD,67547.07997,1.91916558,15.38461538,32.20338983,977,15,12,97.31075697,1.494023904,1.195219124,53.79494008,28.49533955,17.70972037
4888,QLD,62027.7245,1.797752809,23.63636364,49.43820225,1441,10,18,98.09394146,0.680735194,1.225323349,53.6950421,25.07015903,21.23479888
4890,QLD,99786.00832,1.716049383,0,15.70680628,466,9,54,88.09073724,1.701323251,10.20793951,33.47547974,6.823027719,59.70149254
4891,QLD,80599.52077,1.557939914,30.76923077,21.15384615,280,5,34,87.77429467,1.567398119,10.65830721,74.33070866,6.771653543,18.8976378
4892,QLD,80000.38119,1.365755627,17.64705882,14.41677588,1340,332,75,76.70291929,19.00400687,4.293073841,18.08118081,3.025830258,78.89298893
4895,QLD,78979.75236,1.75798212,20.28301887,21.57534247,1883,140,30,91.71943497,6.819288846,1.461276181,40.74074074,15.54433221,43.71492705
5000,SA,91075.25363,2.171985384,19.21708185,48.10126582,454,2723,7584,4.21893876,25.30433975,70.47672149,17.99608515,15.28015659,66.72375826
5006,SA,125247.1602,2.533635413,19.22196796,33.35943618,720,1774,1051,20.31029619,50.04231312,29.64739069,33.70826011,17.46924429,48.82249561
5007,SA,102346.3116,2.418978912,11.85344828,28.56287425,1678,1516,958,40.41425819,36.51252408,23.07321773,19.50741674,29.10719284,51.38539043
5008,SA,95040.89209,2.331325301,12.21608349,31.234129,4514,1388,359,72.09710909,22.16898259,5.733908321,27.81613372,32.70348837,39.48037791
5009,SA,97637.85032,2.351058824,13.62275449,34.54231434,1688,459,175,72.69595177,19.76744186,7.536606374,32.84385707,35.68281938,31.47332354
5010,SA,79649.73743,2.083217108,20.48,30.92783505,1544,624,181,65.73009791,26.56449553,7.705406556,20.94240838,32.79390766,46.26368396
5011,SA,104702.2868,2.505683902,14.85097636,32.06239168,3767,1374,806,63.34286195,23.10408609,13.55305196,25.02327313,40.04840812,34.92831875
5012,SA,81747.17212,2.131199609,19.82832618,36.95514845,2743,1405,325,61.32349653,31.41068634,7.265817125,22.60913449,32.19782993,45.19303558
5013,SA,80344.81699,2.076866585,17.08211144,38.96414343,3337,1053,147,73.5508045,23.20916905,3.240026449,26.7982018,37.76223776,35.43956044
5014,SA,87666.04633,2.191629129,13.78935939,36.9550173,4272,1328,241,73.13816127,22.73583291,4.126005821,30.63184175,38.81313616,30.55502209
5015,SA,88815.07612,2.203272727,14.25389755,30.92573754,1736,862,549,55.16364792,27.39116619,17.44518589,24.38486963,35.91626882,39.69886155
5016,SA,103701.557,2.370301253,11.40794224,36.38470452,3236,437,475,78.01350048,10.53519769,11.45130183,31.85983827,42.23719677,25.90296496
5017,SA,78030.34338,1.957083526,16.46884273,33.55704698,1613,605,211,66.40592837,24.90736929,8.686702347,25.35344015,35.53251649,39.11404336
5018,SA,99851.80696,2.313928417,12.7027027,32.01219512,1813,588,148,71.12593174,23.06786975,5.806198509,45.73333333,37.51111111,16.75555556
5019,SA,98136.2916,2.290290038,13.70106762,34.00974026,2572,1487,479,56.6769502,32.76773909,10.55531071,32.55575493,32.1968726,35.24737247
5020,SA,114532.1852,2.527843137,13.03258145,36.41618497,960,438,8,68.27880512,31.15220484,0.568990043,49.67585089,35.17017828,15.15397083
5021,SA,104396.1902,2.356435644,12.69614836,29.65517241,1805,1077,321,56.35341867,33.62472682,10.02185451,54.27226647,28.63866763,17.08906589
5022,SA,124421.5247,2.569444444,13.22894168,30.53482587,4416,1568,1497,59.02954151,20.95976474,20.01069376,40.35305048,32.13069062,27.5162589
5023,SA,86687.83944,2.169780666,15.30758226,34.37892095,5325,1933,943,64.93110596,23.57029631,11.49859773,30.26755853,32.52508361,37.20735786
5024,SA,111088.3175,2.495414462,11.74582798,30.31784841,4431,813,1037,70.54609139,12.94379876,16.51010986,44.30966821,31.23439172,24.45594006
5025,SA,107874.3265,2.463551928,14.31175934,31.57894737,3155,468,177,83.02631579,12.31578947,4.657894737,40.43165468,34.33093525,25.23741007
5031,SA,105591.4164,2.423232564,11.88405797,28.7399131,2963,1207,525,63.10969116,25.70820021,11.18210863,29.23338185,27.38961669,43.37700146
5032,SA,105209.1526,2.436500643,12.87192755,30.26819923,3969,807,1235,66.02894693,13.42538679,20.54566628,34.935164,32.45614035,32.60869565
5033,SA,90232.82703,2.270410959,13.40508806,33.24061196,2560,874,576,63.840399,21.79551122,14.36408978,24.67242821,31.33537775,43.99219403
5034,SA,132232.5765,2.74313052,11.78082192,28.75536481,2734,427,1367,60.37985866,9.430212014,30.18992933,37.96550862,30.19245189,31.84203949
5035,SA,104900.4802,2.493535279,11.20943953,25.48449612,1363,581,1105,44.70318137,19.05542801,36.24139062,27.82071097,28.74806801,43.43122102
5037,SA,99173.50367,2.406768838,14.14597442,29.73497091,3167,1417,633,60.70538624,27.16120376,12.13341001,29.704962,32.61063925,37.68439875
5038,SA,95965.24846,2.389486586,12.65704979,28.85057471,4599,1863,1639,56.77076904,22.99716084,20.23207011,26.61052632,33.22105263,40.16842105
5039,SA,99107.33073,2.416333066,11.73553719,31.37931034,2819,647,714,67.44019139,15.4784689,17.08133971,27.23239046,36.99389906,35.77371048
5040,SA,100723.5143,2.355626327,12.7340824,29.27927928,797,249,0,76.19502868,23.80497132,0,40.06514658,32.5732899,27.36156352
5041,SA,127452.4193,2.79169992,10.30640669,33.86243386,3942,624,786,73.65470852,11.65919283,14.68609865,38.7240959,40.34945144,20.92645266
5042,SA,93043.36751,2.436146708,13.10997815,31.74366617,3281,1319,360,66.14919355,26.59274194,7.258064516,29.69483568,34.90610329,35.39906103
5043,SA,84982.62783,2.219335556,14.90080203,38.99529042,5247,3058,1226,55.05193579,32.08477599,12.86328822,26.57108722,30.84826762,42.58064516
5044,SA,116445.8396,2.515634837,12.12121212,33.70786517,3108,1797,455,57.98507463,33.5261194,8.48880597,41.096501,34.63338534,24.27011366
5045,SA,109870.9384,2.394628099,15.05312869,34.42554956,3180,2753,2723,36.73752311,31.80452865,31.45794824,36,26.68551237,37.31448763
5046,SA,93210.69561,2.358535998,13.98104265,36.77165354,2589,1781,267,55.83351305,38.40845374,5.758033211,31.18359278,34.29701013,34.51939708
5047,SA,90611.43763,2.325836533,13.82694023,30.37865749,2745,1194,29,69.17842742,30.09072581,0.730846774,29.02322978,34.84466835,36.13210188
5048,SA,107232.9795,2.478178667,11.13537118,36.85983827,4665,1994,329,66.75729823,28.5346308,4.708070979,38.95068903,33.78714926,27.26216171
5049,SA,116191.2272,2.693790686,12.31630511,36.14262561,3647,445,251,83.97421137,10.24637347,5.779415151,42.1079173,40.46898638,17.42309632
5050,SA,115537.5856,2.827683616,10.53984576,33.4841629,2041,231,0,89.83274648,10.16725352,0,43.76227898,43.76227898,12.47544204
5051,SA,129185.0014,2.978703874,9.689140089,34.10526316,5320,148,307,92.12121212,2.562770563,5.316017316,39.09107704,51.24699797,9.661924995
5052,SA,134144.936,2.99959432,9.209209209,29.94350282,2357,250,13,89.96183206,9.541984733,0.496183206,43.45034247,47.7739726,8.775684932
5061,SA,154170.1094,2.838100102,13.69047619,31.18811881,2766,698,921,63.07867731,15.91790194,21.00342075,41.9047619,29.83268983,28.26254826
5062,SA,143291.2049,2.895610093,12.59459459,33.66336634,4321,885,1083,68.70726666,14.07218954,17.22054381,43.51265823,37.04289733,19.44444444
5063,SA,125796.6391,2.698717949,13.17183952,29.48479205,2913,1587,1258,50.59048281,27.56165335,21.84786384,35.15926151,29.45830797,35.38243051
5064,SA,140743.7415,2.904033746,16.14310646,32.49551167,2920,794,434,70.39537126,19.14175506,10.46287367,46.38047138,36.50392817,17.11560045
5065,SA,129343.0059,2.723853211,17.84313725,32.37847222,2591,1562,772,52.60913706,31.71573604,15.6751269,42.86059435,27.54288475,29.5965209
5066,SA,153222.0164,3.048966757,14.93032515,31.11954459,3912,791,132,80.91003102,16.3598759,2.730093071,47.58525978,38.9562829,13.45845731
5067,SA,120838.2793,2.586574655,14.01475237,30.06396588,2081,2279,1239,37.16735131,40.70369709,22.1289516,32.71750806,22.98603652,44.29645542
5068,SA,120335.6789,2.607040367,15.4589372,33.81147541,2984,1757,1095,51.13091158,30.10623715,18.76285127,39.32424181,28.06838999,32.60736821
5069,SA,134428.8048,2.709885597,14.47368421,31.57894737,2350,864,592,61.74461377,22.70099842,15.55438781,38.115373,28.99426155,32.89036545
5070,SA,102563.5189,2.455825468,15.04587156,34.16334661,4006,1618,1546,55.87168759,22.56624826,21.56206416,34.01315789,29.58881579,36.39802632
5072,SA,116474.9266,2.688802804,16.14906832,31.26959248,4372,960,605,73.63988546,16.16978272,10.19033182,38.63811728,34.27854938,27.08333333
5073,SA,106652.006,2.562838151,14.3525741,31.70278638,5253,960,828,74.60587985,13.63442693,11.75969323,39.09478,33.25973821,27.64548179
5074,SA,93071.91626,2.371258533,15.55826724,37.22842043,4118,1442,775,65.00394633,22.76243094,12.23362273,33.53424658,32.47488584,33.99086758
5075,SA,98222.89026,2.428212163,14.22053232,32.58064516,3789,593,345,80.15654749,12.54495452,7.29849799,40.36433365,34.9472675,24.68839885
5076,SA,116007.6195,2.732485876,11.77358491,31.51658768,3159,487,89,84.57831325,13.03882195,2.382864793,45.00431903,41.89461561,13.10106536
5081,SA,138742.8616,2.73130123,14.22885572,30.67426401,2699,1001,729,60.93926394,22.60103861,16.45969745,40.07863696,29.14809961,30.77326343
5082,SA,124002.2933,2.675486133,11.93872161,26.83531746,4557,1236,1074,66.36085627,17.99912626,15.64001747,30.32720169,33.59921862,36.07357968
5083,SA,109962.2587,2.560615578,10.74035454,28.55740922,2372,814,345,67.17643727,23.0529595,9.770603229,29.19871795,35.03205128,35.76923077
5084,SA,84178.5449,2.087153518,18.82352941,30.96357227,2569,1348,381,59.77198697,31.36342485,8.864588181,20.24423338,27.70691995,52.04884668
5085,SA,100465.7384,2.522391402,15.76876513,33.98123324,6992,2358,466,71.23064385,24.02200489,4.747351263,20.12927054,41.64358264,38.22714681
5086,SA,95631.52664,2.445002282,14.55836662,33.13112459,5605,1084,515,77.80399778,15.047196,7.148806219,24.92997199,38.31310302,36.75692499
5087,SA,94177.50366,2.43677471,14.58474004,34.0583858,3929,936,535,72.75925926,17.33333333,9.907407407,27.32095491,33.23811467,39.44093042
5088,SA,86526.81703,2.296346414,15.47861507,32.16494845,1311,225,106,79.84165652,13.70280146,6.455542022,26.62517289,37.06777317,36.30705394
5089,SA,119924.0951,2.793131313,9.88258317,33.44947735,2552,78,0,97.03422053,2.965779468,0,42.31860559,45.39927037,12.28212404
5090,SA,83297.14509,2.264007308,12.92929293,32.53833049,2589,874,97,72.7247191,24.5505618,2.724719101,38.5106383,38.72340426,22.76595745
5091,SA,103013.6985,2.554776219,10.8490566,36.19047619,3031,56,100,95.10511453,1.757138375,3.137747098,40.36449544,47.51940601,12.11609855
5092,SA,92606.55773,2.384989974,12.64367816,32.53968254,6533,736,192,87.56198901,9.864629406,2.573381584,35.21292217,42.14390602,22.64317181
5093,SA,87409.92168,2.291993281,14.73765432,32.74336283,3495,212,161,90.35677353,5.480868666,4.162357808,34.87972509,41.0652921,24.05498282
5094,SA,79065.76183,2.051204819,22.34042553,30.76923077,330,38,0,89.67391304,10.32608696,0,39.41176471,30,30.58823529
5095,SA,101244.6537,2.512862755,15.31014701,30.31007752,6219,1390,943,72.71983162,16.25350795,11.02666043,23.54384605,39.93284257,36.52331138
5096,SA,90225.2983,2.290088322,15.09723644,34.7826087,4935,509,65,89.58068615,9.239426393,1.179887457,33.06098047,43.66281387,23.27620566
5097,SA,94680.76,2.421671258,11.81777176,34.90909091,4975,254,592,85.46641471,4.363511424,10.17007387,37.2110648,45.64228875,17.14664646
5098,SA,86396.47873,2.238901507,15.45346062,32.19512195,4642,426,181,88.43589255,8.115831587,3.448275862,34.92896175,40.43715847,24.63387978
5106,SA,27710.02632,1,,,4,0,15,21.05263158,0,78.94736842,37.5,0,62.5
5107,SA,84788.54984,2.239292667,18.35471031,33.58730159,5875,590,167,88.58564536,8.896260555,2.518094089,28.73466644,41.89211897,29.37321459
5108,SA,76631.13421,1.980643474,16.96230599,37.47057565,13194,2771,878,78.33521344,16.45193849,5.212848067,25.12311993,40.13044057,34.7464395
5109,SA,80512.46761,2.109270673,16.24019106,35.99269184,7375,921,204,86.76470588,10.83529412,2.4,33.05095963,42.91197882,24.03706155
5110,SA,85314.2988,2.166396892,18.81188119,34.62686567,3105,123,0,96.18959108,3.810408922,0,29.3789024,45.31712126,25.30397634
5111,SA,61619.5,1,,0,6,0,0,100,0,0,0,0,100
5112,SA,68302.47037,1.766247379,17.36111111,42.34693878,5534,3005,260,62.89351063,34.15160814,2.954881237,22.36735793,32.54780501,45.08483706
5113,SA,60667.93999,1.618103087,18.32731027,38.53995396,5773,2497,157,68.50599264,29.63094814,1.863059214,19.90595611,31.23396979,48.8600741
5114,SA,90211.8149,2.236614579,14.28571429,34.22085202,13028,632,94,94.72153555,4.595026901,0.683437545,20.07211538,47.94070513,31.98717949
5115,SA,84447.03885,2.178711363,16.86108165,31.94285714,4661,335,16,92.99680766,6.6839585,0.319233839,11.03996467,46.30161183,42.65842349
5116,SA,83558.67192,2.161688004,12.23367698,38.27586207,3680,834,52,80.5957074,18.26544021,1.138852387,28.5188818,39.5537028,31.9274154
5117,SA,123941.9949,2.847843137,9,30.50847458,1343,19,0,98.60499266,1.395007342,0,27.41935484,67.23259762,5.348047538
5118,SA,95516.29821,2.364629705,11.249555,35.69444444,6928,1085,102,85.37276648,13.37030191,1.256931608,33.37938657,44.1834761,22.43713733
5120,SA,104547.5109,2.545454545,17.19128329,36.84210526,961,19,0,98.06122449,1.93877551,0,35.66739606,51.85995624,12.4726477
5121,SA,89959.82524,2.268707483,19.31216931,34.86238532,972,10,0,98.98167006,1.018329939,0,37.52913753,48.25174825,14.21911422
5125,SA,112566.9265,2.593597681,9.583333333,31.16782676,7201,738,9,90.60140916,9.285354806,0.113236034,33.3744011,47.1321013,19.4934976
5126,SA,104561.129,2.533667622,9.630200308,29.26136364,2880,78,3,97.26443769,2.634245187,0.101317123,34.22770123,51.74039159,14.03190718
5127,SA,104579.1662,2.52622842,8.404802744,29.41176471,2802,372,10,88.00251256,11.68341709,0.314070352,37.05822955,44.46314372,18.47862673
5131,SA,145634.2977,2.889570552,13.17829457,42.85714286,363,3,0,99.18032787,0.819672131,0,50.91463415,46.95121951,2.134146341
5132,SA,117275.6195,2.711409396,14,0,160,0,0,100,0,0,52.11267606,41.54929577,6.338028169
5133,SA,130933.1364,3.15,14.58333333,33.33333333,137,0,0,100,0,0,45.38461538,47.69230769,6.923076923
5134,SA,128030.4044,3.020547945,16.32653061,35.71428571,173,0,0,100,0,0,49.65517241,40.68965517,9.655172414
5136,SA,147934.8413,3.016574586,16.4556962,26.08695652,196,0,0,100,0,0,40,50.28571429,9.714285714
5137,SA,133282.5706,2.959183673,19.6969697,0,217,0,0,100,0,0,51.61290323,40.32258065,8.064516129
5138,SA,122494.3608,2.923076923,19.56521739,44.44444444,145,0,0,100,0,0,37.6146789,44.95412844,17.43119266
5139,SA,116452.9261,2.979591837,18.42105263,41.66666667,119,0,0,100,0,0,47.95918367,38.7755102,13.26530612
5140,SA,144686.2089,3.142857143,13.33333333,0,176,0,0,100,0,0,37.90849673,60.13071895,1.960784314
5141,SA,137202.9827,3.083665339,13.7254902,0,272,5,0,98.19494585,1.805054152,0,43.03278689,47.54098361,9.426229508
5142,SA,123219.5957,2.71040724,16.86746988,41.66666667,216,20,0,91.52542373,8.474576271,0,42.42424242,44.44444444,13.13131313
5144,SA,115727.9672,2.743589744,6,33.33333333,186,0,0,100,0,0,49.68152866,38.85350318,11.46496815
5150,SA,155869.5,3.647058824,0,,19,0,0,100,0,0,38.0952381,38.0952381,23.80952381
5151,SA,146797.3714,3.071942446,13.79310345,34.61538462,150,0,0,100,0,0,43.07692308,44.61538462,12.30769231
5152,SA,151038.7195,3.054134697,11.11111111,30.97826087,2437,64,48,95.60612005,2.510788545,1.883091408,45.41041483,45.14563107,9.443954104
5153,SA,126281.2643,2.909361702,13.31987891,32.91139241,2682,9,24,98.78453039,0.331491713,0.883977901,42.79513889,49.30555556,7.899305556
5154,SA,153943.4063,3.15993266,11.1332008,33.33333333,1265,0,4,99.68479117,0,0.315208826,46.01018676,47.62308998,6.36672326
5155,SA,117569.88,2.925531915,12.76595745,42.85714286,1586,18,5,98.57054071,1.118707272,0.31075202,36.43779742,53.22909585,10.33310673
5156,SA,128966.0662,2.988538682,13.40782123,16.66666667,384,0,0,100,0,0,36.39053254,57.10059172,6.50887574
5157,SA,121122.8333,2.818181818,15.01210654,33.33333333,1200,5,0,99.58506224,0.414937759,0,47.41463415,45.56097561,7.024390244
5158,SA,107699.0836,2.678992323,11.14873035,32.68416596,9316,420,13,95.55851882,4.308134168,0.13334701,35.26844173,50.69838498,14.03317329
5159,SA,106738.0634,2.672007691,10.28708134,34.26838514,12326,823,12,93.6554973,6.253324215,0.091178482,37.23796747,50.53664263,12.2253899
5160,SA,#DIV/0!,1,,53.33333333,14,0,0,100,0,0,0,0,100
5161,SA,82247.61467,2.251193887,14.4018583,41.65477889,3953,524,35,87.6108156,11.61347518,0.77570922,33.93833913,46.79264048,19.26902039
5162,SA,82490.37346,2.181561086,13.06724986,38.21757057,13019,2054,85,85.88863966,13.55060034,0.560759995,30.15454479,44.48106643,25.36438878
5163,SA,77548.35297,2.063814989,15.37444934,40.14035088,5617,578,131,88.7922858,9.136895353,2.070818843,27.19731733,44.86410166,27.93858101
5164,SA,59059.5778,1.68463357,17.7480916,43.16628702,1812,667,43,71.84773989,26.44726408,1.704996035,23.78404669,28.21011673,48.00583658
5165,SA,76848.84357,2.033136095,14.60674157,41.53543307,2207,577,90,76.79192763,20.07654836,3.131524008,27.05179283,28.84462151,44.10358566
5166,SA,70254.90546,1.926380368,20.66115702,43.11111111,868,70,0,92.53731343,7.462686567,0,34.49131514,35.73200993,29.77667494
5167,SA,93632.78562,2.363235883,11.80476731,37.03041145,2348,150,280,84.5212383,5.399568035,10.07919366,33.38788871,41.12111293,25.49099836
5168,SA,80635.63872,2.145071029,17.50278707,30.34257749,2218,168,155,87.28846911,6.611570248,6.099960645,24.3902439,44.26377597,31.34598013
5169,SA,92420.93509,2.377122548,11.97183099,37.62586116,7332,307,555,89.4801074,3.746643886,6.773248719,25.07434442,46.99918897,27.92646661
5170,SA,86377.90497,2.372,11.11111111,41.66666667,546,0,22,96.12676056,0,3.873239437,38.66396761,38.46153846,22.87449393
5171,SA,100608.6576,2.481183932,13.00613497,35.5704698,2367,194,42,90.93353823,7.452938917,1.613522858,44.66755913,40.16064257,15.1717983
5172,SA,112602.3663,2.679444812,14.43850267,35.8490566,1658,20,21,97.58681577,1.177163037,1.236021189,43.88926401,43.01147873,13.09925726
5173,SA,82572.94592,2.273267327,16.27155172,46.00823045,5750,520,51,90.96661921,8.226546433,0.806834362,30.29937713,42.47538678,27.22523609
5174,SA,91816.85681,2.397548161,16.86746988,40.8045977,1458,34,6,97.32977303,2.269692924,0.400534045,30.98214286,51.69642857,17.32142857
5201,SA,113455.0463,2.733757962,11.89189189,32.35294118,881,5,0,99.43566591,0.564334086,0,34.80519481,54.28571429,10.90909091
5202,SA,95924.68792,2.525,12.40875912,29.41176471,430,0,0,100,0,0,36.11111111,51.54320988,12.34567901
5203,SA,72597.0125,2.144385027,24.32432432,49.42528736,633,21,0,96.78899083,3.211009174,0,46.76806084,35.17110266,18.0608365
5204,SA,68872.46745,2.012616202,21.6374269,49.05660377,2850,174,99,91.25840538,5.571565802,3.170028818,55.99472991,26.74571805,17.25955204
5210,SA,94974.93601,2.608832808,17.37704918,42.10526316,697,0,0,100,0,0,32.27848101,57.27848101,10.44303797
5211,SA,70343.71492,1.987760592,15.33546326,50.97192225,8794,1041,292,86.83716797,10.27945097,2.883381061,53.14325452,24.93741307,21.91933241
5212,SA,75490.02321,2.131027254,14.59459459,46.80851064,1423,61,108,89.38442211,3.831658291,6.783919598,49.88479263,25.23041475,24.88479263
5213,SA,88749.70736,2.38697318,17.08860759,37.80487805,1244,29,0,97.72191673,2.278083268,0,45.98130841,34.57943925,19.43925234
5214,SA,66884.50024,1.918812341,19.03114187,50.6127451,6017,485,117,90.90497054,7.327390845,1.767638616,53.60923965,24.08565929,22.30510106
5220,SA,59550.56383,1.953846154,21.05263158,21.05263158,81,0,0,100,0,0,37.5,34.375,28.125
5221,SA,59799.52258,1.846666667,23.07692308,23.07692308,286,3,0,98.96193772,1.038062284,0,60,18.18181818,21.81818182
5222,SA,87494.83072,2.107023411,24.24242424,32.69230769,685,3,3,99.1316932,0.434153401,0.434153401,50.625,28.75,20.625
5223,SA,82608.77731,2.160789845,11.38888889,20.66666667,2052,97,37,93.87008234,4.437328454,1.692589204,43.62989324,29.60854093,26.76156584
5231,SA,118072.3977,2.671772429,16.90821256,37.14285714,507,0,0,100,0,0,41.64859002,49.45770065,8.893709328
5232,SA,129409.5423,2.791946309,8.163265306,0,159,0,0,100,0,0,54.30463576,41.7218543,3.973509934
5233,SA,110725.2555,2.580952381,10.79812207,43.5483871,595,0,10,98.34710744,0,1.652892562,41.76470588,44.31372549,13.92156863
5234,SA,104584.506,2.635394456,9.32642487,45.83333333,525,7,0,98.68421053,1.315789474,0,40.46121593,47.37945493,12.15932914
5235,SA,88536.21661,2.383104126,17.25888325,40.56603774,1179,0,27,97.76119403,0,2.23880597,42.18905473,46.56716418,11.24378109
5236,SA,85443.94444,2.345323741,15.87301587,57.14285714,176,0,0,100,0,0,37.77777778,52.59259259,9.62962963
5237,SA,83500.97464,2.281045752,13.79310345,30,162,0,0,100,0,0,45.45454545,50.34965035,4.195804196
5238,SA,61098.12654,1.799895779,19.58041958,45.73863636,3083,172,11,94.39681568,5.266380894,0.336803429,52.96239052,25.29623905,21.74137043
5240,SA,119842.1667,2.814606742,14.28571429,21.05263158,225,0,0,100,0,0,43.09392265,45.3038674,11.60220994
5241,SA,94772.72085,2.443396226,14.92890995,33.85826772,977,85,5,91.5651359,7.966260544,0.468603561,34.24807903,49.94511526,15.80680571
5242,SA,119849.5979,2.673139159,12.39669421,31.94444444,674,31,4,95.06346968,4.37235543,0.564174894,41.50326797,43.79084967,14.70588235
5243,SA,131460.3351,2.80952381,17.09401709,31.57894737,357,10,3,96.48648649,2.702702703,0.810810811,44.08945687,41.85303514,14.05750799
5244,SA,107056.8373,2.593177511,14.91803279,40.54054054,1683,98,38,92.52336449,5.387575591,2.089059923,38.83431565,45.12115259,16.04453176
5245,SA,116900.6123,2.646206309,6.76056338,39.47368421,1126,80,29,91.17408907,6.477732794,2.348178138,46.19469027,37.16814159,16.63716814
5250,SA,122173.4896,2.836874052,8.235294118,37.31343284,1381,23,5,98.01277502,1.632363378,0.354861604,35.90733591,52.81853282,11.27413127
5251,SA,99876.12416,2.514012303,11.89964158,34.17721519,7342,653,42,91.35249471,8.124922235,0.522583053,25.70778205,44.31640347,29.97581448
5252,SA,101736.3327,2.618932039,12.65716681,37.34643735,2671,33,0,98.7795858,1.220414201,0,25.81042265,55.23184243,18.95773492
5253,SA,72195.60011,1.888015979,13.41836735,34.47379818,7725,1059,48,87.46603261,11.99048913,0.543478261,33.11322053,30.76076489,36.12601458
5254,SA,84895.23187,2.322757112,16.3434903,35.44303797,1215,5,0,99.59016393,0.409836066,0,42.20489978,47.77282851,10.02227171
5255,SA,89114.0579,2.343295218,15.49925484,44.42538593,4154,177,0,95.91318402,4.086815978,0,41.17179215,41.46341463,17.36479321
5256,SA,61361.13313,1.951470588,16.99029126,35.71428571,989,7,9,98.4079602,0.696517413,0.895522388,49.85163205,35.90504451,14.24332344
5259,SA,82392.95012,2.06561086,12.64367816,15.29411765,663,6,0,99.10313901,0.896860987,0,47.57281553,25.97087379,26.45631068
5260,SA,63031.53566,1.757534247,18.77934272,29.65517241,888,40,0,95.68965517,4.310344828,0,43.12056738,34.46808511,22.41134752
5261,SA,64027.82323,2.376923077,13.04347826,44.44444444,153,15,0,91.07142857,8.928571429,0,53.91304348,28.69565217,17.39130435
5262,SA,95417.92945,2.454545455,25.53191489,27.27272727,228,0,0,100,0,0,52.14723926,31.90184049,15.95092025
5263,SA,86059.5,2.650793651,26.66666667,0,80,0,0,100,0,0,35.59322034,25.42372881,38.98305085
5264,SA,66775.45502,1.929118774,17.14285714,26.78571429,767,8,12,97.45870394,1.016518424,1.524777637,48.87525562,24.33537832,26.78936605
5265,SA,72984.14201,2.132596685,14.70588235,30.3030303,222,22,0,90.98360656,9.016393443,0,51.94805195,22.07792208,25.97402597
5266,SA,96726.53829,2.25862069,13.51351351,0,313,10,0,96.90402477,3.095975232,0,47.5,21,31.5
5267,SA,87333.50857,2.254304636,10.82474227,13.07692308,930,13,0,98.621421,1.378579003,0,41.325811,33.00423131,25.66995769
5268,SA,94245.98096,2.171428571,8.373205742,15.82491582,1536,93,0,94.29097606,5.709023941,0,37.41444867,36.34980989,26.23574144
5269,SA,82870.18667,2.350515464,0,21.42857143,120,0,0,100,0,0,53.48837209,29.06976744,17.44186047
5270,SA,107563.6148,2.554585153,4.285714286,0,286,0,0,100,0,0,55.60747664,34.57943925,9.813084112
5271,SA,89618.32539,2.160207612,7.598039216,27.79503106,3309,178,3,94.81375358,5.100286533,0.085959885,39.89247312,33.33333333,26.77419355
5272,SA,94456.95745,2.429429429,12.5,0,417,6,7,96.97674419,1.395348837,1.627906977,57.29537367,24.55516014,18.14946619
5273,SA,87668.25,2.645833333,40,0,58,0,0,100,0,0,47.72727273,20.45454545,31.81818182
5275,SA,82470.21637,2.0039801,15.4185022,24.70588235,1722,55,15,96.09375,3.069196429,0.837053571,51.19418484,26.89511942,21.91069574
5276,SA,87875.32975,2.167259786,13.95348837,23.52941176,1405,45,15,95.90443686,3.071672355,1.023890785,48.72231687,25.72402044,25.55366269
5277,SA,84468.91431,2.068610635,7.96460177,20.68965517,1332,73,16,93.73680507,5.137227305,1.125967628,42.93381038,34.61538462,22.45080501
5278,SA,72481.74444,2.155440415,9.615384615,13.33333333,262,0,7,97.39776952,0,2.602230483,51.8134715,31.60621762,16.58031088
5279,SA,69327.73529,2.1,7.8125,30.43478261,271,0,0,100,0,0,49.26108374,36.94581281,13.79310345
5280,SA,77082.926,1.992089651,11.05590062,33.27464789,3550,249,147,89.96452103,6.310187532,3.725291434,46.57162254,31.70400543,21.72437203
5290,SA,79390.83994,1.989524807,9.096923586,28.47597836,9068,1939,1184,74.38274137,15.90517595,9.712082684,32.00039397,33.34974884,34.64985719
5291,SA,109195.6668,2.532692904,9.307692308,19.11262799,4071,26,9,99.14758889,0.633219679,0.219191427,42.35033259,47.03832753,10.61133988
5301,SA,78248.06127,2.23902439,11.42857143,0,256,0,0,100,0,0,62.29508197,22.95081967,14.75409836
5302,SA,85245.81944,2.127596439,12.30769231,8.928571429,425,0,13,97.03196347,0,2.96803653,48.40764331,26.11464968,25.47770701
5303,SA,126285.2143,2.20754717,53.84615385,0,96,0,0,100,0,0,73.91304348,15.2173913,10.86956522
5304,SA,75527.91667,2.052777778,7.142857143,18.51851852,445,5,0,98.88888889,1.111111111,0,51.85185185,28.08641975,20.0617284
5306,SA,49552.5,2.103448276,0,,54,0,0,100,0,0,88.46153846,11.53846154,0
5307,SA,62278.20222,1.814977974,8.928571429,26.47058824,316,0,0,100,0,0,53.91705069,26.7281106,19.35483871
5308,SA,47232.83333,2.228070175,35.29411765,0,84,0,0,100,0,0,62.5,30,7.5
5309,SA,53949.675,2.282051282,0,0,87,0,0,100,0,0,75,25,0
5310,SA,#DIV/0!,2,0,,12,0,0,100,0,0,23.07692308,76.92307692,0
5311,SA,67590.67007,2.085526316,18.18181818,40.90909091,205,0,0,100,0,0,61.53846154,19.58041958,18.88111888
5320,SA,57918.575,1.635782748,14.92537313,34.09090909,894,9,8,98.13391877,0.987925357,0.878155873,59.13312693,23.52941176,17.3374613
5321,SA,54485.1,1.676258993,22.58064516,18.75,250,0,0,100,0,0,55.94405594,25.87412587,18.18181818
5322,SA,79044.61204,2.072164948,6.542056075,15.38461538,482,0,0,100,0,0,50.9383378,31.63538874,17.42627346
5330,SA,74798.45437,1.907894737,13.55932203,29.04191617,1499,173,0,89.65311005,10.34688995,0,43.88762339,26.49962035,29.61275626
5331,SA,78348.29268,2.104,20.93023256,35,141,0,0,100,0,0,45.96774194,35.48387097,18.5483871
5332,SA,69558.54861,2.04516129,17.39130435,40.90909091,221,0,0,100,0,0,51.72413793,34.48275862,13.79310345
5333,SA,81912.15223,2.084964598,7.514450867,30.79922027,2471,270,56,88.34465499,9.653199857,2.002145156,39.8595259,34.50395083,25.63652327
5340,SA,87246.68396,2.144212524,4.109589041,25.74257426,594,17,9,95.80645161,2.741935484,1.451612903,43.18181818,32.38636364,24.43181818
5341,SA,80258.36996,1.979253112,11.72413793,29.11725955,3070,492,92,84.01751505,13.46469622,2.517788725,38.20953617,32.27375933,29.51670451
5342,SA,95513.67717,2.376190476,9.937888199,19.14893617,483,16,0,96.79358717,3.206412826,0,41.80929095,45.47677262,12.71393643
5343,SA,74845.09272,1.867153285,11.63793103,31.09243697,1970,376,106,80.34257749,15.33442088,4.323001631,34.54367026,25.31894014,40.1373896
5344,SA,96570.32047,2.273556231,8.695652174,26.19047619,406,3,0,99.26650367,0.733496333,0,41.80064309,44.05144695,14.14790997
5345,SA,72751.77684,1.947297297,8.252427184,32.84457478,1519,218,26,86.15995462,12.36528644,1.474758934,39.77512298,32.81799016,27.40688686
5346,SA,77766.16667,1.993630573,0,29.03225806,158,4,0,97.5308642,2.469135802,0,47.05882353,26.14379085,26.79738562
5350,SA,118075.9331,2.774725275,3.571428571,20,193,0,0,100,0,0,35.59322034,56.49717514,7.90960452
5351,SA,106556.9785,2.61723356,11.16600791,38.0733945,2382,45,0,98.14585909,1.854140915,0,35.61200924,52.84064665,11.54734411
5352,SA,99101.20518,2.371294118,11.46496815,32.17158177,2204,204,19,90.81170169,8.405438813,0.782859497,44.62365591,34.45747801,20.91886608
5353,SA,87496.06522,2.296440129,12.09677419,34.765625,1873,145,45,90.79011149,7.028599127,2.181289384,43.98943197,37.58256275,18.42800528
5354,SA,51827.31457,1.689873418,18.75,35.71428571,529,0,6,98.87850467,0,1.121495327,68.05555556,18.05555556,13.88888889
5355,SA,88868.47936,2.262665862,10.16333938,34.07643312,3413,204,13,94.02203857,5.619834711,0.358126722,38.70761356,38.80358285,22.48880358
5356,SA,85895.60895,2.342657343,8.771929825,26.66666667,378,3,0,99.21259843,0.787401575,0,41.30434783,46.01449275,12.68115942
5357,SA,57172.46094,1.775956284,12.19512195,20,491,8,0,98.39679359,1.603206413,0,50,31.25,18.75
5360,SA,107892.6491,2.661016949,12.13872832,11.11111111,472,9,0,98.12889813,1.871101871,0,42,49.25,8.75
5371,SA,113400.6022,2.710955711,8.808290155,15.78947368,484,5,0,98.97750511,1.022494888,0,37.46958637,55.47445255,7.055961071
5372,SA,99045.15031,2.540022548,13.17991632,37.03703704,930,8,8,98.30866808,0.845665962,0.845665962,24.09090909,61.93181818,13.97727273
5373,SA,79117.30294,2.156626506,14.83050847,39.20704846,1515,66,3,95.64393939,4.166666667,0.189393939,43.04068522,38.97216274,17.98715203
5374,SA,68520.35764,1.949013158,17.10526316,30.10752688,788,11,4,98.13200498,1.369863014,0.498132005,51.34680135,30.3030303,18.35016835
5381,SA,50074.34351,1.776978417,9.677419355,40,204,9,5,93.57798165,4.128440367,2.293577982,62.04379562,27.00729927,10.94890511
5400,SA,97079.30808,2.650306748,14.44444444,27.77777778,374,0,0,100,0,0,27.76025237,65.61514196,6.624605678
5401,SA,78524.52692,2.100649351,17.75700935,41.17647059,363,9,0,97.58064516,2.419354839,0,37.20136519,42.66211604,20.13651877
5410,SA,96078.89691,2.383928571,8.163265306,44.44444444,134,0,0,100,0,0,34.51327434,50.44247788,15.04424779
5411,SA,82571.91379,2.307692308,27.45098039,23.07692308,134,0,0,100,0,0,33.91304348,47.82608696,18.26086957
5412,SA,70877.54723,2.003968254,13.98601399,39.28571429,566,26,0,95.60810811,4.391891892,0,49.19354839,31.4516129,19.35483871
5413,SA,68619.81515,2.014367816,8.43373494,46.42857143,385,45,0,89.53488372,10.46511628,0,51.47928994,29.28994083,19.23076923
5414,SA,76062.2451,2.303571429,18.75,0,72,0,0,100,0,0,43.63636364,38.18181818,18.18181818
5415,SA,94633.29518,2.473684211,0,0,151,7,0,95.56962025,4.430379747,0,51.72413793,31.03448276,17.24137931
5416,SA,58000.86986,2.2,28.125,60,115,0,0,100,0,0,43.82022472,38.20224719,17.97752809
5417,SA,65283.8197,1.92845787,18.25396825,23.93162393,811,75,4,91.12359551,8.426966292,0.449438202,50.16339869,24.83660131,25
5418,SA,63801.46078,2.035714286,0,57.14285714,71,0,0,100,0,0,64,16,20
5419,SA,59487.53333,2.148514851,23.52941176,44.44444444,147,0,0,100,0,0,62.79069767,20.93023256,16.27906977
5420,SA,67079.5,2.413793103,,0,40,0,0,100,0,0,45.83333333,20.83333333,33.33333333
5421,SA,30425.03191,1.518518519,0,,91,0,0,100,0,0,58.18181818,30.90909091,10.90909091
5422,SA,51896.26596,1.611650485,12.23021583,34.88372093,1016,40,0,96.21212121,3.787878788,0,56,21.37931034,22.62068966
5431,SA,73878.60621,2.16374269,7.8125,29.03225806,479,3,0,99.37759336,0.622406639,0,63.20474777,25.22255193,11.5727003
5432,SA,84436.08537,2.283018868,42.85714286,0,92,0,0,100,0,0,77.19298246,10.52631579,12.28070175
5433,SA,68943.8006,1.992523364,20.28985507,24.46808511,702,26,13,94.73684211,3.50877193,1.754385965,48.12734082,31.08614232,20.78651685
5434,SA,79520.17712,2.058823529,36,9.375,239,24,0,90.87452471,9.125475285,0,51.66051661,11.43911439,36.900369
5440,SA,61506.98507,1.96969697,0,0,148,0,4,97.36842105,0,2.631578947,53.52112676,18.30985915,28.16901408
5451,SA,81009.57383,2.277070064,10.75268817,36.95652174,377,11,0,97.16494845,2.835051546,0,48.87459807,35.04823151,16.07717042
5452,SA,98433.89375,2.590062112,0,25,204,3,0,98.55072464,1.449275362,0,44.04761905,36.30952381,19.64285714
5453,SA,92742.71366,2.316650149,8.732876712,22.51184834,2334,141,0,94.3030303,5.696969697,0,41.14400401,34.06924235,24.78675364
5454,SA,82889.06343,2.094594595,16.21621622,27.27272727,185,0,0,100,0,0,52.59259259,28.14814815,19.25925926
5455,SA,136499.5,2.4,0,0,22,0,0,100,0,0,50,25,25
5460,SA,91424.31102,2.175,18.91891892,16,332,0,0,100,0,0,39.70588235,46.69117647,13.60294118
5461,SA,77262.93648,2.007744434,12.35521236,35.81395349,1082,126,0,89.56953642,10.43046358,0,43.13131313,32.02020202,24.84848485
5462,SA,79610.3913,2.18556701,14.28571429,23.52941176,189,34,0,84.75336323,15.24663677,0,37.96791444,44.38502674,17.64705882
5464,SA,74093.20631,2.305555556,10.63829787,30,273,33,0,89.21568627,10.78431373,0,51.70731707,31.70731707,16.58536585
5470,SA,71666.16667,1.951612903,0,0,82,0,0,100,0,0,63.93442623,26.2295082,9.836065574
5471,SA,79131.75806,2.172413793,0,,47,0,0,100,0,0,66.66666667,33.33333333,0
5472,SA,63241.75352,2.131868132,0,0,109,0,0,100,0,0,60,25,15
5473,SA,61898.07143,1.866883117,8,28.88888889,392,15,0,96.31449631,3.685503686,0,49.65986395,29.93197279,20.40816327
5480,SA,68472.75836,2.035911602,12.34567901,34.375,433,16,0,96.43652561,3.563474388,0,51.95530726,27.37430168,20.67039106
5481,SA,63379.23188,2.081896552,10.16949153,0,310,0,3,99.04153355,0,0.958466454,59.72850679,30.76923077,9.502262443
5482,SA,76620.50552,2.206185567,18.91891892,29.03225806,262,0,11,95.97069597,0,4.029304029,58.94736842,23.15789474,17.89473684
5483,SA,83746.8797,2.218045113,0,0,183,0,0,100,0,0,55.26315789,26.97368421,17.76315789
5485,SA,74612.96008,2.212244898,8.695652174,30,298,0,0,100,0,0,57.30769231,27.30769231,15.38461538
5490,SA,63352.83333,2.303571429,23.52941176,0,87,0,0,100,0,0,69.3877551,30.6122449,0
5491,SA,83802.70014,2.133597884,10.05291005,25,875,35,4,95.73304158,3.829321663,0.437636761,48.84667571,30.66485753,20.48846676
5493,SA,62356.16667,1.678571429,0,,24,0,0,100,0,0,60.86956522,39.13043478,0
5495,SA,66802.57471,1.849420849,17.74193548,20,433,11,0,97.52252252,2.477477477,0,57.97101449,27.53623188,14.49275362
5501,SA,100005.7064,2.485897894,16.5954416,32.47863248,3289,5,10,99.54600484,0.151331719,0.302663438,29.37728938,60.91575092,9.706959707
5502,SA,93078.00388,2.305369128,15.10416667,31.39534884,640,10,3,98.00918836,1.531393568,0.45941807,37.76223776,43.18181818,19.05594406
5510,SA,77048.28049,1.914893617,0,45.45454545,58,0,0,100,0,0,61.11111111,19.44444444,19.44444444
5520,SA,54398.54589,1.697368421,12.96296296,27.77777778,305,4,4,97.44408946,1.277955272,1.277955272,48.68421053,28.94736842,22.36842105
5521,SA,58164.01613,1.983606557,0,100,81,6,0,93.10344828,6.896551724,0,64.1509434,18.86792453,16.98113208
5522,SA,71055.80389,1.803254438,13.76146789,42.97520661,1218,55,8,95.08196721,4.293520687,0.6245121,58.07926829,18.59756098,23.32317073
5523,SA,84693.70332,2.167758847,10.41666667,34.58646617,854,64,0,93.02832244,6.97167756,0,50.66666667,29.86666667,19.46666667
5540,SA,75105.57455,1.856712633,9.994256175,29.71137521,6249,1063,145,83.80045595,14.25506236,1.944481695,34.64693582,32.66848963,32.68457455
5550,SA,75773.43548,1.915384615,11.76470588,28,499,17,4,95.96153846,3.269230769,0.769230769,37.8746594,26.15803815,35.96730245
5552,SA,105014.4342,2.173228346,21.73913043,18.75,196,0,0,100,0,0,63.86554622,21.8487395,14.28571429
5554,SA,77512.34063,2.012229539,12.84722222,32.38512035,2345,127,6,94.63276836,5.125100888,0.242130751,42.60154739,32.30174081,25.0967118
5555,SA,82393.25721,2.101941748,20,50,298,0,0,100,0,0,65.15151515,25.25252525,9.595959596
5556,SA,68523.86828,1.787553648,24.56647399,41.66666667,2781,223,9,92.30003319,7.401261201,0.298705609,45.13556619,23.23232323,31.63211058
5558,SA,70128.47478,1.894760614,15.12605042,40.05376344,3292,239,24,92.60196906,6.722925457,0.675105485,53.57957136,26.40218878,20.01823985
5560,SA,69956.28387,1.955555556,30,37.5,252,0,3,98.82352941,0,1.176470588,60.86956522,26.63043478,12.5
5570,SA,52202.36348,1.636363636,20.83333333,25,445,8,0,98.23399558,1.766004415,0,65.55555556,20.37037037,14.07407407
5571,SA,72251.52405,1.817361894,14.86486486,40,1571,112,0,93.34521687,6.654783125,0,58.05369128,20.13422819,21.81208054
5572,SA,82135.86364,2.290909091,0,0,82,3,0,96.47058824,3.529411765,0,54.83870968,32.25806452,12.90322581
5573,SA,76848.19441,1.960288809,10.12658228,30.3030303,1557,41,0,97.43429287,2.565707134,0,55,24.14634146,20.85365854
5575,SA,70544.3925,1.926587302,18.48341232,32.2147651,2215,24,13,98.35701599,1.065719361,0.577264654,57.58754864,24.02723735,18.38521401
5576,SA,68314.07275,1.835095137,14.77272727,19.71830986,667,10,0,98.52289513,1.477104874,0,57.32758621,22.84482759,19.82758621
5577,SA,62152.67932,1.925925926,15.68627451,11.76470588,666,5,0,99.25484352,0.745156483,0,52.20883534,27.30923695,20.48192771
5580,SA,74448.89063,2.026143791,22.85714286,21.42857143,309,3,0,99.03846154,0.961538462,0,66.02564103,25,8.974358974
5581,SA,70027.98611,1.807017544,18.60465116,41.17647059,696,27,47,90.38961039,3.506493506,6.103896104,63,15.66666667,21.33333333
5582,SA,68175.72527,1.869888476,18,46.15384615,517,16,0,96.99812383,3.001876173,0,60.72727273,23.63636364,15.63636364
5583,SA,64064.62073,1.766233766,30.1369863,40.98360656,821,25,25,94.25947187,2.870264064,2.870264064,58.31265509,23.57320099,18.11414392
5600,SA,99728.38427,2.243614931,7.097591888,21.30081301,2340,510,233,75.90009731,16.5423289,7.557573792,35.77235772,35.61749903,28.61014324
5601,SA,73733.9375,1.948717949,,,116,0,0,100,0,0,80.64516129,19.35483871,0
5602,SA,81564.117,2.034205231,5.617977528,16.27906977,708,127,15,83.29411765,14.94117647,1.764705882,51.16731518,23.15175097,25.68093385
5603,SA,73146.18788,2.141975309,16.12903226,23.52941176,278,10,7,94.23728814,3.389830508,2.372881356,58.28220859,23.31288344,18.40490798
5604,SA,69847.73529,1.885416667,28.57142857,68.75,200,6,0,97.08737864,2.912621359,0,55.88235294,22.54901961,21.56862745
5605,SA,73247.31228,1.922424242,16.77018634,35.8490566,898,72,65,86.76328502,6.956521739,6.280193237,53.84615385,21.875,24.27884615
5606,SA,83791.01466,2.014940931,10.4844061,31.36574074,5531,843,458,80.95725995,12.33899297,6.703747073,32.90757495,31.32872095,35.7637041
5607,SA,93368.91824,2.369989166,10.03401361,29.78723404,2819,10,3,99.54096045,0.353107345,0.105932203,46.80965147,39.35656836,13.83378016
5608,SA,71607.05137,1.669281512,9.594095941,25.8650519,2626,4062,329,37.42340031,57.88798632,4.688613368,24.14411185,28.12331959,47.73256856
5609,SA,111252.0449,2.477027027,4.858299595,13.50364964,779,31,36,92.08037825,3.6643026,4.255319149,19.92031873,38.64541833,41.43426295
5611,SA,35184.28261,1.368421053,0,70,97,0,0,100,0,0,64.1509434,15.09433962,20.75471698
5630,SA,113027.2778,2.607142857,0,0,56,0,0,100,0,0,43.75,43.75,12.5
5631,SA,101353.3402,2.223350254,4.301075269,17.28395062,451,19,3,95.34883721,4.016913319,0.634249471,47.22955145,27.70448549,25.06596306
5632,SA,124604.5,2.576923077,0,0,98,0,0,100,0,0,60.34482759,17.24137931,22.4137931
5633,SA,69013.8022,2.057692308,18.75,0,162,0,0,100,0,0,56.25,19.79166667,23.95833333
5640,SA,77565.02139,2.050847458,16.49484536,19.40298507,485,8,0,98.37728195,1.622718053,0,51.37157107,27.93017456,20.69825436
5641,SA,87615.33378,2.154255319,12.85714286,5.882352941,551,15,6,96.32867133,2.622377622,1.048951049,56.3002681,24.12868633,19.57104558
5642,SA,55344.64634,2.333333333,26.66666667,0,125,6,0,95.41984733,4.580152672,0,64.47368421,22.36842105,13.15789474
5650,SA,105760.7903,2.534883721,,,88,0,0,100,0,0,91.89189189,8.108108108,0
5651,SA,77739.5,2.04,,,29,0,0,100,0,0,83.33333333,0,16.66666667
5652,SA,92787.67143,2.0859375,0,22.22222222,317,16,4,94.0652819,4.747774481,1.18694362,47.03557312,24.90118577,28.06324111
5653,SA,75074.5,2.55,0,0,29,0,0,100,0,0,29.16666667,41.66666667,29.16666667
5654,SA,93702.96591,2.097560976,0,0,131,0,0,100,0,0,64.63414634,20.73170732,14.63414634
5655,SA,46435.5,2.37037037,0,,43,0,0,100,0,0,58.06451613,22.58064516,19.35483871
5660,SA,#DIV/0!,3,,,20,0,0,100,0,0,100,0,0
5661,SA,75284.79412,2.12244898,0,0,71,0,0,100,0,0,63.04347826,30.43478261,6.52173913
5670,SA,85019.5,2.065217391,12.82051282,28.57142857,303,0,0,100,0,0,57.48792271,26.08695652,16.42512077
5671,SA,54064.23529,1.936507937,37.5,0,142,0,0,100,0,0,66.66666667,14.49275362,18.84057971
5680,SA,77603.06974,2.027261462,11.04294479,25,1292,8,12,98.47560976,0.609756098,0.914634146,53.26340326,24.35897436,22.37762238
5690,SA,89279.98514,1.956245589,6.097560976,20.62084257,1729,74,41,93.76355748,4.013015184,2.223427332,35.87533156,20.75596817,43.36870027
5700,SA,81538.83246,1.846776057,9.01826484,25.31725888,4328,838,537,75.88988252,14.69402069,9.416096791,32.1549966,24.26920462,43.57579878
5701,SA,59838.95455,#DIV/0!,,,3,0,0,100,0,0,85,0,15
5710,SA,107506.4044,2.389460154,11.62790698,18.86792453,893,3,7,98.89258029,0.332225914,0.775193798,36.375,46.5,17.125
5713,SA,#DIV/0!,2,,,8,0,3,72.72727273,0,27.27272727,#DIV/0!,#DIV/0!,#DIV/0!
5715,SA,58499.5,2.266666667,,,17,0,0,100,0,0,100,0,0
5717,SA,100042.9783,1.923076923,,,19,0,0,100,0,0,100,0,0
5719,SA,93599.5,2.173913043,,,19,0,3,86.36363636,0,13.63636364,54.16666667,16.66666667,29.16666667
5720,SA,95403.58163,2.072916667,,0,238,20,31,82.35294118,6.920415225,10.7266436,23,0,77
5722,SA,65749.51154,1.653543307,19.04761905,20,512,0,0,100,0,0,64.49275362,19.56521739,15.94202899
5723,SA,64157.76309,1.624071322,4.347826087,21.7877095,1203,22,86,91.76201373,1.678108314,6.559877956,52.40641711,12.96791444,34.62566845
5724,SA,80506.67857,2.555555556,,,16,0,6,72.72727273,0,27.27272727,50,12.5,37.5
5725,SA,173959.5759,2.577629382,2.830188679,5.322128852,1672,0,78,95.54285714,0,4.457142857,7.218167072,21.73560422,71.04622871
5730,SA,85375.58696,2.205128205,,0,49,0,0,100,0,0,71.73913043,6.52173913,21.73913043
5731,SA,81295.4899,1.984126984,,0,152,0,3,98.06451613,0,1.935483871,28.08988764,7.865168539,64.04494382
5732,SA,79430.97753,1.56,,0,97,3,0,97,3,0,57.89473684,3.157894737,38.94736842
5733,SA,64702.35714,1.8,,30.76923077,85,0,3,96.59090909,0,3.409090909,53.84615385,4.615384615,41.53846154
5734,SA,66501.76667,1.294117647,,0,62,11,0,84.93150685,15.06849315,0,22.44897959,8.163265306,69.3877551
5950,SA,#DIV/0!,#DIV/0!,,,0,0,0,#DIV/0!,#DIV/0!,#DIV/0!,#DIV/0!,#DIV/0!,#DIV/0!
6000,WA,117407.1195,2.428666005,15.30153015,29.15516289,607,819,6909,7.282543491,9.826034793,82.89142172,12.666557,20.01974009,67.31370291
6003,WA,111216.7088,2.445093458,16.02373887,29.04608789,285,390,1515,13.01369863,17.80821918,69.17808219,15.26627219,22.5443787,62.18934911
6004,WA,123311.3147,2.473124098,18.88997079,28.88675624,251,418,6856,3.335548173,5.554817276,91.10963455,16.48292066,20.09759624,63.4194831
6005,WA,120127.8766,2.46125085,19.88188976,27.62015055,297,426,3063,7.844690967,11.25198098,80.90332805,15.14012303,19.27546138,65.58441558
6006,WA,144385.8299,2.810028431,12.75752773,26.44770959,2799,823,798,63.32579186,18.6199095,18.05429864,29.72689076,36.39705882,33.87605042
6007,WA,148424.6427,2.830929025,10.13171226,22.17017955,1739,995,1304,43.0658742,24.64091134,32.29321446,25.5711775,32.24956063,42.17926186
6008,WA,146680.612,2.798802745,14.79140329,29.50564422,3589,1444,2953,44.94114701,18.08164288,36.97721012,32.24852071,25.65088757,42.10059172
6009,WA,172197.305,3.040562121,19.53846154,42.54461716,4630,1046,1481,64.69191002,14.61506218,20.6930278,44.09371949,24.52001302,31.38626749
6010,WA,160256.7349,2.909206619,16.69575334,35.10324484,4458,1693,2062,54.27980032,20.61366127,25.10653841,42.57527039,28.99736919,28.42736042
6011,WA,195032.8085,3.095070423,22.4,30.46875,2714,518,864,66.25976563,12.64648438,21.09375,46.54050857,26.6410408,26.81845062
6012,WA,149316.7545,2.751422071,17.18569781,37.79015785,2420,606,1084,58.88077859,14.74452555,26.37469586,35.3381295,29.75539568,34.90647482
6014,WA,153710.6717,2.879506528,13.68635438,26.0650481,5423,1230,2683,58.08697515,13.1748072,28.73821765,35.99403208,34.15392267,29.85204526
6015,WA,200367.0584,3.20338248,21.53344209,30.59360731,2190,154,206,85.88235294,6.039215686,8.078431373,54.03639757,34.43770415,11.52589827
6016,WA,145091.0685,2.815403423,11.52141802,24.39198856,2585,1090,933,56.09809028,23.65451389,20.24739583,26,36.71604938,37.28395062
6017,WA,88770.57891,2.198501873,12.75303644,27.26440988,428,1426,649,17.09948062,56.97163404,25.92888534,18.11731315,25.87511826,56.00756859
6018,WA,136413.4364,2.810214886,12.34636872,28.75661376,11434,5050,1394,63.95569974,28.2470075,7.797292762,33.19523233,39.33966473,27.46510294
6019,WA,136508.8302,2.794655415,14.03061224,27.70961145,4912,4867,1909,42.02600958,41.64099932,16.3329911,28.68894079,36.48827054,34.82278867
6020,WA,148841.9992,2.926514399,11.71724933,31.93768257,6784,1575,499,76.58613683,17.78053737,5.633325807,46.82007839,38.33607283,14.84384878
6021,WA,115167.8018,2.557767465,15.66080978,31.2464749,6001,2967,66,66.42683197,32.84259464,0.730573389,38.09821317,36.898663,25.00312383
6022,WA,113907.8117,2.667511404,14.55782313,33.984375,1926,202,5,90.29535865,9.470229723,0.234411627,40.48830112,43.03153611,16.48016277
6023,WA,141145.3343,2.998733261,10.40979746,29.98266898,5363,401,136,90.89830508,6.796610169,2.305084746,42.38508399,45.32028798,12.29462802
6024,WA,113801.3971,2.691353238,13.18248893,34.04864092,5086,446,27,91.49127541,8.023025724,0.485698867,38.25265643,46.02518693,15.72215663
6025,WA,128621.0906,2.811896419,14.16204218,33.847981,11268,1227,149,89.11736792,9.704207529,1.178424549,37.5,45.53386317,16.96613683
6026,WA,125912.2789,2.838942602,11.2653834,33.53884094,7561,1026,10,87.94928463,11.93439572,0.116319646,42.62418465,46.02358254,11.35223281
6027,WA,120808.4167,2.724462366,14.03991741,35.30744337,14378,1607,1163,83.84651271,9.37135526,6.782132027,32.87821923,44.39627281,22.72550796
6028,WA,147152.9306,3.059977079,11.82091182,31.72888016,7818,300,227,93.68484122,3.594967046,2.720191732,29.08228659,55.9343758,14.98333761
6029,WA,170571.8633,3.053373615,17.09677419,17.97752809,957,153,6,85.75268817,13.70967742,0.537634409,49.04255319,38.5106383,12.44680851
6030,WA,111176.7349,2.627030812,15.90345512,37.87439614,14100,1674,187,88.34032955,10.48806466,1.171605789,21.37910712,52.64476205,25.97613084
6031,WA,120225.4361,2.858158373,17.16328963,36.67296786,6253,227,9,96.36307597,3.49822777,0.138696255,13.15612382,66.67227456,20.17160162
6032,WA,148007.7213,2.716216216,32,0,75,0,0,100,0,0,38.88888889,40.74074074,20.37037037
6033,WA,136018.0556,2.839694656,28.20512821,45.45454545,156,0,0,100,0,0,36.13445378,39.49579832,24.3697479
6034,WA,111587.7987,2.744698206,20.5801105,32.36514523,1361,11,0,99.19825073,0.801749271,0,7.334963325,70.49714751,22.16788916
6035,WA,102032.2916,2.514761138,17.92395896,43.29446064,4205,108,0,97.4959425,2.504057501,0,20.04957312,57.1192509,22.83117598
6036,WA,113325.4089,2.599833055,15.95862579,37.2667068,6331,180,60,96.34758789,2.739309085,0.913103028,13.53830474,54.49295057,31.96874469
6037,WA,96001.84302,2.401193139,21.66666667,48.93617021,1626,3,0,99.81583794,0.184162063,0,27.89992418,54.89006823,17.21000758
6038,WA,115054.6889,2.750925135,18.7431694,35.94104308,3768,101,9,97.16348633,2.604435276,0.232078391,7.807118255,63.28932262,28.90355913
6041,WA,88829.28337,2.333935018,17.14285714,30.3030303,1111,0,0,100,0,0,44.92753623,45.65217391,9.420289855
6042,WA,62762.2907,1.977272727,0,0,108,0,0,100,0,0,60.52631579,23.68421053,15.78947368
6043,WA,76699.5,2.051724138,15.38461538,0,395,53,19,84.58244111,11.3490364,4.068522484,52.21238938,32.74336283,15.04424779
6044,WA,82421.06556,2.005769231,18.47826087,34.06593407,1110,86,60,88.37579618,6.847133758,4.777070064,51.2962963,25,23.7037037
6050,WA,143775.0582,2.745546271,12.36405266,30.36592026,3878,1351,2029,53.43069716,18.61394324,27.9553596,33.01003344,33.46153846,33.52842809
6051,WA,105304.6993,2.418299621,14.58810069,31.36505731,2194,2609,3142,27.61485211,32.83826306,39.54688483,18.71913334,30.79496575,50.48590091
6052,WA,128121.4782,2.690948276,10.01902346,35.01144165,3738,709,703,72.58252427,13.76699029,13.65048544,29.42341549,38.4903169,32.08626761
6053,WA,124657.0792,2.685840708,11.80371353,27.86002692,5395,1227,303,77.90613718,17.71841155,4.375451264,28.76113633,42.69625147,28.5426122
6054,WA,101756.101,2.433333333,14.63082681,35.63275434,7319,1643,404,78.14435191,17.54217382,4.313474269,30.56243806,41.20416254,28.23339941
6055,WA,122782.9858,2.90744879,17.61709121,28.7371134,10948,439,74,95.52395079,3.830381293,0.645667917,17.21057086,66.11492523,16.6745039
6056,WA,95888.90927,2.320333041,15.90536852,38.72425917,14382,3095,809,78.65033359,16.92551679,4.424149623,29.89631336,40.76420891,29.33947773
6057,WA,108207.0919,2.5442607,16.24428749,35.66037736,6542,206,20,96.6607565,3.043735225,0.295508274,32.53191842,47.35533079,20.11275079
6058,WA,98291.07425,2.385874926,16.20795107,35.89484328,4935,553,8,89.79257642,10.06186317,0.145560408,29.12820513,47.17948718,23.69230769
6059,WA,110818.7274,2.545958961,15.97757533,37.92606817,7373,2642,501,70.11220997,25.12362115,4.764168886,40.14402408,34.72699914,25.12897678
6060,WA,105757.4882,2.442685684,14.25948592,29.68046805,4759,6146,2159,36.42835273,47.04531537,16.5263319,25.25636492,31.70968883,43.03394625
6061,WA,84516.98791,2.187184024,20.31574574,35.86973789,11445,6620,326,62.23152629,35.99586754,1.772606166,19.65828623,34.48970311,45.85201065
6062,WA,101595.321,2.466296468,16.15709669,35.35762483,11935,2323,80,83.24034035,16.20170177,0.557957874,37.11721641,36.29851216,26.58427143
6063,WA,98148.07714,2.500406669,18.78585086,40.50901379,4974,347,79,92.11111111,6.425925926,1.462962963,27.36318408,50.02072968,22.61608624
6064,WA,88267.02316,2.28547392,20.52631579,40.19238812,10030,1694,43,85.23837852,14.39619274,0.365428741,30.49073274,43.58014021,25.92912705
6065,WA,121946.4706,2.83252225,15.76957696,35.38998836,22493,1716,59,92.68584144,7.071040053,0.24311851,24.14537603,58.0829435,17.77168046
6066,WA,103586.8221,2.583170573,19.23076923,36.66323378,6254,377,10,94.17256437,5.676855895,0.150579732,30.92050901,50.68583705,18.39365394
6067,WA,#DIV/0!,1,,100,5,0,0,100,0,0,0,0,100
6068,WA,#DIV/0!,#DIV/0!,,,0,0,0,#DIV/0!,#DIV/0!,#DIV/0!,#DIV/0!,#DIV/0!,#DIV/0!
6069,WA,117844.6582,2.743297543,17.75147929,35.10007413,15120,1339,178,90.88176955,8.04832602,1.06990443,16.87936593,62.16415905,20.95647501
6070,WA,143884.3933,3.093846154,10.77199282,36.92307692,1411,12,0,99.15671117,0.843288826,0,41.31274131,52.04633205,6.640926641
6071,WA,131006.0444,2.936688312,9.98003992,33.33333333,1329,13,3,98.81040892,0.966542751,0.223048327,44.02618658,49.42716858,6.546644845
6072,WA,129048.1724,2.863481229,18.11023622,30.76923077,322,3,0,99.07692308,0.923076923,0,41.83673469,54.08163265,4.081632653
6073,WA,111266.2116,2.5958159,11.54855643,44.88188976,1205,109,0,91.70471842,8.295281583,0,46.86695279,40.08583691,13.0472103
6074,WA,117968.6015,2.738028169,17.48251748,37.03703704,377,0,4,98.95013123,0,1.049868766,41.50417827,49.02506964,9.470752089
6076,WA,123586.0903,2.765072247,12.65590609,37.24053724,8133,515,79,93.1935373,5.90122608,0.905236622,47.57552678,40.5432851,11.88118812
6077,WA,110315.9729,2.521079258,17.44966443,30.23255814,507,133,11,77.88018433,20.43010753,1.689708141,59.8615917,31.66089965,8.477508651
6078,WA,126618.5174,2.982758621,27.27272727,34.375,314,0,3,99.05362776,0,0.94637224,41.91176471,43.38235294,14.70588235
6079,WA,98669.5,1.6,,0,12,0,0,100,0,0,60,0,40
6081,WA,133645.7246,2.943181818,10.9772423,39.08045977,1801,0,0,100,0,0,36.97478992,55.70228091,7.322929172
6082,WA,119080.5427,2.759005146,16.0164271,34.04255319,1273,5,4,99.29797192,0.390015601,0.31201248,34.51864701,55.160451,10.32090199
6083,WA,134038.7673,2.893581081,15.03131524,25.45454545,1382,0,3,99.7833935,0,0.216606498,39.25233645,53.61087511,7.136788445
6084,WA,122061.3861,2.760877013,18.12907904,38.65248227,3398,10,0,99.70657277,0.29342723,0,26.49006623,61.20599512,12.30393865
6090,WA,77999.5,2,,0,11,3,0,78.57142857,21.42857143,0,0,0,100
6100,WA,119641.7359,2.53322693,14.83050847,27.45418848,3340,2293,2600,40.56844407,27.85133001,31.58022592,22.92640187,27.54088785,49.53271028
6101,WA,119108.1272,2.616109683,12.27741331,27.64010675,5194,1776,1033,64.90066225,22.19167812,12.90765963,22.34815461,34.7863993,42.86544609
6102,WA,92861.5182,2.319202478,17.48046875,32.87784679,2975,2464,723,48.27977929,39.9870172,11.73320351,17.26966765,24.0008414,58.72949095
6103,WA,105761.8126,2.371134021,14.64401294,27.44425386,2337,1231,2415,39.0606719,20.57496239,40.3643657,16.2848813,29.27946689,54.43565181
6104,WA,105303.5673,2.388537211,16.46017699,30.54067219,5114,1343,499,73.51926394,19.30707303,7.173663025,24.96549344,33.16080055,41.873706
6105,WA,96829.04957,2.336701957,17.16287215,30.335097,5211,1624,466,71.37378441,22.24352828,6.382687303,26.0591133,32.13464696,41.80623974
6106,WA,83570.92857,1,0,,13,3,0,81.25,18.75,0,25,18.75,56.25
6107,WA,103316.4099,2.562278861,17.42028463,29.62486208,15054,2825,1064,79.46998891,14.91316053,5.616850552,22.50999692,38.99723162,38.49277145
6108,WA,96056.56605,2.474892396,17.5483871,37.24619289,8316,738,119,90.657364,8.045350485,1.297285512,34.43407808,43.60422293,21.96169899
6109,WA,85233.58631,2.244078947,21.14014252,35.87921847,4273,578,209,84.44664032,11.4229249,4.130434783,25.69223786,44.64366773,29.66409442
6110,WA,99342.40795,2.474070194,18.02298127,38.52826802,14973,1599,302,88.73414721,9.476117103,1.789735688,25.07593655,49.33513331,25.58893014
6111,WA,99559.31376,2.427297668,14.4486692,39.13580247,8714,949,142,88.87302397,9.678735339,1.448240694,32.89289055,45.82553789,21.28157156
6112,WA,108545.6043,2.658477801,16.44523931,36.84541265,23437,2503,167,89.77285785,9.587466963,0.639675183,18.46587216,58.00216685,23.531961
6121,WA,144453.7313,2.967573222,22.32779097,37.73584906,1022,5,8,98.74396135,0.483091787,0.77294686,35.56756757,57.51351351,6.918918919
6122,WA,119914.2237,2.819698288,16.72156068,35.38461538,7442,83,25,98.56953642,1.099337748,0.331125828,16.5806927,68.88725129,14.53205601
6123,WA,113008.9083,2.655737705,16.66666667,53.16455696,830,0,0,100,0,0,24.79224377,62.74238227,12.46537396
6124,WA,116352.9447,2.741784038,17.27748691,26.66666667,482,3,0,99.3814433,0.618556701,0,33.25358852,57.41626794,9.330143541
6125,WA,122764.4329,2.692870201,22.27488152,42.1686747,1087,6,0,99.45105215,0.54894785,0,38.98951382,51.09628217,9.914204004
6126,WA,99263.81429,2.552941176,25,68.75,112,0,0,100,0,0,39.50617284,35.80246914,24.69135802
6147,WA,92051.24118,2.427750853,18.34254144,31.5037594,5302,777,161,84.96794872,12.45192308,2.580128205,34.78736996,37.68935937,27.52327067
6148,WA,122658.4649,2.778952069,15.24926686,32.24610823,6015,1215,149,81.51511045,16.46564575,2.0192438,40.89856415,35.80361278,23.29782307
6149,WA,130856.2645,2.929856115,11.9544592,27.10059172,6162,579,450,85.69044639,8.051731331,6.257822278,46.5697123,38.17578248,15.25450522
6150,WA,133880.5983,2.974341031,13.76228776,27.76801406,4155,389,115,89.18222795,8.349431208,2.468340846,51.14656032,31.97906281,16.87437687
6151,WA,140260.9915,2.717117117,16.01912732,28.99803536,3616,2850,2393,40.817248,32.17067389,27.01207811,33.22562518,26.59454903,40.17982579
6152,WA,125685.6503,2.693460098,15.3930131,30.17001546,6076,4600,1297,50.74751524,38.41977783,10.83270692,32.60309278,31.0963521,36.30055511
6153,WA,152256.9029,2.9059242,18.14831875,31.20380148,6229,1908,1273,66.19553666,20.27630181,13.52816153,42.55213505,31.09483615,26.3530288
6154,WA,130530.1536,2.792305758,14.81788079,31.14503817,3065,1203,144,69.46962829,27.26654578,3.263825929,44.28608448,36.5897901,19.12412542
6155,WA,131218.8849,3.033488485,15.36558974,26.82106836,16226,856,485,92.36636876,4.872772813,2.760858428,34.39137134,46.5146379,19.09399076
6156,WA,135003.2409,2.765036205,14.08629442,34.98888065,5756,1521,275,76.21822034,20.14036017,3.641419492,36.17793917,40.6415494,23.18051142
6157,WA,119906.1414,2.634150381,13.21321321,36.39733136,4080,2247,436,60.32825669,33.22490019,6.446843117,35.95201892,38.85791519,25.19006589
6158,WA,150210.8386,2.879422879,15.92210767,32.08191126,2107,647,547,63.82914268,19.60012118,16.57073614,41.71864172,35.30838531,22.97297297
6159,WA,148941.7966,2.752116082,20,29.12205567,584,651,803,28.65554465,31.94308145,39.4013739,37.81004235,29.6430732,32.54688445
6160,WA,118144.3916,2.521460286,13.77912867,34.02268179,1826,1611,1593,36.30218688,32.027833,31.66998012,28.97938912,27.39011671,43.63049416
6161,WA,113270.3029,1.576923077,0,0,91,86,0,51.41242938,48.58757062,0,4.385964912,0,95.61403509
6162,WA,121522.2486,2.631425598,13.21167883,33.10043668,3949,933,477,73.6891211,17.40996455,8.90091435,38.30991822,33.52904173,28.16104005
6163,WA,105367.9571,2.483216879,14.52252763,36.74754584,18281,4353,2102,73.90443079,17.59783312,8.497736093,33.90288188,37.5064016,28.59071651
6164,WA,126778.4229,2.870148077,14.25654353,30.17310789,21161,2207,1555,84.90550897,8.855274245,6.239216788,20.06749856,54.93583196,24.99666948
6165,WA,84228.66667,2.133333333,0,100,28,0,0,100,0,0,28.57142857,35.71428571,35.71428571
6166,WA,125511.8442,2.711151265,14.42646024,30.68893528,3833,179,32,94.78239367,4.426310584,0.791295747,41.38557343,43.56512714,15.04929943
6167,WA,94423.35875,2.343734273,15.33126046,37.00475436,10249,493,580,90.52287582,4.354354354,5.122769829,20.57396511,49.47868277,29.94735212
6168,WA,80665.67116,1.999903101,15.78747628,40.54848188,8670,1957,1402,72.07581678,16.26901654,11.65516668,35.02813703,30.61506565,34.35679731
6169,WA,95639.7168,2.339303183,14.20528367,40.25748086,14066,460,731,92.19374713,3.015009504,4.791243364,32.54785328,42.11850835,25.33363837
6170,WA,114580.1935,2.785574702,16.79647816,30.09478673,5888,159,139,95.18267055,2.570320078,2.247009376,10.76672104,63.04150807,26.19177089
6171,WA,120219.732,2.728959093,14.16997354,33.47639485,13015,469,62,96.08002362,3.462276687,0.45769969,16.48042381,60.63239798,22.88717821
6172,WA,110936.4929,2.57735426,12.30521225,35.21288838,4612,315,3,93.54969574,6.389452333,0.060851927,22.64987171,53.81385584,23.53627245
6173,WA,141305.6667,2.989394723,10.97046414,32.22748815,4131,55,12,98.40400191,1.310147689,0.285850405,18.61924686,61.66317992,19.71757322
6174,WA,110995.5046,2.613367609,16.63201663,40.74074074,2145,55,0,97.5,2.5,0,15.21394612,59.21817221,25.56788167
6175,WA,125603.4898,2.820165538,12.47947455,35.48387097,1520,0,0,100,0,0,22.5,58.56060606,18.93939394
6176,WA,122823.6857,2.750750751,18.91891892,33.96226415,737,0,0,100,0,0,17.80821918,61.79604262,20.3957382
6180,WA,108006.7681,2.569934641,15.74724173,38.42696629,2520,9,0,99.64412811,0.355871886,0,22.68870031,54.75658776,22.55471192
6181,WA,155890.2563,3.085526316,11.29032258,100,158,0,0,100,0,0,35.94771242,60.13071895,3.921568627
6182,WA,#DIV/0!,#DIV/0!,,,0,0,0,#DIV/0!,#DIV/0!,#DIV/0!,#DIV/0!,#DIV/0!,#DIV/0!
6207,WA,122631.4178,2.78042328,18.93491124,17.24137931,429,0,0,100,0,0,27.36842105,63.42105263,9.210526316
6208,WA,90667.83294,2.206953642,17.13333333,42.89044289,5498,332,14,94.07939767,5.681040383,0.239561944,37.00546448,40.80874317,22.18579235
6209,WA,91760.67971,2.126984127,17.82178218,51.28205128,809,8,3,98.65853659,0.975609756,0.365853659,48.66666667,32.53333333,18.8
6210,WA,88681.70504,2.176951972,15.40053567,45.57409502,29688,5908,1590,79.83649761,15.88769967,4.275802721,36.09843432,35.25240469,28.64916099
6211,WA,97930.80429,2.403994845,16.23686724,45.97402597,3786,161,72,94.20253794,4.005971635,1.791490421,40.85881588,44.24202993,14.8991542
6213,WA,104086.9776,2.236842105,16.36363636,38.23529412,340,0,0,100,0,0,46.8879668,31.12033195,21.99170124
6214,WA,122001.7092,2.518018018,24.05063291,29.16666667,289,0,0,100,0,0,41.17647059,44.3438914,14.47963801
6215,WA,93922.67094,2.171865054,14.66083151,38.65546218,2021,143,0,93.39186691,6.608133087,0,43.15514993,38.33116037,18.5136897
6218,WA,76433.59091,2.009569378,12.96296296,44.44444444,244,4,0,98.38709677,1.612903226,0,35.32338308,36.31840796,28.35820896
6219,WA,100821.03,2.403669725,20,27.27272727,253,0,0,100,0,0,44.66019417,46.11650485,9.223300971
6220,WA,94938.21685,2.174984596,16.03053435,26.79045093,1821,108,0,94.40124417,5.598755832,0,41.61412358,29.88650694,28.49936948
6221,WA,133866.6076,2.766233766,0,33.33333333,88,0,0,100,0,0,52.27272727,23.86363636,23.86363636
6223,WA,163850.4804,2.616666667,31.25,0,60,0,0,100,0,0,33.92857143,50,16.07142857
6224,WA,94027.40955,2.128603104,18.75,40.50632911,518,30,0,94.52554745,5.474452555,0,36.11111111,39.81481481,24.07407407
6225,WA,84927.91915,2.037692747,11.40684411,39.34707904,3942,145,125,93.58974359,3.442545109,2.967711301,42.69039977,37.0002918,20.30930843
6226,WA,141762.1747,2.942176871,10.85271318,32,332,3,0,99.10447761,0.895522388,0,33.67003367,56.56565657,9.764309764
6227,WA,111592.3506,2.68,14.03508772,40.54054054,300,0,0,100,0,0,28.73563218,56.70498084,14.55938697
6228,WA,90734.71296,2.259259259,0,46.66666667,67,0,0,100,0,0,56.60377358,26.41509434,16.98113208
6229,WA,67583.06962,1.646341463,100,43.47826087,46,0,0,100,0,0,46.42857143,15.47619048,38.0952381
6230,WA,96591.08763,2.283255086,13.52930092,36.86337914,15868,3408,808,79.0081657,16.96873133,4.023102968,29.89062962,36.70115282,33.40821756
6232,WA,102172.4557,2.43216203,13.24172392,32.10884354,4192,337,15,92.25352113,7.416373239,0.330105634,29.80842912,48.12260536,22.06896552
6233,WA,110110.417,2.559331555,11.95386229,35.81472291,7649,314,55,95.39785483,3.916188576,0.685956598,30.78562296,48.89899133,20.31538571
6236,WA,118262.842,2.692893401,15.4109589,33.33333333,934,3,0,99.67982924,0.320170758,0,43.57326478,43.70179949,12.72493573
6237,WA,113228.8722,2.602591793,12.66233766,42.85714286,1035,17,0,98.38403042,1.615969582,0,44.85458613,42.95302013,12.19239374
6239,WA,95850.88377,2.361012956,14.51327434,34.1991342,1900,56,7,96.79062659,2.852776363,0.356597045,42.013261,41.04882459,16.93791441
6240,WA,97128.07143,2.617647059,36.36363636,0,77,0,0,100,0,0,47.45762712,37.28813559,15.25423729
6243,WA,58652.44118,2.193548387,33.33333333,0,41,0,0,100,0,0,50,33.33333333,16.66666667
6244,WA,89015.18488,2.23890785,16.2601626,27.05882353,793,8,0,99.00124844,0.998751561,0,54.18894831,25.31194296,20.49910873
6251,WA,75545.41837,2.330188679,24,40,117,0,0,100,0,0,60.57692308,30.76923077,8.653846154
6252,WA,69712.08929,1.963636364,60,44.44444444,78,0,0,100,0,0,59.57446809,29.78723404,10.63829787
6253,WA,73856.08127,2.224832215,26.5625,55.55555556,409,0,4,99.031477,0,0.968523002,55.55555556,30.46594982,13.97849462
6254,WA,72716.26355,1.948113208,12.96296296,17.39130435,281,0,0,100,0,0,42.85714286,33.1797235,23.96313364
6255,WA,82555.27118,2.274155995,17.20647773,36.55462185,2129,67,7,96.64094417,3.041307308,0.317748525,46.28197501,36.70434265,17.01368233
6256,WA,98459.98881,2.525316456,17.85714286,31.81818182,211,3,0,98.59813084,1.401869159,0,61.11111111,23.61111111,15.27777778
6258,WA,82089.43251,2.129083665,15.79731744,34.375,2837,235,31,91.42765066,7.573316146,0.999033194,38.22929417,32.27254182,29.49816401
6260,WA,91835.8259,2.287190083,19.81132075,29.48717949,746,12,0,98.41688654,1.583113456,0,49.78723404,30.63829787,19.57446809
6262,WA,72728.97481,2.158088235,7.01754386,26.47058824,575,0,0,100,0,0,56.06060606,28.40909091,15.53030303
6271,WA,91182.17389,2.385214008,14.44444444,34.82587065,1528,80,0,95.02487562,4.975124378,0,36.05769231,44.79166667,19.15064103
6275,WA,75520.23571,2.14789916,16.53543307,38.54166667,910,19,27,95.18828452,1.987447699,2.824267782,51.26475548,28.83642496,19.89881956
6280,WA,93935.06931,2.322181565,15.74779165,40.4695583,12595,1611,68,88.23735463,11.28625473,0.47639064,37.68453073,35.59094569,26.72452358
6281,WA,113797.4847,2.668244843,17.55319149,40.72580645,4745,520,51,89.25884123,9.78179082,0.959367946,38.23823824,40.44044044,21.32132132
6282,WA,138217.8237,2.929577465,20.14388489,24.3902439,1120,23,16,96.6350302,1.98446937,1.380500431,45.85635359,36.27992634,17.86372007
6284,WA,113105.877,2.802895323,15.69767442,25.16556291,1243,34,4,97.03356753,2.654176425,0.31225605,31.90045249,48.64253394,19.45701357
6285,WA,102085.3147,2.580627408,19.36589546,34.27518428,4567,313,61,92.43068205,6.334750051,1.234567901,32.25806452,40.04920722,27.69272827
6286,WA,96266.17399,2.504950495,11.76470588,31.25,460,0,0,100,0,0,36.61016949,35.25423729,28.13559322
6288,WA,91832.02956,2.322274882,34.09090909,22.22222222,321,0,13,96.10778443,0,3.892215569,43.29896907,31.44329897,25.25773196
6290,WA,67767.95409,1.871007371,33.88429752,48.64864865,1426,99,9,92.95958279,6.453715776,0.586701434,58.72235872,18.7960688,22.48157248
6302,WA,79051.53279,2.133802817,18.57142857,33.17307692,1769,54,13,96.35076253,2.941176471,0.708061002,51.22655123,30.95238095,17.82106782
6304,WA,80016.41158,2.02245509,16.79389313,34.375,912,19,0,97.95918367,2.040816327,0,59.87158909,27.60834671,12.52006421
6306,WA,97185.8619,2.113095238,16.66666667,26.92307692,466,15,0,96.88149688,3.118503119,0,56.91823899,20.75471698,22.32704403
6308,WA,85684.18577,2.122149837,18.60465116,36.95652174,792,8,0,99,1,0,51.04895105,27.27272727,21.67832168
6309,WA,83849.5,2.140495868,0,40,173,0,0,100,0,0,59.82142857,25.89285714,14.28571429
6311,WA,77775.57656,2.268085106,13.7254902,22.22222222,294,0,0,100,0,0,54.05405405,31.08108108,14.86486486
6312,WA,88241.05721,2.125217391,8.232445521,29.004329,2047,187,10,91.22103387,8.333333333,0.445632799,38.1208857,28.9646918,32.9144225
6313,WA,94241.49383,2.446808511,26.31578947,0,133,0,0,100,0,0,56.09756098,34.14634146,9.756097561
6315,WA,85169.03979,2.079779917,13.58024691,31.85185185,859,53,11,93.06608884,5.742145179,1.19176598,50.50359712,27.05035971,22.44604317
6316,WA,80743.94444,2.387323944,21.875,29.62962963,191,0,0,100,0,0,58.59375,24.21875,17.1875
6317,WA,87561.2114,2.022696011,17.39130435,20.05141388,1647,175,9,89.95084653,9.557618788,0.491534681,35.40328337,32.26266952,32.33404711
6318,WA,93458.74522,2.405714286,8.823529412,26.92307692,273,0,0,100,0,0,58.53658537,21.95121951,19.51219512
6320,WA,103357.6469,2.278688525,10.34482759,23.80952381,281,12,0,95.90443686,4.09556314,0,62.19512195,21.95121951,15.85365854
6321,WA,74619.5,2.061111111,25.92592593,32.60869565,248,0,5,98.02371542,0,1.976284585,47.05882353,18.23529412,34.70588235
6322,WA,76523.85135,2.224719101,0,50,117,0,0,100,0,0,67.53246753,23.37662338,9.090909091
6323,WA,78583.51904,2.021176471,20.58823529,46.93877551,554,0,0,100,0,0,54.56730769,32.45192308,12.98076923
6324,WA,85687.16074,2.132298596,14.72392638,34.12698413,1702,28,11,97.7599081,1.608271109,0.631820793,45.30516432,30.28169014,24.41314554
6326,WA,98461.15411,2.416666667,12.82051282,21.42857143,249,0,0,100,0,0,52.60115607,32.3699422,15.02890173
6327,WA,95705.15493,2.43373494,31.57894737,40,134,0,0,100,0,0,53.08641975,28.39506173,18.51851852
6328,WA,93739.13758,2.417721519,12,20,237,0,0,100,0,0,48.03149606,21.25984252,30.70866142
6330,WA,88867.30186,2.257265728,15.35218254,36.57878969,15611,1414,90,91.2123868,8.261758691,0.525854514,39.33290934,33.24853367,27.41855699
6333,WA,81109.90757,2.288633461,19.31818182,46.09929078,3277,221,4,93.57509994,6.310679612,0.114220445,49.69957082,27.51072961,22.78969957
6335,WA,98070.89516,2.262357414,7.01754386,9.259259259,394,0,0,100,0,0,47.15447154,25.6097561,27.23577236
6336,WA,67981.19266,2.365079365,19.04761905,25,204,0,0,100,0,0,54.90196078,21.56862745,23.52941176
6337,WA,102596.6836,2.379888268,0,20,284,8,0,97.26027397,2.739726027,0,31.54761905,23.80952381,44.64285714
6338,WA,86285.88462,2.342657343,10.41666667,29.54545455,585,13,0,97.82608696,2.173913043,0,53.73134328,23.50746269,22.76119403
6341,WA,106981.038,2.444444444,0,0,141,0,3,97.91666667,0,2.083333333,53.01204819,16.86746988,30.12048193
6343,WA,98006.30508,2.653846154,0,0,113,3,0,97.4137931,2.586206897,0,60,10,30
6346,WA,102614.4218,2.295202952,17.07317073,9.433962264,432,11,0,97.51693002,2.483069977,0,44.4015444,21.23552124,34.36293436
6348,WA,98296.48951,2.01986755,14.0625,29.03225806,790,14,15,96.45909646,1.709401709,1.831501832,45.35809019,16.97612732,37.66578249
6350,WA,79563.59375,1.881889764,0,0,169,12,0,93.37016575,6.629834254,0,54.28571429,26.66666667,19.04761905
6351,WA,59999.65385,3.238095238,0,,24,0,0,100,0,0,80,20,0
6352,WA,84972.22727,2.285714286,25,0,78,0,0,100,0,0,58.13953488,16.27906977,25.58139535
6353,WA,106410.9504,2.354166667,7.142857143,16.07142857,367,15,14,92.67676768,3.787878788,3.535353535,48.69888476,23.42007435,27.88104089
6355,WA,128002.1788,2.584795322,0,0,249,9,0,96.51162791,3.488372093,0,61.11111111,18.05555556,20.83333333
6356,WA,88440.125,2.342857143,0,0,78,0,0,100,0,0,56.75675676,13.51351351,29.72972973
6357,WA,91405.75,2.619047619,,0,31,0,0,100,0,0,100,0,0
6358,WA,100634.7941,2.43902439,0,0,48,0,0,100,0,0,53.125,28.125,18.75
6359,WA,111375.5978,2.26984127,0,10,194,8,3,94.63414634,3.902439024,1.463414634,50.71428571,20,29.28571429
6361,WA,53099.5,2.529411765,,,43,0,0,100,0,0,85.71428571,14.28571429,0
6363,WA,97499.5,3.217391304,0,0,46,0,0,100,0,0,77.41935484,9.677419355,12.90322581
6365,WA,93191.39244,2.329896907,0,23.07692308,260,14,0,94.89051095,5.109489051,0,56.98324022,20.67039106,22.34636872
6367,WA,79757.116,2.01459854,0,10.71428571,184,4,0,97.87234043,2.127659574,0,50,16.66666667,33.33333333
6368,WA,89876.77273,2.933333333,0,,36,0,0,100,0,0,70,15,15
6369,WA,98459.63303,2.162895928,0,7.142857143,310,25,0,92.53731343,7.462686567,0,56.42201835,18.34862385,25.2293578
6370,WA,88968.86861,2.111111111,12.5,16.66666667,213,3,0,98.61111111,1.388888889,0,56.71641791,22.3880597,20.89552239
6372,WA,64479.5,2.023809524,20,,60,0,0,100,0,0,56.09756098,34.14634146,9.756097561
6373,WA,134874.5,2.9,,,30,0,0,100,0,0,76,24,0
6375,WA,87717.1173,2.089855072,8.196721311,6.779661017,416,29,0,93.48314607,6.516853933,0,50.5952381,22.32142857,27.08333333
6383,WA,84408.70404,1.950331126,17.07317073,20,465,16,0,96.67359667,3.326403326,0,62.19081272,18.72791519,19.08127208
6384,WA,194999.5,2.928571429,,,6,0,0,100,0,0,100,0,0
6385,WA,416000,2,,,5,0,0,100,0,0,100,0,0
6386,WA,87749.5,2.607142857,,,43,0,0,100,0,0,68.42105263,0,31.57894737
6390,WA,104647.0836,2.347457627,13.51351351,29.49640288,751,37,0,95.30456853,4.695431472,0,34.79020979,33.91608392,31.29370629
6391,WA,113375.0433,2.371273713,15.15151515,18.66666667,489,18,0,96.44970414,3.550295858,0,49.54682779,24.47129909,25.98187311
6392,WA,95226.90741,2.288235294,0,10.71428571,209,11,0,95,5,0,59.73154362,20.80536913,19.46308725
6393,WA,53169.5,2.323529412,0,0,49,0,0,100,0,0,67.74193548,22.58064516,9.677419355
6394,WA,88670.3631,2.565934066,0,18.75,275,0,0,100,0,0,68.58974359,15.38461538,16.02564103
6395,WA,96175.40724,2.203071672,11.11111111,20.13888889,752,46,0,94.23558897,5.764411028,0,43.09090909,24.18181818,32.72727273
6396,WA,91904.68519,2.305555556,30.43478261,0,218,0,0,100,0,0,57.00934579,17.75700935,25.23364486
6397,WA,58741.36047,2,45.45454545,0,68,0,0,100,0,0,50,21.05263158,28.94736842
6398,WA,63016.78777,1.827309237,47.61904762,50.98039216,473,9,0,98.13278008,1.867219917,0,55.01858736,18.58736059,26.39405204
6401,WA,85543.23605,2.074966079,13.92405063,31.33704735,3511,217,20,93.67662753,5.789754536,0.53361793,38.10020877,32.74182324,29.15796799
6403,WA,80123.89024,2.090909091,20.83333333,30,80,0,0,100,0,0,41.42857143,38.57142857,20
6405,WA,73616.64286,2.32173913,11.53846154,44.44444444,180,0,0,100,0,0,53.92156863,32.35294118,13.7254902
6407,WA,95595.80805,2.166666667,13.23529412,19.76744186,448,15,0,96.76025918,3.239740821,0,40.24767802,27.86377709,31.88854489
6409,WA,70632.84959,2.117647059,21.42857143,22.72727273,234,0,0,100,0,0,58.67768595,14.87603306,26.44628099
6410,WA,68677.31339,1.905913978,14.45783133,26.92307692,453,15,20,92.82786885,3.073770492,4.098360656,44.87534626,26.59279778,28.53185596
6411,WA,123468.5476,2.735294118,0,,67,0,0,100,0,0,60.52631579,31.57894737,7.894736842
6412,WA,191285.2143,2.45,,,44,0,0,100,0,0,100,0,0
6413,WA,59326.77273,1.862068966,,0,31,0,0,100,0,0,65.2173913,17.39130435,17.39130435
6414,WA,96055.05556,2.419354839,0,0,37,0,0,100,0,0,61.53846154,23.07692308,15.38461538
6415,WA,89830.8125,2.074975657,8.208955224,24.82517483,1310,88,24,92.12376934,6.188466948,1.687763713,33.75609756,31.51219512,34.73170732
6418,WA,85369.77479,1.972972973,18.36734694,15.78947368,263,18,0,93.59430605,6.40569395,0,53.1120332,21.57676349,25.31120332
6419,WA,81466.16667,1.913043478,0,,26,0,0,100,0,0,77.77777778,22.22222222,0
6420,WA,126904.2619,2.46875,0,,44,0,0,100,0,0,87.09677419,12.90322581,0
6421,WA,124929.5,2.52173913,0,,65,0,0,100,0,0,58.97435897,28.20512821,12.82051282
6422,WA,194999.5,3.333333333,0,,24,0,0,100,0,0,50,30,20
6423,WA,74666.77273,1.909090909,0,0,100,0,0,100,0,0,66.66666667,4.545454545,28.78787879
6424,WA,149499.5,2.409090909,,0,53,0,0,100,0,0,61.53846154,0,38.46153846
6425,WA,128640.4091,2.866666667,100,,43,0,0,100,0,0,67.85714286,21.42857143,10.71428571
6426,WA,88640.41214,1.867313916,7.5,18.18181818,488,45,0,91.55722326,8.442776735,0,42.22222222,19.04761905,38.73015873
6427,WA,116999.5,#DIV/0!,,,11,0,0,100,0,0,0,0,100
6428,WA,116999.5,2.909090909,0,,26,0,0,100,0,0,71.42857143,28.57142857,0
6429,WA,79214.26721,1.813114754,14.0625,21.95121951,425,5,18,94.86607143,1.116071429,4.017857143,41.36807818,24.75570033,33.8762215
6430,WA,141095.6003,2.586097529,8.576709797,14.37573848,7359,1852,207,78.13760883,19.66447229,2.197918879,17.92465301,41.95637806,40.11896894
6431,WA,84117.15508,1.396341463,0,0,237,28,16,84.34163701,9.964412811,5.693950178,14.11042945,2.45398773,83.43558282
6432,WA,113798.2557,2.194094659,9.270704574,20.28571429,2558,453,0,84.9551644,15.0448356,0,23.31340734,41.58838599,35.09820666
6434,WA,97499.5,3,,,3,0,0,100,0,0,100,0,0
6436,WA,94339.5,1.43902439,,29.41176471,64,0,10,86.48648649,0,13.51351351,52.17391304,0,47.82608696
6437,WA,143684.2443,2.144,,0,233,28,0,89.27203065,10.72796935,0,11.57894737,0,88.42105263
6438,WA,101203.4802,1.888324873,13.04347826,10.34482759,303,41,74,72.48803828,9.80861244,17.70334928,35.37735849,12.73584906,51.88679245
6440,WA,90585.87397,1.531073446,0,11.57894737,264,44,4,84.61538462,14.1025641,1.282051282,25.25773196,6.701030928,68.04123711
6442,WA,121569.3718,2.038798498,5.737704918,16.53543307,1077,158,22,85.68019093,12.56961018,1.750198886,24.96909765,36.09394314,38.93695921
6443,WA,67188.99013,1.652985075,33.33333333,5.263157895,535,5,6,97.98534799,0.915750916,1.098901099,52.24913495,11.76470588,35.98615917
6445,WA,91794.02778,2.358490566,0,0,71,0,0,100,0,0,78.57142857,7.142857143,14.28571429
6446,WA,114244.8214,2.480769231,0,0,54,0,0,100,0,0,74.35897436,17.94871795,7.692307692
6447,WA,101299.5,2.919354839,60,,78,0,0,100,0,0,71.42857143,7.142857143,21.42857143
6448,WA,88370.92857,2.342592593,18.51851852,33.33333333,158,0,0,100,0,0,45.71428571,37.14285714,17.14285714
6450,WA,98380.95433,2.220628559,13.34473909,26.9363167,5495,590,143,88.23057161,9.473346179,2.296082209,37.31439638,31.52571552,31.1598881
6452,WA,#DIV/0!,#DIV/0!,,,0,0,0,#DIV/0!,#DIV/0!,#DIV/0!,#DIV/0!,#DIV/0!,#DIV/0!
6460,WA,86482.64706,2.007067138,12.90322581,30.18867925,337,34,0,90.83557951,9.164420485,0,50.95057034,25.47528517,23.57414449
6461,WA,72084.88012,1.955223881,8.695652174,20.58823529,273,8,0,97.15302491,2.846975089,0,45.32019704,26.10837438,28.57142857
6462,WA,98859.96512,2.333333333,0,0,85,0,0,100,0,0,65.85365854,26.82926829,7.317073171
6463,WA,97499.5,3.3,,,16,0,0,100,0,0,43.75,18.75,37.5
6465,WA,65370.92857,2.769230769,,0,34,0,0,100,0,0,75,0,25
6466,WA,50885.21429,2.2,,,20,0,0,100,0,0,100,0,0
6467,WA,363999.5,2.647058824,0,,13,0,0,100,0,0,44.44444444,55.55555556,0
6468,WA,80698.01515,2.5,0,0,94,0,0,100,0,0,68.85245902,14.75409836,16.39344262
6470,WA,#DIV/0!,2,,,7,0,0,100,0,0,100,0,0
6472,WA,118787,2.433333333,0,0,89,0,0,100,0,0,62.5,18.75,18.75
6473,WA,88805.75,2.666666667,,,25,0,0,100,0,0,100,0,0
6475,WA,84624.6963,2.066666667,0,20,238,0,0,100,0,0,63.38028169,14.78873239,21.83098592
6476,WA,38999.7,1.888888889,0,,37,0,0,100,0,0,41.66666667,58.33333333,0
6477,WA,82124.20988,2.318681319,0,23.80952381,156,14,0,91.76470588,8.235294118,0,53.01204819,12.04819277,34.93975904
6479,WA,94130.13265,2.25,0,0,307,3,0,99.03225806,0.967741935,0,56.18556701,17.5257732,26.28865979
6480,WA,#DIV/0!,3.416666667,,,15,0,0,100,0,0,54.54545455,45.45454545,0
6484,WA,101572.8333,1.928571429,,,27,0,0,100,0,0,100,0,0
6485,WA,71375.71958,1.81773399,10.34482759,20,331,6,3,97.35294118,1.764705882,0.882352941,56.38297872,17.55319149,26.06382979
6487,WA,58499.5,2.533333333,,,29,0,0,100,0,0,100,0,0
6488,WA,54644.35345,1.676470588,0,27.27272727,122,5,0,96.06299213,3.937007874,0,59.09090909,18.18181818,22.72727273
6489,WA,46149.5,1.8,,0,84,9,0,90.32258065,9.677419355,0,68.18181818,20.45454545,11.36363636
6490,WA,68203.74648,2.06741573,0,0,131,0,0,100,0,0,61.53846154,15.38461538,23.07692308
6501,WA,114696.6607,2.614420063,16.03053435,18.18181818,374,0,0,100,0,0,33.44051447,56.27009646,10.28938907
6502,WA,94407.19307,2.302600473,20,21.81818182,547,0,20,96.47266314,0,3.527336861,46.42857143,38.33333333,15.23809524
6503,WA,95477.09786,2.376411543,20.46511628,20.90909091,1053,13,0,98.7804878,1.219512195,0,43.18181818,36.89839572,19.9197861
6504,WA,82298.22,2.507042254,0,50,113,0,0,100,0,0,45,36.66666667,18.33333333
6505,WA,75233.54255,2.675675676,,0,65,0,0,100,0,0,70.58823529,20.58823529,8.823529412
6506,WA,69916.8913,2.433333333,0,0,32,0,0,100,0,0,56.52173913,21.73913043,21.73913043
6507,WA,119796.4818,2.580838323,0,20.83333333,183,3,0,98.38709677,1.612903226,0,54.71698113,21.3836478,23.89937107
6509,WA,116379.0455,2.348837209,100,0,59,3,0,95.16129032,4.838709677,0,35.71428571,11.9047619,52.38095238
6510,WA,91844.4239,2.100729927,9.756097561,26.70807453,847,96,0,89.81972428,10.18027572,0,42.34234234,29.72972973,27.92792793
6511,WA,76608.81163,1.883333333,26.47058824,28,539,0,0,100,0,0,60.81081081,22.52252252,16.66666667
6512,WA,60867.41071,2.742857143,50,,40,0,0,100,0,0,82.60869565,17.39130435,0
6513,WA,123128.0982,2.490909091,33.33333333,0,64,0,0,100,0,0,58.82352941,23.52941176,17.64705882
6514,WA,70496.27717,1.802973978,25,31.57894737,632,22,0,96.63608563,3.363914373,0,58.36298932,20.6405694,20.99644128
6515,WA,84177.60952,2.377192982,30,0,204,0,0,100,0,0,59.25925926,25.92592593,14.81481481
6516,WA,85455.1053,2.127741935,15.03267974,30.37974684,1429,63,10,95.13981358,4.194407457,0.665778961,47.03703704,25.80246914,27.16049383
6517,WA,75025.7625,1.942307692,13.63636364,21.62162162,217,3,5,96.44444444,1.333333333,2.222222222,52.17391304,16.66666667,31.15942029
6518,WA,68701.67391,2.068493151,0,57.14285714,151,16,0,90.41916168,9.580838323,0,53.57142857,15.47619048,30.95238095
6519,WA,93606.03,2.112195122,0,9.090909091,281,17,0,94.29530201,5.704697987,0,51.89189189,15.67567568,32.43243243
6521,WA,101552.4559,2.508928571,12,0,144,0,0,100,0,0,48.03921569,29.41176471,22.54901961
6522,WA,110125.7813,2.368794326,25,0,196,3,0,98.49246231,1.507537688,0,63.05732484,19.10828025,17.8343949
6525,WA,87545.87339,2.020350877,18.11320755,40.27303754,1715,229,42,86.35448137,11.53071501,2.114803625,48.79194631,24.22818792,26.97986577
6528,WA,78670.47984,2.204225352,29.41176471,50,175,0,0,100,0,0,46.89655172,32.4137931,20.68965517
6530,WA,95589.0589,2.213256484,12.08151383,30.08638665,12484,2069,423,83.36004274,13.81543803,2.824519231,33.17020571,34.33974784,32.49004645
6532,WA,113914.0763,2.562178388,11.96911197,23.36182336,2693,23,4,99.00735294,0.845588235,0.147058824,36.58947368,43.11578947,20.29473684
6535,WA,80534.00081,2,14.42307692,30,857,11,15,97.05549264,1.245753114,1.698754247,60.92715232,22.18543046,16.88741722
6536,WA,88492.47346,1.913357401,22.10526316,40.57971014,726,190,0,79.25764192,20.74235808,0,53.44444444,15.33333333,31.22222222
6537,WA,92538.14362,1.858757062,35.55555556,32.91139241,472,49,14,88.22429907,9.158878505,2.61682243,55.37294564,8.596713021,36.03034134
6556,WA,122627.1521,2.722701149,17.51592357,49.20634921,794,0,0,100,0,0,32.4127907,56.97674419,10.61046512
6558,WA,104429.178,2.620071685,15.65217391,0,333,3,0,99.10714286,0.892857143,0,35.98484848,56.81818182,7.196969697
6560,WA,93849.72788,2.2027833,15.27093596,28.57142857,626,15,0,97.6599064,2.340093604,0,35.78732106,48.26175869,15.95092025
6562,WA,106523.2347,2.444444444,20.21857923,43.75,604,5,0,99.17898194,0.821018062,0,37.84946237,52.25806452,9.892473118
6564,WA,92478.12595,2.1875,20.37037037,0,165,0,0,100,0,0,41.35338346,47.36842105,11.27819549
6566,WA,83048.09232,2.22999223,16.08579088,37.67123288,1734,12,0,99.31271478,0.687285223,0,47.42014742,38.49303849,14.08681409
6567,WA,78027.38929,2.242774566,20.75471698,36.36363636,248,0,0,100,0,0,47.56097561,42.07317073,10.36585366
6568,WA,100845.4016,2.277777778,20,0,94,0,0,100,0,0,53.75,28.75,17.5
6569,WA,111752.5361,2.11,23.52941176,0,122,0,0,100,0,0,44.94382022,25.84269663,29.21348315
6571,WA,82143.25,2.380952381,,0,43,0,0,100,0,0,51.85185185,0,48.14814815
6572,WA,246999.5,2.666666667,0,0,20,0,0,100,0,0,53.33333333,26.66666667,20
6574,WA,139532.8333,2.806451613,,,29,0,0,100,0,0,100,0,0
6575,WA,57699.5,2.405405405,0,0,51,0,0,100,0,0,75,16.66666667,8.333333333
6603,WA,89022.36241,2.01814059,11.9047619,19.32773109,547,31,0,94.6366782,5.363321799,0,42.92343387,23.66589327,33.41067285
6605,WA,116999.5,2.6875,,,18,0,0,100,0,0,78.57142857,0,21.42857143
6606,WA,56172.08065,2.126984127,0,,66,0,0,100,0,0,83.63636364,16.36363636,0
6608,WA,93166.16667,3.090909091,0,,63,0,0,100,0,0,72.97297297,16.21621622,10.81081081
6609,WA,109313.908,2.347169811,9.677419355,15.71428571,312,21,0,93.69369369,6.306306306,0,35.31746032,32.14285714,32.53968254
6612,WA,101619.5538,2.173076923,0,0,85,0,0,100,0,0,57.62711864,15.25423729,27.11864407
6613,WA,142999.5,2.8125,,,21,0,0,100,0,0,100,0,0
6614,WA,58499.5,2.333333333,,,5,0,0,100,0,0,100,0,0
6616,WA,116999.5,2.6,0,,36,0,0,100,0,0,36.36363636,63.63636364,0
6620,WA,106599.531,2.237623762,0,0,148,0,0,100,0,0,48.45360825,22.68041237,28.86597938
6623,WA,78552.19461,2.119170984,11.11111111,20,231,4,0,98.29787234,1.70212766,0,53.33333333,16.92307692,29.74358974
6625,WA,147332.8333,3.3,,,23,0,0,100,0,0,100,0,0
6627,WA,90349.5,2.863636364,,,25,4,0,86.20689655,13.79310345,0,47.05882353,35.29411765,17.64705882
6628,WA,#DIV/0!,1,,,3,0,0,100,0,0,0,0,100
6630,WA,78918.70707,1.993377483,25,10.34482759,211,7,15,90.55793991,3.004291845,6.43776824,57.8680203,12.18274112,29.94923858
6631,WA,#DIV/0!,2.666666667,,,9,0,0,100,0,0,#DIV/0!,#DIV/0!,#DIV/0!
6632,WA,80166.16667,3.368421053,,,37,0,0,100,0,0,100,0,0
6635,WA,86733.30282,1.75,,29.62962963,69,4,0,94.52054795,5.479452055,0,32.20338983,0,67.79661017
6638,WA,90040.1738,1.890625,0,27.02702703,328,6,0,98.20359281,1.796407186,0,53.59477124,10.45751634,35.94771242
6639,WA,88052.89167,1.80952381,,,57,0,0,100,0,0,80.76923077,0,19.23076923
6640,WA,82029.54688,1.552238806,0,0,128,0,0,100,0,0,54.21686747,6.024096386,39.75903614
6642,WA,82318.37386,1.696969697,0,17.47572816,386,37,25,86.16071429,8.258928571,5.580357143,39.3442623,6.885245902,53.7704918
6646,WA,85106.18571,1.481927711,,53.33333333,209,20,0,91.26637555,8.733624454,0,30.86419753,0,69.13580247
6701,WA,94729.81571,1.991477273,14.23728814,22.95597484,1904,411,87,79.26727727,17.11074105,3.621981682,47.94086589,14.67793031,37.3812038
6705,WA,105849.9685,1.823529412,,0,63,3,0,95.45454545,4.545454545,0,54.73684211,6.315789474,38.94736842
6707,WA,111433.6923,2.325966851,21.25984252,26.62889518,1281,60,86,89.76874562,4.204625088,6.026629292,46.90647482,19.04076739,34.05275779
6710,WA,113834.3089,2.357400722,33.33333333,9.803921569,440,43,60,81.03130755,7.918968692,11.04972376,53.72807018,4.824561404,41.44736842
6712,WA,#DIV/0!,#DIV/0!,,,0,0,0,#DIV/0!,#DIV/0!,#DIV/0!,100,0,0
6713,WA,193305.4845,2.865284974,13.01369863,20.68965517,405,26,121,73.36956522,4.710144928,21.92028986,21.81372549,39.46078431,38.7254902
6714,WA,168997.4834,2.716884144,9.510869565,14.14262821,5402,1154,685,74.60295539,15.93702527,9.460019334,11.12403101,25.27131783,63.60465116
6716,WA,111554.4385,2.034482759,,0,75,61,0,55.14705882,44.85294118,0,37.60683761,7.692307692,54.7008547
6718,WA,73861.16667,1.432432432,15.78947368,25.17985612,214,88,3,70.16393443,28.85245902,0.983606557,17.22488038,9.56937799,73.20574163
6720,WA,164040.1234,2.441860465,10,4.794520548,644,363,16,62.95210166,35.48387097,1.56402737,15.66433566,7.552447552,76.78321678
6721,WA,166917.9072,2.662411348,6.711409396,12.20159151,1334,330,534,60.69153776,15.01364877,24.29481347,21.93968066,11.47250148,66.58781786
6722,WA,147820.2677,2.274670571,10.69518717,12.33456855,3319,1203,494,66.16826156,23.98325359,9.848484848,9.045667447,19.67213115,71.28220141
6725,WA,112835.5384,2.336654589,14.38848921,21.95121951,3550,727,114,80.84718743,16.55659303,2.59621954,33.96065013,19.61077844,46.42857143
6726,WA,123834.4623,2.50922303,18.39378238,23.75168691,1769,328,71,81.59594096,15.12915129,3.274907749,35.15223408,20.28469751,44.56306841
6728,WA,95093.65763,1.722181282,17.34693878,9.043927649,1860,215,0,89.63855422,10.36144578,0,28.613396,8.460634548,62.92596945
6740,WA,92363.57391,1.56185567,0,19.2893401,511,17,5,95.87242026,3.189493433,0.938086304,35.12974052,4.99001996,59.88023952
6743,WA,112220.499,2.197986577,14.9122807,14.97206704,1736,407,207,73.87234043,17.31914894,8.808510638,26.73960613,13.61050328,59.64989059
6751,WA,148739.3584,2.313199105,34.7826087,4.159733777,1283,79,42,91.38176638,5.626780627,2.991452991,22.79179811,3.391167192,73.8170347
6753,WA,157569.4374,2.304157549,4.47761194,6.171428571,2340,143,232,86.1878453,5.267034991,8.545119705,8.819345661,5.618776671,85.56187767
6754,WA,175983.3188,2.159159159,,0,573,20,0,96.62731872,3.372681282,0,3.975535168,0.917431193,95.10703364
6758,WA,88693.83962,1.333333333,,0,58,0,0,100,0,0,35.8974359,0,64.1025641
6760,WA,77954.1179,1.475,,6.779661017,165,8,6,92.17877095,4.469273743,3.351955307,54.90196078,2.450980392,42.64705882
6762,WA,69708.93396,1.333333333,,0,77,3,0,96.25,3.75,0,0,0,100
6765,WA,86113.38403,1.528138528,0,9.324758842,505,70,0,87.82608696,12.17391304,0,12.4015748,1.771653543,85.82677165
6770,WA,80836.87313,1.440721649,0,11.34020619,933,117,15,87.6056338,10.98591549,1.408450704,28.73210634,1.533742331,69.73415133
7000,TAS,117264.9074,2.587935569,9.745454545,34.65811966,4190,832,2024,59.46636389,11.80811808,28.72551802,30.54912339,25.37214687,44.07872974
7004,TAS,116219.6831,2.652583587,11.00412655,35.44877607,2220,622,1008,57.66233766,16.15584416,26.18181818,36.74976916,25.02308403,38.22714681
7005,TAS,128244.0991,2.693873668,12.83055828,43.32509271,4098,830,1119,67.76914172,13.72581445,18.50504382,42.11553474,22.42388759,35.46057767
7007,TAS,124514.6289,2.866929134,12.18274112,37.27598566,1169,163,59,84.04025881,11.71818835,4.24155284,40.25457438,35.00397772,24.74144789
7008,TAS,109530.7006,2.579980751,8.04218853,34.12057178,4366,462,922,75.93043478,8.034782609,16.03478261,33.22336503,32.21424413,34.56239084
7009,TAS,88656.66233,2.250279122,10.93855503,36.01651187,4963,477,442,84.37606256,8.109486569,7.514450867,28.85628292,30.88788563,40.25583145
7010,TAS,79461.77622,2.029286985,14.11205074,36.54648956,6315,408,1288,78.82910997,5.092997129,16.0778929,29.41423767,29.27410314,41.31165919
7011,TAS,82958.06171,2.058785737,12.78538813,40.40021633,5359,333,1148,78.34795322,4.868421053,16.78362573,30.00330797,36.07343698,33.92325504
7012,TAS,98241.02166,2.496732026,15.25423729,15,356,3,0,99.1643454,0.835654596,0,44.82758621,48.62068966,6.551724138
7015,TAS,101177.2496,2.46270962,9.492753623,37.29411765,4479,339,111,90.8703591,6.877662812,2.251978089,42.5,35.64814815,21.85185185
7016,TAS,72397.05851,1.873706004,11.46666667,42.30769231,998,76,0,92.92364991,7.076350093,0,22.89281998,42.03954214,35.06763788
7017,TAS,108269.2326,2.58592042,11.26213592,37.99126638,2265,26,143,93.0566968,1.068200493,5.875102712,37.92494481,50.72847682,11.34657837
7018,TAS,101655.8771,2.399850842,9.776536313,33.31811958,9282,697,205,91.14296936,6.844069128,2.012961508,40.1035487,33.72883184,26.16761946
7019,TAS,80762.70619,2.033288043,14.46480231,49.12764004,3031,181,3,94.27682737,5.629860031,0.093312597,19.44157187,39.15891072,41.39951741
7020,TAS,124222.5695,2.890097933,11.57635468,30.95238095,982,0,7,99.29221436,0,0.707785642,42.85714286,50.87912088,6.263736264
7021,TAS,116187.7371,2.69012605,10.35353535,39.50617284,963,62,0,93.95121951,6.048780488,0,39.9122807,49.45175439,10.63596491
7022,TAS,89197.75146,2.452685422,13.84615385,47.82608696,482,0,0,100,0,0,45.50128535,41.1311054,13.36760925
7023,TAS,92261.51754,2.556886228,25.49019608,53.33333333,289,0,0,100,0,0,44.04761905,37.5,18.45238095
7024,TAS,135550.3016,2.942583732,10.98901099,35.71428571,254,0,0,100,0,0,42.65402844,47.86729858,9.478672986
7025,TAS,99971.42721,2.509776536,14.22413793,35.41666667,748,14,3,97.77777778,1.830065359,0.392156863,47.36091298,37.80313837,14.83594864
7026,TAS,99044.99601,2.381909548,12.35294118,41.50943396,458,0,0,100,0,0,34.29319372,51.83246073,13.87434555
7027,TAS,65326.92593,1.907692308,12.24489796,36.84210526,182,0,0,100,0,0,42.96875,45.3125,11.71875
7030,TAS,83669.21794,2.000847458,13.02572479,47.102526,7906,148,601,91.34604275,1.709994223,6.943963027,27.48815166,39.55191728,32.95993106
7050,TAS,97111.43667,2.487436303,13.18681319,40.92454113,5393,610,144,87.73385391,9.923539938,2.342606149,36.36363636,34.6422808,28.99408284
7052,TAS,112391.7512,2.689951824,9.652928416,36.26943005,2891,136,100,92.45283019,4.349216501,3.19795331,42.62465374,35.69944598,21.67590028
7053,TAS,122439.6535,2.917094644,10.42183623,40.69767442,1443,36,5,97.23719677,2.425876011,0.336927224,51.74242424,33.48484848,14.77272727
7054,TAS,112857.2287,2.733774038,11.21987952,38.91402715,3536,37,13,98.60568879,1.031790296,0.362520915,39.69072165,45.39114615,14.9181322
7055,TAS,104171.8757,2.61352657,16.32653061,44.82758621,206,4,0,98.0952381,1.904761905,0,31.2195122,51.70731707,17.07317073
7109,TAS,90283.32769,2.365579611,14.37308869,37.1541502,4192,92,12,97.57914339,2.141527002,0.279329609,41.71332587,41.99328108,16.29339306
7112,TAS,71549.03025,2.157519601,17.46031746,46.05263158,1830,32,11,97.70421783,1.708489055,0.587293113,49.12790698,32.19476744,18.67732558
7113,TAS,81477.40118,2.257540603,12.39669421,42.02898551,490,0,5,98.98989899,0,1.01010101,49.53271028,33.17757009,17.28971963
7116,TAS,74292.2619,2.113963039,14.76923077,42.06349206,1185,14,7,98.25870647,1.160862355,0.580431177,47.80793319,37.8914405,14.3006263
7117,TAS,71770.77608,1.949367089,10.98901099,56.52173913,560,4,0,99.29078014,0.709219858,0,55.55555556,30.23255814,14.2118863
7119,TAS,64005.38235,1.9375,0,,20,0,0,100,0,0,72.72727273,27.27272727,0
7120,TAS,74788.6,1.974358974,14.0625,41.74757282,952,12,25,96.25884732,1.213346815,2.527805865,50.06802721,32.65306122,17.27891156
7139,TAS,116999.5,2,,,3,0,0,100,0,0,#DIV/0!,#DIV/0!,#DIV/0!
7140,TAS,78070.05203,1.991443616,12.07008436,39.51612903,5281,184,106,94.79447137,3.302818165,1.902710465,38.02408564,38.9161463,23.05976806
7150,TAS,96838.51481,2.490581491,14.1439206,38.53211009,2043,34,7,98.03262956,1.631477927,0.335892514,49.91776316,38.15789474,11.92434211
7155,TAS,92332.56638,2.464480874,14.75409836,41.17647059,400,0,0,100,0,0,53.35195531,35.47486034,11.17318436
7162,TAS,97980.40447,2.551724138,16.12903226,30,288,0,0,100,0,0,57.63358779,30.53435115,11.83206107
7163,TAS,84405.97482,2.374100719,6.52173913,55.55555556,193,0,0,100,0,0,53.38345865,44.36090226,2.255639098
7170,TAS,134786.9599,2.928607595,9.212121212,32.43243243,2009,4,8,99.40623454,0.197921821,0.395843642,43.8696327,48.88773927,7.242628039
7171,TAS,91892.16761,2.343770819,12.06349206,41.5625,1556,55,6,96.22758194,3.401360544,0.371057514,29.60969044,47.30820996,23.0820996
7172,TAS,85618.71169,2.157251019,12.305026,43.05177112,1837,51,0,97.29872881,2.701271186,0,37.23150358,38.48448687,24.28400955
7173,TAS,86157.31954,2.294259196,15.0084317,47.66839378,4055,8,0,99.80310116,0.196898843,0,37.77315297,47.1383975,15.08844953
7174,TAS,88321.88806,2.028169014,16.12903226,37.5,86,0,0,100,0,0,46.15384615,46.15384615,7.692307692
7175,TAS,90006.44444,2.342857143,0,0,118,0,0,100,0,0,65.33333333,22.66666667,12
7176,TAS,89782.47872,2.547169811,0,,69,0,0,100,0,0,54.38596491,45.61403509,0
7177,TAS,80821.26471,2.094444444,8.333333333,37.5,237,5,0,97.9338843,2.066115702,0,54.38596491,33.91812865,11.69590643
7178,TAS,57593.47348,2.032467532,8.571428571,0,288,0,0,100,0,0,59.31034483,32.4137931,8.275862069
7179,TAS,72431.96073,2.031088083,30.23255814,80,441,0,0,100,0,0,59.60591133,26.10837438,14.28571429
7180,TAS,41426.225,1.6,20,0,122,6,0,95.3125,4.6875,0,60.49382716,25.92592593,13.58024691
7182,TAS,62104.06439,1.8,0,50,298,0,0,100,0,0,56.03448276,18.96551724,25
7183,TAS,29528.07143,2.15,44.44444444,,32,0,0,100,0,0,38.0952381,33.33333333,28.57142857
7184,TAS,55556.85462,1.832041344,28.57142857,55.38461538,855,25,6,96.50112867,2.821670429,0.677200903,52.75,26,21.25
7185,TAS,76348.14865,1.982142857,0,0,81,0,0,100,0,0,66.10169492,16.94915254,16.94915254
7186,TAS,66398.25316,1.743902439,0,0,221,0,0,100,0,0,71.60493827,18.51851852,9.87654321
7187,TAS,56098.13889,1.833333333,26.66666667,50,99,0,0,100,0,0,64.78873239,25.35211268,9.85915493
7190,TAS,71304.29239,1.892276423,18.63799283,35.39823009,2945,67,5,97.61352337,2.220749088,0.165727544,57.40120563,23.50971199,19.08908238
7209,TAS,59975.77966,1.856382979,12.5,21.875,224,5,6,95.31914894,2.127659574,2.553191489,58.33333333,19.04761905,22.61904762
7210,TAS,66325.99548,1.785087719,18.08510638,40.47619048,568,48,20,89.3081761,7.547169811,3.144654088,50.57208238,25.40045767,24.02745995
7211,TAS,97923.44565,1.913461538,22.72727273,0,112,6,0,94.91525424,5.084745763,0,46.83544304,27.84810127,25.3164557
7212,TAS,86357.50151,2.232142857,10.5,35.57692308,798,6,34,95.22673031,0.715990453,4.057279236,49.71428571,32.71428571,17.57142857
7213,TAS,58036.78814,1.598360656,0,25,183,0,0,100,0,0,66.34615385,15.38461538,18.26923077
7214,TAS,52715.02519,1.636363636,13.7254902,25.92592593,305,10,0,96.82539683,3.174603175,0,60.6741573,23.59550562,15.73033708
7215,TAS,71155.37716,1.934202727,15.97444089,38.53820598,2978,34,41,97.54339993,1.113658696,1.342941369,54.49341729,22.6101889,22.89639382
7216,TAS,63832.68758,1.799620733,18.02721088,43.82716049,2377,144,89,91.07279693,5.517241379,3.409961686,53.70828183,21.94066749,24.35105068
7248,TAS,72768.82286,1.901234568,11.83673469,37.50943396,5642,1268,296,78.29586456,17.5964474,4.107688038,25.917615,26.5747716,47.5076134
7249,TAS,88109.20282,2.204723042,9.550881182,32.67716535,5114,640,619,80.24478268,10.04236623,9.712851091,29.83594736,35.02794303,35.13610961
7250,TAS,93873.01113,2.281808009,9.303882195,35.74130787,18425,1909,2478,80.76889356,8.368402595,10.86270384,36.645532,33.01961561,30.33485239
7252,TAS,99047.8191,2.472222222,12.56410256,32.94117647,1457,0,0,100,0,0,51.95277021,40.05449591,7.992733878
7253,TAS,65226.2165,1.710037175,11.51385928,41.30434783,2199,309,37,86.40471513,12.14145383,1.453831041,40.5418251,24.66730038,34.79087452
7254,TAS,75105.72599,2.128712871,13.84615385,28.57142857,297,0,0,100,0,0,52.26130653,36.18090452,11.55778894
7255,TAS,79494.36176,1.979274611,11.53846154,23.75,616,13,0,97.93322734,2.066772655,0,55.43478261,15.76086957,28.80434783
7256,TAS,92084.60697,2.112654321,12.30769231,23.13432836,840,34,6,95.45454545,3.863636364,0.681818182,46.67774086,25.58139535,27.74086379
7257,TAS,65721.72222,1.322580645,,0,34,0,0,100,0,0,54.54545455,0,45.45454545
7258,TAS,143856.8111,2.83625731,11.50442478,33.33333333,379,0,3,99.21465969,0,0.785340314,54.21686747,36.74698795,9.036144578
7259,TAS,91960.06667,2.384615385,13.1147541,0,219,0,0,100,0,0,50,40.32258065,9.677419355
7260,TAS,70767.0923,1.911874533,15.43026706,34.64566929,1457,68,12,94.7950553,4.424202993,0.780741705,45.64541213,31.64852255,22.70606532
7261,TAS,59814.3125,1.792079208,23.07692308,0,135,0,0,100,0,0,52.08333333,32.29166667,15.625
7262,TAS,82679.51034,2.072559367,11,34.30656934,1267,25,35,95.47852298,1.883948757,2.637528259,46.84563758,31.00671141,22.14765101
7263,TAS,68258.25336,1.903474903,24.56140351,27.77777778,303,0,0,100,0,0,51.70940171,29.48717949,18.8034188
7264,TAS,60432.26991,1.792207792,15.78947368,36.36363636,697,0,0,100,0,0,62.44343891,22.62443439,14.9321267
7265,TAS,56713.78571,1.959183673,18.51851852,40,118,3,0,97.52066116,2.479338843,0,53.60824742,25.77319588,20.6185567
7267,TAS,98653.38178,2.512195122,16.66666667,27.27272727,329,0,0,100,0,0,45.13888889,47.56944444,7.291666667
7268,TAS,79686.58989,2.354523227,13.63636364,32.5,479,3,0,99.37759336,0.622406639,0,48.34605598,39.18575064,12.46819338
7270,TAS,69040.81722,1.92884097,16.07515658,50.72992701,2489,0,30,98.80905121,0,1.190948789,52.44988864,30.56792873,16.98218263
7275,TAS,84220.70615,2.281130634,15.74279379,47.32824427,1493,10,0,99.33466401,0.665335995,0,47.7326969,40.57279236,11.69451074
7276,TAS,89878.81034,2.261044177,11.62790698,32.25806452,286,3,0,98.96193772,1.038062284,0,40.83333333,42.08333333,17.08333333
7277,TAS,100105.2138,2.523012552,10.38374718,36.80555556,2513,34,30,97.51649205,1.319363601,1.164144354,44.86692015,41.86734263,13.26573722
7290,TAS,90627.04738,2.219768665,9.711286089,44.04761905,862,120,33,84.92610837,11.8226601,3.251231527,34.55882353,45.58823529,19.85294118
7291,TAS,92653.52455,2.483018868,14.95327103,31.81818182,287,3,0,98.96551724,1.034482759,0,38.25757576,46.21212121,15.53030303
7292,TAS,107546.5747,2.466367713,12.5,35.29411765,271,0,0,100,0,0,43.63636364,37.72727273,18.63636364
7300,TAS,91502.87895,2.285994764,11.07544141,32.40740741,1459,10,169,89.07203907,0.610500611,10.31746032,37.3164219,46.06141522,16.62216288
7301,TAS,81355.90163,2.072717622,10.68139963,35.64356436,1868,94,161,87.98869524,4.427696656,7.583608102,41.74386921,33.02452316,25.23160763
7302,TAS,82478.9222,2.146564885,14.4278607,32.77310924,770,0,0,100,0,0,40,36.48,23.52
7303,TAS,78283.82161,2.111390285,14.74926254,37.03703704,1275,59,7,95.07829978,4.399701715,0.521998509,46.74099485,32.59005146,20.66895369
7304,TAS,75500.79923,2.053672316,10.63829787,33.33333333,3040,100,6,96.63064209,3.178639542,0.190718373,50.2283105,27.97841428,21.79327522
7305,TAS,72371.87829,1.954261954,15.49295775,27.84810127,548,5,4,98.38420108,0.897666068,0.718132855,46.18644068,35.80508475,18.00847458
7306,TAS,79531.03595,2.130959949,16.59836066,32.16374269,1767,81,0,95.61688312,4.383116883,0,50.28827675,35.81037796,13.90134529
7307,TAS,82907.1302,2.0657277,11.57154027,36.08786611,5133,309,33,93.75342466,5.643835616,0.602739726,44.74539545,31.87432286,23.38028169
7310,TAS,79083.99066,2.000429369,9.592399632,38.08463252,11383,1477,39,88.24715094,11.45050004,0.302349019,37.08286137,31.94214516,30.97499347
7315,TAS,78569.84285,2.010349694,9.953434226,43.42813221,6296,709,37,89.40641863,10.06816245,0.525418915,45.00638162,31.4932993,23.50031908
7316,TAS,90509.4514,2.253016895,10.74168798,35.91022444,2592,147,8,94.35748089,5.351292319,0.291226793,43.599335,38.02992519,18.37073982
7320,TAS,80030.70092,1.972715646,8.608923885,38.20775747,7028,787,200,87.68558952,9.819089208,2.495321273,32.84524835,31.10824002,36.04651163
7321,TAS,88395.91038,2.200530504,10.78431373,28.50877193,2573,14,3,99.34362934,0.540540541,0.115830116,45.85339754,39.16532905,14.98127341
7322,TAS,76256.77934,1.899174528,12.10045662,41.23222749,1701,131,13,92.19512195,7.100271003,0.704607046,41.68660287,30.38277512,27.93062201
7325,TAS,79478.04832,2.038197307,10.15779093,36.83544304,3812,301,14,92.36733705,7.293433487,0.339229465,42.64255911,32.93463143,24.42280946
7330,TAS,83665.23625,2.008924949,8.839779006,27.42616034,2997,130,25,95.08248731,4.124365482,0.793147208,39.06935909,35.86479368,25.06584723
7331,TAS,90244.3195,2.077821012,9.523809524,37.03703704,309,14,11,92.51497006,4.191616766,3.293413174,46.82539683,27.77777778,25.3968254
7466,TAS,46681.31818,1.4,,,31,0,0,100,0,0,66.66666667,33.33333333,0
7467,TAS,69454.18333,1.673568819,6.578947368,31.57894737,1103,21,58,93.31641286,1.776649746,4.906937394,51.46124524,23.25285896,25.28589581
7468,TAS,81331.0209,1.910652921,9.589041096,19.71830986,474,3,65,87.45387454,0.553505535,11.99261993,37.37024221,28.02768166,34.60207612
7469,TAS,72898.59604,1.628318584,9.090909091,21.95121951,565,60,7,89.39873418,9.493670886,1.107594937,43.45238095,25.29761905,31.25
7470,TAS,83689.73184,1.659574468,0,7.317073171,459,34,6,91.98396794,6.813627255,1.20240481,46.76056338,16.90140845,36.33802817
800,NT,131267.6866,2.4846543,15.42288557,22.42063492,29,3,4066,0.707662274,0.073206442,99.21913128,7.895574658,14.32664756,77.77777778
810,NT,129450.3068,2.690356648,12.83848359,20.51225919,8247,1611,3420,62.11025757,12.13285133,25.7568911,21.46863405,31.667961,46.86340495
812,NT,118680.764,2.515614834,13.82038157,28.34342323,5439,682,914,77.31343284,9.694385217,12.99218195,24.90712324,40.17121628,34.92166047
820,NT,138121.4475,2.672585133,12.21928666,17.87143238,2785,1977,4219,31.00990981,22.01313885,46.97695134,18.13929314,23.25883576,58.6018711
822,NT,93599.75434,1.70631068,17.72525849,12.74214378,6479,404,124,92.46467818,5.765662909,1.769658913,23.32239241,16.08315098,60.5944566
828,NT,124347.8612,2.611904762,20.56737589,23.47826087,314,139,13,67.38197425,29.82832618,2.789699571,28.42535787,35.17382413,36.400818
829,NT,102233.9083,1.854368932,0,30,42,0,0,100,0,0,56.64556962,6.962025316,36.39240506
830,NT,116704.1202,2.426863227,12.19858156,27.33504713,5590,575,1229,75.60183933,7.776575602,16.62158507,12.6446281,41.17355372,46.18181818
832,NT,132727.6834,2.700459318,13.68773545,23.27365729,5137,867,1061,72.71054494,12.27176221,15.01769285,7.026034713,45.94459279,47.0293725
834,NT,142232.8105,2.798960139,14.61187215,27.77777778,661,0,5,99.24924925,0,0.750750751,34.44259567,45.42429285,20.13311148
835,NT,140159.649,2.773584906,13.61256545,25.83333333,1118,20,0,98.24253076,1.757469244,0,39.30058285,41.04912573,19.65029142
836,NT,146983.7088,2.817443352,15.93695271,28.16901408,2861,70,6,97.4123255,2.383384406,0.204290092,23.95698925,61.03225806,15.01075269
837,NT,96612.45,2.078014184,21.27659574,19.04761905,189,0,0,100,0,0,48.35164835,32.96703297,18.68131868
838,NT,116544.0663,2.456273764,14.67889908,43.75,335,3,0,99.11242604,0.887573964,0,34.17721519,44.30379747,21.51898734
839,NT,83475.114,1.62962963,0,28.27586207,26,67,136,11.35371179,29.25764192,59.38864629,31.5018315,10.25641026,58.24175824
840,NT,69832.84615,1.632978723,26.66666667,30.76923077,497,0,0,100,0,0,65.09090909,19.63636364,15.27272727
841,NT,95378.83333,2.285046729,20.43010753,30.43478261,288,0,0,100,0,0,37.6146789,49.5412844,12.8440367
845,NT,85180.81283,1.80952381,17.64705882,29.8245614,186,34,8,81.57894737,14.9122807,3.50877193,28.24858757,18.6440678,53.10734463
846,NT,74381.86616,1.648648649,43.75,35,134,0,0,100,0,0,63.93442623,15.84699454,20.21857923
847,NT,97666.64286,1.673913043,38.46153846,11.42857143,110,22,3,81.48148148,16.2962963,2.222222222,44.68085106,9.929078014,45.39007092
850,NT,113796.4662,2.355246523,12.96660118,18.359375,2373,639,90,76.49903288,20.59961315,2.901353965,25.062927,23.15713772,51.77993528
852,NT,93564.0256,1.581736909,19.11764706,7.343941248,1830,195,47,88.32046332,9.411196911,2.268339768,41.35723431,5.932565087,52.7102006
853,NT,158322.4508,2.663366337,,1.754385965,206,0,0,100,0,0,0,0,100
854,NT,82604.18224,1.380681818,,6.060606061,234,27,3,88.63636364,10.22727273,1.136363636,23.39181287,1.754385965,74.85380117
860,NT,100081.0381,1.935691318,11.2244898,18.67321867,985,159,84,80.21172638,12.94788274,6.840390879,19.89071038,12.89617486,67.21311475
862,NT,89840.64309,1.726666667,,40,251,5,0,98.046875,1.953125,0,66.52719665,4.184100418,29.28870293
870,NT,125562.3571,2.593700787,10.28416779,21.3001912,5151,2666,350,63.07089507,32.64356557,4.285539366,16.99440218,36.81642027,46.18917755
873,NT,106115.3089,2.331730769,11.68224299,20.57761733,737,90,63,82.80898876,10.11235955,7.078651685,41.72661871,22.38209432,35.89128697
874,NT,138730.6628,2.632743363,9.677419355,13.25301205,68,164,113,19.71014493,47.53623188,32.75362319,11.45833333,22.91666667,65.625
875,NT,119091.9916,2.41745283,12.7388535,23.75,697,303,0,69.7,30.3,0,10.83032491,42.23826715,46.93140794
880,NT,140134.1286,2.260416667,28.57142857,6.607142857,1377,156,107,83.96341463,9.512195122,6.524390244,6.666666667,2.62295082,90.71038251
885,NT,174561.6891,2.581395349,,0,277,32,28,82.1958457,9.495548961,8.308605341,6.748466258,0,93.25153374
886,NT,114654.4903,2.21031746,0,3.90625,289,146,44,60.33402923,30.48016701,9.185803758,28.85714286,2,69.14285714
2600,ACT,181514.005,3.021841795,12.85046729,22.33009709,1884,692,1404,47.33668342,17.38693467,35.27638191,40.70185963,28.52429514,30.77384523
2601,ACT,137474.7024,2.67815453,12.64044944,34.25572519,0,0,2490,0,0,100,15.31049251,20.39614561,64.29336188
2602,ACT,146146.8528,2.862723541,9.114769745,24.99469552,8254,3522,3523,53.95123864,23.02111249,23.02764887,27.55952381,33.59375,38.84672619
2603,ACT,184623.1414,3.12116041,12.67489712,19.28353659,2128,548,2201,43.63338118,11.23641583,45.13020299,31.27742565,32.95953194,35.76304242
2604,ACT,155917.3465,2.898970511,8.855421687,22.18959732,1991,623,4371,28.50393701,8.919112384,62.57695061,21.76491106,32.08929194,46.145797
2605,ACT,171575.8709,3.039264639,6.964809384,18.57555342,3537,601,691,73.24497826,12.44564092,14.30938082,39.1966759,34.00277008,26.80055402
2606,ACT,133380.3788,2.758445946,9.728363866,22.20623501,1914,1644,2539,31.39248811,26.9640807,41.6434312,23.78863029,32.69744372,43.51392598
2607,ACT,154328.3368,2.921455594,9.848484848,21.11650485,4212,1333,581,68.75612145,21.7597127,9.48416585,39.51582868,35.23277467,25.25139665
2609,ACT,84223.64987,1.795148248,27.27272727,30.76923077,221,39,0,85,15,0,52.27882038,4.557640751,43.16353887
2612,ACT,149103.6534,2.842890329,9.368932039,25.38287723,1884,1396,6809,18.67380315,13.83685202,67.48934483,19.1965916,27.01156421,53.79184419
2614,ACT,141393.8659,2.853389722,8.091286307,25.86482171,6157,1585,881,71.40206425,18.38107387,10.21686188,38.84760787,34.01121105,27.14118107
2615,ACT,131769.44,2.808416131,10.10617381,27.09880069,15587,2556,322,84.41375575,13.84240455,1.743839697,28.257011,48.8581233,22.8848657
2617,ACT,132055.4452,2.771602378,10.99208197,27.84154017,7608,3571,4884,47.36350619,22.23121459,30.40527921,25.58401351,32.66957501,41.74641148
2900,ACT,111824.7905,2.47639485,14.55882353,26.66666667,77,766,1589,3.166118421,31.49671053,65.33717105,23.57001972,35.99605523,40.43392505
2902,ACT,132963.2713,2.755140507,10.41284404,26.56529517,5323,870,132,84.15810277,13.75494071,2.086956522,36.66841278,41.57499563,21.75659158
2903,ACT,136941.8635,2.81185567,9.415337889,24.92668622,3368,381,28,89.17129997,10.08737093,0.741329097,36.10629694,42.02772964,21.86597343
2904,ACT,149400.2169,2.938895912,8.346624136,26.4847512,4640,347,51,92.1000397,6.887653831,1.012306471,40,44.80874317,15.19125683
2905,ACT,135031.9001,2.770031116,10.84022638,25.05154639,9293,1418,269,84.63570128,12.9143898,2.449908925,29.20249036,49.73811641,21.05939322
2906,ACT,140920.7501,2.833124019,9.328358209,27.86579683,4996,1456,272,74.3010113,21.65377751,4.045211184,25.78174856,55.47223995,18.74601149
2911,ACT,162908.83,3.133333333,10.44776119,21.64750958,1226,274,287,68.60660325,15.33296027,16.06043649,14.11617739,50.1561524,35.72767021
2912,ACT,132227.7869,2.745330012,13.18565401,26.00502513,1264,618,1753,34.77303989,17.00137552,48.22558459,13.9272271,32.65370138,53.41907152
2913,ACT,145201.9441,2.986411859,11.32355365,24.03740374,9989,3642,1144,67.60744501,24.64974619,7.742808799,21.57746895,48.87640449,29.54612655
2914,ACT,160911.857,3.204537037,12.0059106,22.55211623,8150,2141,1275,70.46515649,18.51115338,11.02369013,12.39846886,55.13957614,32.461955
2899,OT,78156.15935,2.087973274,20,25.87719298,1158,22,26,96.0199005,1.824212272,2.155887231,43.31797235,25.34562212,31.33640553
6798,OT,123672.4466,2.123222749,6,11.17318436,253,141,200,42.59259259,23.73737374,33.67003367,29.35064935,15.32467532,55.32467532
6799,OT,135443.25,1.975609756,,5.172413793,178,0,4,97.8021978,0,2.197802198,12.74509804,0,87.25490196
872,NT,84438.93407,1.4063593,23.07692308,5.18018018,3966,628,256,81.77319588,12.94845361,5.278350515,18.05346951,1.411835386,80.5346951
2406,NSW,85464.57205,2.012,0,21.31147541,400,43,0,90.29345372,9.706546275,0,45.45454545,18.18181818,36.36363636
2540,NSW,87339.20543,2.189288019,17.82286213,43.61961528,24359,1753,574,91.28007195,6.568987484,2.150940568,47.88008097,29.20291044,22.91700859
2611,ACT,152026.8421,3.014001638,9.267715204,24.02173913,9963,2565,2142,67.91411043,17.48466258,14.60122699,28.84426663,48.04861478,23.10711859
2618,ACT,176321.2642,3.098173516,9.836065574,21.31147541,481,15,3,96.39278557,3.006012024,0.601202405,48.78640777,33.25242718,17.96116505
2620,NSW,132921.5442,2.691396434,10.95976202,27.66765078,12406,3151,3311,65.75153699,16.7002332,17.54822981,25.90642213,42.67296169,31.42061619
3644,VIC,79764.17857,2.002168609,13.90374332,34.27866831,4032,330,23,91.94982896,7.525655644,0.524515393,43.96551724,29.47719689,26.55728587
3691,VIC,117551.3015,2.799560547,11.19276427,24.02957486,4508,24,0,99.47043248,0.52956752,0,34.30379747,50.02531646,15.67088608
3707,VIC,79380.52479,2.051420839,11.80124224,28.88888889,899,10,8,98.03707743,1.090512541,0.872410033,53.88967468,26.1669024,19.94342291
4375,QLD,64263.65094,2.069444444,0,0,113,0,0,100,0,0,44.87179487,30.76923077,24.35897436
4377,QLD,76766.95991,2.079812207,13.33333333,32.25806452,285,4,0,98.61591696,1.384083045,0,48.84792627,33.1797235,17.97235023
4380,QLD,73791.06323,2.005957981,15.04787962,42.31843575,3687,271,71,91.51154133,6.726234798,1.762223877,47.39533397,26.3662512,26.23841483
4383,QLD,51606.37298,1.572490706,29.41176471,46.55172414,356,0,0,100,0,0,54.92424242,21.96969697,23.10606061
4385,QLD,61882.92031,1.783505155,10.52631579,29.41176471,599,14,10,96.14767255,2.247191011,1.605136437,53.20910973,21.11801242,25.67287785
4825,QLD,124766.476,2.310214969,7.031736154,14.90895296,6062,1570,503,74.5175169,19.29932391,6.183159189,20.80711984,29.66088691,49.53199325
